============================================================
币种涨跌变化追踪采集器启动
============================================================
[初始化] 获取今日开盘价作为基准...
[开盘价] BTC: 71450.0
[开盘价] ETH: 2092.96
[开盘价] XRP: 1.4152
[开盘价] BNB: 659.1
[开盘价] SOL: 87.85
[开盘价] LTC: 55.05
[开盘价] DOGE: 0.09493
[开盘价] SUI: 0.9999
[开盘价] TRX: 0.29857
[开盘价] TON: 1.296
[开盘价] ETC: 8.278
[开盘价] BCH: 462.2
[开盘价] HBAR: 0.09522
[开盘价] XLM: 0.16703
[开盘价] FIL: 0.8849
[开盘价] LINK: 9.15
[开盘价] CRO: 0.07761
[开盘价] DOT: 1.415
[开盘价] AAVE: 112.76
[开盘价] UNI: 3.953
[开盘价] NEAR: 1.3363
[开盘价] APT: 0.9188
[开盘价] CFX: 0.0602
[开盘价] CRV: 0.2358
[开盘价] STX: 0.2532
[开盘价] LDO: 0.3007
[开盘价] TAO: 275.6
[保存] 基准价格已保存到 /home/user/webapp/data/coin_change_tracker/baseline_20260316.json

[2026-03-16 01:10:20] 开始采集...
[价格] BTC: 71444.0
[价格] ETH: 2093.9
[价格] XRP: 1.4156
[价格] BNB: 659.2
[价格] SOL: 87.7
[价格] LTC: 55.04
[价格] DOGE: 0.09498
[价格] SUI: 1.0019
[价格] TRX: 0.29848
[价格] TON: 1.297
[价格] ETC: 8.282
[价格] BCH: 461.7
[价格] HBAR: 0.09558
[价格] XLM: 0.16734
[价格] FIL: 0.8852
[价格] LINK: 9.157
[价格] CRO: 0.07731
[价格] DOT: 1.42
[价格] AAVE: 113.85
[价格] UNI: 3.97
[价格] NEAR: 1.3455
[价格] APT: 0.9244
[价格] CFX: 0.06068
[价格] CRV: 0.2394
[价格] STX: 0.2544
[价格] LDO: 0.3023
[价格] TAO: 277.7
[RSI] 开始采集5分钟RSI数据...
[RSI] BTC: 42.22
[RSI] ETH: 47.83
[RSI] XRP: 46.15
[RSI] BNB: 47.62
[RSI] SOL: 41.51
[RSI] LTC: 43.33
[RSI] DOGE: 53.57
[RSI] SUI: 49.13
[RSI] TRX: 58.82
[RSI] TON: 55.56
[RSI] ETC: 46.51
[RSI] BCH: 38.64
[RSI] HBAR: 54.4
[RSI] XLM: 48.11
[RSI] FIL: 54.11
[RSI] LINK: 50.0
[RSI] CRO: 38.71
[RSI] DOT: 54.55
[RSI] AAVE: 62.85
[RSI] UNI: 58.11
[RSI] NEAR: 58.81
[RSI] APT: 59.59
[RSI] CFX: 52.28
[RSI] CRV: 66.67
[RSI] STX: 59.18
[RSI] LDO: 57.14
[RSI] TAO: 58.82
[RSI] 成功采集 27/27 个币种，RSI之和: 1404.22
[保存] RSI数据已写入 /home/user/webapp/data/coin_change_tracker/rsi_20260316.jsonl
✅ [数据完整] 成功获取全部 27/27 个币种的数据
[保存] 数据已写入 /home/user/webapp/data/coin_change_tracker/coin_change_20260316.jsonl
[统计] 总涨跌幅: 7.56%, 币种数: 27, 上涨占比: 77.8% (21↑/6↓), RSI之和: 1404.22
[等待] 下次采集时间: 01:11:20

[2026-03-16 01:11:39] 开始采集...
[价格] BTC: 71440.0
[价格] ETH: 2094.24
[价格] XRP: 1.4157
[价格] BNB: 659.1
[价格] SOL: 87.71
[价格] LTC: 55.04
[价格] DOGE: 0.09499
[价格] SUI: 1.0016
[价格] TRX: 0.29848
[价格] TON: 1.298
[价格] ETC: 8.28
[价格] BCH: 461.8
[价格] HBAR: 0.09557
[价格] XLM: 0.16732
[价格] FIL: 0.8848
[价格] LINK: 9.157
[价格] CRO: 0.07731
[价格] DOT: 1.419
[价格] AAVE: 113.95
[价格] UNI: 3.968
[价格] NEAR: 1.3462
[价格] APT: 0.9249
[价格] CFX: 0.06056
[价格] CRV: 0.2397
[价格] STX: 0.2544
[价格] LDO: 0.3023
[价格] TAO: 277.1
✅ [数据完整] 成功获取全部 27/27 个币种的数据
[保存] 数据已写入 /home/user/webapp/data/coin_change_tracker/coin_change_20260316.jsonl
[保存] 涨速数据已写入 /home/user/webapp/data/coin_change_tracker/velocity_20260316.jsonl
[统计] 总涨跌幅: 7.32%, 5分钟涨速: -0.24%, 币种数: 27, 上涨占比: 73.1% (19↑/7↓)
[等待] 下次采集时间: 01:12:39

[2026-03-16 01:12:49] 开始采集...
[价格] BTC: 71439.0
[价格] ETH: 2093.8
[价格] XRP: 1.4146
[价格] BNB: 659.1
[价格] SOL: 87.69
[价格] LTC: 55.03
[价格] DOGE: 0.09496
[价格] SUI: 1.0008
[价格] TRX: 0.29848
[价格] TON: 1.298
[价格] ETC: 8.281
[价格] BCH: 461.8
[价格] HBAR: 0.0955
[价格] XLM: 0.16724
[价格] FIL: 0.8846
[价格] LINK: 9.154
[价格] CRO: 0.07726
[价格] DOT: 1.42
[价格] AAVE: 113.93
[价格] UNI: 3.967
[价格] NEAR: 1.3442
[价格] APT: 0.9245
[价格] CFX: 0.06058
[价格] CRV: 0.2397
[价格] STX: 0.2542
[价格] LDO: 0.3023
[价格] TAO: 277.0
✅ [数据完整] 成功获取全部 27/27 个币种的数据
[保存] 数据已写入 /home/user/webapp/data/coin_change_tracker/coin_change_20260316.jsonl
[保存] 涨速数据已写入 /home/user/webapp/data/coin_change_tracker/velocity_20260316.jsonl
[统计] 总涨跌幅: 6.59%, 5分钟涨速: -0.97%, 币种数: 27, 上涨占比: 69.2% (18↑/8↓)
[等待] 下次采集时间: 01:13:49

[2026-03-16 01:13:58] 开始采集...
[价格] BTC: 71445.4
[价格] ETH: 2094.03
[价格] XRP: 1.4153
[价格] BNB: 659.2
[价格] SOL: 87.7
[价格] LTC: 55.04
[价格] DOGE: 0.09497
[价格] SUI: 1.0011
[价格] TRX: 0.29844
[价格] TON: 1.298
[价格] ETC: 8.281
[价格] BCH: 461.6
[价格] HBAR: 0.09552
[价格] XLM: 0.16724
[价格] FIL: 0.8847
[价格] LINK: 9.156
[价格] CRO: 0.07722
[价格] DOT: 1.42
[价格] AAVE: 113.86
[价格] UNI: 3.968
[价格] NEAR: 1.3438
[价格] APT: 0.9249
[价格] CFX: 0.0606
[价格] CRV: 0.2397
[价格] STX: 0.2541
[价格] LDO: 0.3024
[价格] TAO: 277.7
✅ [数据完整] 成功获取全部 27/27 个币种的数据
[保存] 数据已写入 /home/user/webapp/data/coin_change_tracker/coin_change_20260316.jsonl
[保存] 涨速数据已写入 /home/user/webapp/data/coin_change_tracker/velocity_20260316.jsonl
[统计] 总涨跌幅: 6.99%, 5分钟涨速: -0.57%, 币种数: 27, 上涨占比: 74.1% (20↑/7↓)
[等待] 下次采集时间: 01:14:58

[2026-03-16 01:15:08] 开始采集...
[价格] BTC: 71430.9
[价格] ETH: 2093.54
[价格] XRP: 1.4152
[价格] BNB: 659.0
[价格] SOL: 87.66
[价格] LTC: 55.04
[价格] DOGE: 0.09495
[价格] SUI: 1.0008
[价格] TRX: 0.29833
[价格] TON: 1.298
[价格] ETC: 8.28
[价格] BCH: 461.6
[价格] HBAR: 0.0955
[价格] XLM: 0.16724
[价格] FIL: 0.8856
[价格] LINK: 9.152
[价格] CRO: 0.07722
[价格] DOT: 1.42
[价格] AAVE: 113.84
[价格] UNI: 3.971
[价格] NEAR: 1.3434
[价格] APT: 0.9246
[价格] CFX: 0.06073
[价格] CRV: 0.2397
[价格] STX: 0.2541
[价格] LDO: 0.3024
[价格] TAO: 277.0
✅ [数据完整] 成功获取全部 27/27 个币种的数据
[保存] 数据已写入 /home/user/webapp/data/coin_change_tracker/coin_change_20260316.jsonl
[保存] 涨速数据已写入 /home/user/webapp/data/coin_change_tracker/velocity_20260316.jsonl
[统计] 总涨跌幅: 6.73%, 5分钟涨速: -0.83%, 币种数: 27, 上涨占比: 73.1% (19↑/7↓)
[等待] 下次采集时间: 01:16:08

[2026-03-16 01:16:17] 开始采集...
[价格] BTC: 71441.6
[价格] ETH: 2094.0
[价格] XRP: 1.4152
[价格] BNB: 659.0
[价格] SOL: 87.71
[价格] LTC: 55.04
[价格] DOGE: 0.09497
[价格] SUI: 1.001
[价格] TRX: 0.29833
[价格] TON: 1.298
[价格] ETC: 8.281
[价格] BCH: 461.4
[价格] HBAR: 0.09554
[价格] XLM: 0.16726
[价格] FIL: 0.8856
[价格] LINK: 9.153
[价格] CRO: 0.07718
[价格] DOT: 1.42
[价格] AAVE: 113.87
[价格] UNI: 3.97
[价格] NEAR: 1.3446
[价格] APT: 0.9248
[价格] CFX: 0.06085
[价格] CRV: 0.24
[价格] STX: 0.254
[价格] LDO: 0.3027
[价格] TAO: 277.1
[RSI] 开始采集5分钟RSI数据...
[RSI] BTC: 41.8
[RSI] ETH: 43.95
[RSI] XRP: 43.45
[RSI] BNB: 40.35
[RSI] SOL: 38.46
[RSI] LTC: 38.18
[RSI] DOGE: 48.09
[RSI] SUI: 43.6
[RSI] TRX: 51.85
[RSI] TON: 55.56
[RSI] ETC: 42.4
[RSI] BCH: 32.56
[RSI] HBAR: 44.58
[RSI] XLM: 42.38
[RSI] FIL: 51.47
[RSI] LINK: 40.18
[RSI] CRO: 35.29
[RSI] DOT: 54.55
[RSI] AAVE: 58.04
[RSI] UNI: 53.73
[RSI] NEAR: 58.77
[RSI] APT: 56.91
[RSI] CFX: 46.85
[RSI] CRV: 63.08
[RSI] STX: 55.1
[RSI] LDO: 56.67
[RSI] TAO: 61.99
[RSI] 成功采集 27/27 个币种，RSI之和: 1299.84
[保存] RSI数据已写入 /home/user/webapp/data/coin_change_tracker/rsi_20260316.jsonl
✅ [数据完整] 成功获取全部 27/27 个币种的数据
[保存] 数据已写入 /home/user/webapp/data/coin_change_tracker/coin_change_20260316.jsonl
[保存] 涨速数据已写入 /home/user/webapp/data/coin_change_tracker/velocity_20260316.jsonl
[统计] 总涨跌幅: 7.39%, 5分钟涨速: +0.07%, 币种数: 27, 上涨占比: 73.1% (19↑/7↓), RSI之和: 1299.84
[等待] 下次采集时间: 01:17:17

[2026-03-16 01:17:36] 开始采集...
[价格] BTC: 71435.8
[价格] ETH: 2093.63
[价格] XRP: 1.4143
[价格] BNB: 659.0
[价格] SOL: 87.69
[价格] LTC: 55.04
[价格] DOGE: 0.09492
[价格] SUI: 1.0005
[价格] TRX: 0.29833
[价格] TON: 1.302
[价格] ETC: 8.279
[价格] BCH: 461.3
[价格] HBAR: 0.0954
[价格] XLM: 0.16715
[价格] FIL: 0.8858
[价格] LINK: 9.151
[价格] CRO: 0.07716
[价格] DOT: 1.42
[价格] AAVE: 113.76
[价格] UNI: 3.97
[价格] NEAR: 1.3453
[价格] APT: 0.925
[价格] CFX: 0.06076
[价格] CRV: 0.2396
[价格] STX: 0.254
[价格] LDO: 0.3027
[价格] TAO: 277.4
✅ [数据完整] 成功获取全部 27/27 个币种的数据
[保存] 数据已写入 /home/user/webapp/data/coin_change_tracker/coin_change_20260316.jsonl
[保存] 涨速数据已写入 /home/user/webapp/data/coin_change_tracker/velocity_20260316.jsonl
[统计] 总涨跌幅: 6.96%, 5分钟涨速: +0.37%, 币种数: 27, 上涨占比: 66.7% (18↑/9↓)
[等待] 下次采集时间: 01:18:36

[2026-03-16 01:18:46] 开始采集...
[价格] BTC: 71446.6
[价格] ETH: 2093.28
[价格] XRP: 1.4136
[价格] BNB: 659.0
[价格] SOL: 87.73
[价格] LTC: 55.04
[价格] DOGE: 0.09491
[价格] SUI: 1.0008
[价格] TRX: 0.29823
[价格] TON: 1.3
[价格] ETC: 8.276
[价格] BCH: 461.3
[价格] HBAR: 0.09545
[价格] XLM: 0.16712
[价格] FIL: 0.8856
[价格] LINK: 9.149
[价格] CRO: 0.07715
[价格] DOT: 1.42
[价格] AAVE: 113.68
[价格] UNI: 3.971
[价格] NEAR: 1.3451
[价格] APT: 0.9249
[价格] CFX: 0.06075
[价格] CRV: 0.2399
[价格] STX: 0.2539
[价格] LDO: 0.3027
[价格] TAO: 277.3
✅ [数据完整] 成功获取全部 27/27 个币种的数据
[保存] 数据已写入 /home/user/webapp/data/coin_change_tracker/coin_change_20260316.jsonl
[保存] 涨速数据已写入 /home/user/webapp/data/coin_change_tracker/velocity_20260316.jsonl
[统计] 总涨跌幅: 6.73%, 5分钟涨速: -0.26%, 币种数: 27, 上涨占比: 61.5% (16↑/10↓)
[等待] 下次采集时间: 01:19:46

[2026-03-16 01:19:55] 开始采集...
[价格] BTC: 71489.5
[价格] ETH: 2095.0
[价格] XRP: 1.4146
[价格] BNB: 659.2
[价格] SOL: 87.77
[价格] LTC: 55.06
[价格] DOGE: 0.09495
[价格] SUI: 1.0017
[价格] TRX: 0.29833
[价格] TON: 1.301
[价格] ETC: 8.282
[价格] BCH: 461.4
[价格] HBAR: 0.09545
[价格] XLM: 0.16717
[价格] FIL: 0.886
[价格] LINK: 9.151
[价格] CRO: 0.07723
[价格] DOT: 1.422
[价格] AAVE: 113.83
[价格] UNI: 3.973
[价格] NEAR: 1.3462
[价格] APT: 0.9255
[价格] CFX: 0.06049
[价格] CRV: 0.2398
[价格] STX: 0.254
[价格] LDO: 0.303
[价格] TAO: 277.3
✅ [数据完整] 成功获取全部 27/27 个币种的数据
[保存] 数据已写入 /home/user/webapp/data/coin_change_tracker/coin_change_20260316.jsonl
[保存] 涨速数据已写入 /home/user/webapp/data/coin_change_tracker/velocity_20260316.jsonl
[统计] 总涨跌幅: 7.72%, 5分钟涨速: +0.99%, 币种数: 27, 上涨占比: 81.5% (22↑/5↓)
[等待] 下次采集时间: 01:20:55

[2026-03-16 01:21:05] 开始采集...
[价格] BTC: 71486.1
[价格] ETH: 2094.88
[价格] XRP: 1.4143
[价格] BNB: 659.2
[价格] SOL: 87.8
[价格] LTC: 55.04
[价格] DOGE: 0.09497
[价格] SUI: 1.0018
[价格] TRX: 0.29829
[价格] TON: 1.3
[价格] ETC: 8.284
[价格] BCH: 461.7
[价格] HBAR: 0.09536
[价格] XLM: 0.16715
[价格] FIL: 0.8866
[价格] LINK: 9.151
[价格] CRO: 0.07721
[价格] DOT: 1.42
[价格] AAVE: 113.78
[价格] UNI: 3.971
[价格] NEAR: 1.3461
[价格] APT: 0.9259
[价格] CFX: 0.06063
[价格] CRV: 0.24
[价格] STX: 0.2542
[价格] LDO: 0.3028
[价格] TAO: 276.9
✅ [数据完整] 成功获取全部 27/27 个币种的数据
[保存] 数据已写入 /home/user/webapp/data/coin_change_tracker/coin_change_20260316.jsonl
[保存] 涨速数据已写入 /home/user/webapp/data/coin_change_tracker/velocity_20260316.jsonl
[统计] 总涨跌幅: 7.59%, 5分钟涨速: +0.20%, 币种数: 27, 上涨占比: 77.8% (21↑/6↓)
[等待] 下次采集时间: 01:22:05

[2026-03-16 01:22:14] 开始采集...
[价格] BTC: 71451.5
[价格] ETH: 2093.9
[价格] XRP: 1.4133
[价格] BNB: 659.2
[价格] SOL: 87.75
[价格] LTC: 55.02
[价格] DOGE: 0.09489
[价格] SUI: 1.0006
[价格] TRX: 0.29826
[价格] TON: 1.3
[价格] ETC: 8.28
[价格] BCH: 461.4
[价格] HBAR: 0.09521
[价格] XLM: 0.16702
[价格] FIL: 0.8856
[价格] LINK: 9.146
[价格] CRO: 0.07721
[价格] DOT: 1.419
[价格] AAVE: 113.76
[价格] UNI: 3.969
[价格] NEAR: 1.3459
[价格] APT: 0.9251
[价格] CFX: 0.06057
[价格] CRV: 0.2399
[价格] STX: 0.2541
[价格] LDO: 0.3025
[价格] TAO: 277.2
[RSI] 开始采集5分钟RSI数据...
[RSI] BTC: 42.95
[RSI] ETH: 42.59
[RSI] XRP: 43.98
[RSI] BNB: 40.35
[RSI] SOL: 41.07
[RSI] LTC: 37.7
[RSI] DOGE: 47.29
[RSI] SUI: 43.09
[RSI] TRX: 47.85
[RSI] TON: 59.09
[RSI] ETC: 42.19
[RSI] BCH: 26.83
[RSI] HBAR: 37.91
[RSI] XLM: 41.86
[RSI] FIL: 51.39
[RSI] LINK: 36.21
[RSI] CRO: 36.3
[RSI] DOT: 51.43
[RSI] AAVE: 53.64
[RSI] UNI: 52.05
[RSI] NEAR: 55.86
[RSI] APT: 53.8
[RSI] CFX: 45.09
[RSI] CRV: 64.18
[RSI] STX: 54.17
[RSI] LDO: 52.31
[RSI] TAO: 63.69
[RSI] 成功采集 27/27 个币种，RSI之和: 1264.87
[保存] RSI数据已写入 /home/user/webapp/data/coin_change_tracker/rsi_20260316.jsonl
✅ [数据完整] 成功获取全部 27/27 个币种的数据
[保存] 数据已写入 /home/user/webapp/data/coin_change_tracker/coin_change_20260316.jsonl
[保存] 涨速数据已写入 /home/user/webapp/data/coin_change_tracker/velocity_20260316.jsonl
[统计] 总涨跌幅: 6.23%, 5分钟涨速: -0.73%, 币种数: 27, 上涨占比: 61.5% (16↑/10↓), RSI之和: 1264.87
[等待] 下次采集时间: 01:23:14

[2026-03-16 01:23:34] 开始采集...
[价格] BTC: 71470.8
[价格] ETH: 2094.79
[价格] XRP: 1.4134
[价格] BNB: 659.2
[价格] SOL: 87.8
[价格] LTC: 55.02
[价格] DOGE: 0.09494
[价格] SUI: 1.0008
[价格] TRX: 0.29826
[价格] TON: 1.299
[价格] ETC: 8.279
[价格] BCH: 461.5
[价格] HBAR: 0.09521
[价格] XLM: 0.167
[价格] FIL: 0.8854
[价格] LINK: 9.146
[价格] CRO: 0.07724
[价格] DOT: 1.419
[价格] AAVE: 113.77
[价格] UNI: 3.97
[价格] NEAR: 1.3459
[价格] APT: 0.9248
[价格] CFX: 0.06057
[价格] CRV: 0.2399
[价格] STX: 0.2541
[价格] LDO: 0.3027
[价格] TAO: 276.9
✅ [数据完整] 成功获取全部 27/27 个币种的数据
[保存] 数据已写入 /home/user/webapp/data/coin_change_tracker/coin_change_20260316.jsonl
[保存] 涨速数据已写入 /home/user/webapp/data/coin_change_tracker/velocity_20260316.jsonl
[统计] 总涨跌幅: 6.33%, 5分钟涨速: -0.40%, 币种数: 27, 上涨占比: 66.7% (18↑/9↓)
[等待] 下次采集时间: 01:24:34

[2026-03-16 01:24:43] 开始采集...
[价格] BTC: 71481.1
[价格] ETH: 2094.65
[价格] XRP: 1.4137
[价格] BNB: 659.3
[价格] SOL: 87.81
[价格] LTC: 55.02
[价格] DOGE: 0.09494
[价格] SUI: 1.0006
[价格] TRX: 0.29827
[价格] TON: 1.299
[价格] ETC: 8.279
[价格] BCH: 461.5
[价格] HBAR: 0.09523
[价格] XLM: 0.167
[价格] FIL: 0.8851
[价格] LINK: 9.147
[价格] CRO: 0.07728
[价格] DOT: 1.42
[价格] AAVE: 113.8
[价格] UNI: 3.969
[价格] NEAR: 1.3464
[价格] APT: 0.9251
[价格] CFX: 0.06024
[价格] CRV: 0.2396
[价格] STX: 0.254
[价格] LDO: 0.3027
[价格] TAO: 276.1
✅ [数据完整] 成功获取全部 27/27 个币种的数据
[保存] 数据已写入 /home/user/webapp/data/coin_change_tracker/coin_change_20260316.jsonl
[保存] 涨速数据已写入 /home/user/webapp/data/coin_change_tracker/velocity_20260316.jsonl
[统计] 总涨跌幅: 5.53%, 5分钟涨速: -2.19%, 币种数: 27, 上涨占比: 70.4% (19↑/8↓)
[等待] 下次采集时间: 01:25:43

[2026-03-16 01:25:53] 开始采集...
[价格] BTC: 71484.2
[价格] ETH: 2094.67
[价格] XRP: 1.4139
[价格] BNB: 659.3
[价格] SOL: 87.83
[价格] LTC: 55.02
[价格] DOGE: 0.09497
[价格] SUI: 1.0008
[价格] TRX: 0.29828
[价格] TON: 1.3
[价格] ETC: 8.287
[价格] BCH: 461.5
[价格] HBAR: 0.09525
[价格] XLM: 0.16705
[价格] FIL: 0.8855
[价格] LINK: 9.143
[价格] CRO: 0.07727
[价格] DOT: 1.419
[价格] AAVE: 113.79
[价格] UNI: 3.969
[价格] NEAR: 1.3467
[价格] APT: 0.9241
[价格] CFX: 0.0604
[价格] CRV: 0.2395
[价格] STX: 0.254
[价格] LDO: 0.3029
[价格] TAO: 275.6
✅ [数据完整] 成功获取全部 27/27 个币种的数据
[保存] 数据已写入 /home/user/webapp/data/coin_change_tracker/coin_change_20260316.jsonl
[保存] 涨速数据已写入 /home/user/webapp/data/coin_change_tracker/velocity_20260316.jsonl
[统计] 总涨跌幅: 5.79%, 5分钟涨速: -1.80%, 币种数: 27, 上涨占比: 73.1% (19↑/7↓)
[等待] 下次采集时间: 01:26:53

[2026-03-16 01:27:02] 开始采集...
[价格] BTC: 71488.2
[价格] ETH: 2095.1
[价格] XRP: 1.4143
[价格] BNB: 659.4
[价格] SOL: 87.88
[价格] LTC: 55.04
[价格] DOGE: 0.09501
[价格] SUI: 1.001
[价格] TRX: 0.2983
[价格] TON: 1.3
[价格] ETC: 8.287
[价格] BCH: 461.5
[价格] HBAR: 0.09525
[价格] XLM: 0.16712
[价格] FIL: 0.8856
[价格] LINK: 9.148
[价格] CRO: 0.07728
[价格] DOT: 1.42
[价格] AAVE: 113.8
[价格] UNI: 3.97
[价格] NEAR: 1.3474
[价格] APT: 0.9245
[价格] CFX: 0.06035
[价格] CRV: 0.2396
[价格] STX: 0.2538
[价格] LDO: 0.303
[价格] TAO: 275.1
✅ [数据完整] 成功获取全部 27/27 个币种的数据
[保存] 数据已写入 /home/user/webapp/data/coin_change_tracker/coin_change_20260316.jsonl
[保存] 涨速数据已写入 /home/user/webapp/data/coin_change_tracker/velocity_20260316.jsonl
[统计] 总涨跌幅: 6.06%, 5分钟涨速: -0.17%, 币种数: 27, 上涨占比: 74.1% (20↑/7↓)
[等待] 下次采集时间: 01:28:02

[2026-03-16 01:28:12] 开始采集...
[价格] BTC: 71475.0
[价格] ETH: 2094.26
[价格] XRP: 1.4136
[价格] BNB: 659.4
[价格] SOL: 87.82
[价格] LTC: 55.04
[价格] DOGE: 0.0949
[价格] SUI: 1.0002
[价格] TRX: 0.2983
[价格] TON: 1.3
[价格] ETC: 8.286
[价格] BCH: 461.5
[价格] HBAR: 0.09526
[价格] XLM: 0.16703
[价格] FIL: 0.8857
[价格] LINK: 9.143
[价格] CRO: 0.07728
[价格] DOT: 1.42
[价格] AAVE: 113.68
[价格] UNI: 3.969
[价格] NEAR: 1.3468
[价格] APT: 0.9244
[价格] CFX: 0.06036
[价格] CRV: 0.2395
[价格] STX: 0.2538
[价格] LDO: 0.3029
[价格] TAO: 275.5
[RSI] 开始采集5分钟RSI数据...
[RSI] BTC: 57.38
[RSI] ETH: 56.3
[RSI] XRP: 56.59
[RSI] BNB: 52.08
[RSI] SOL: 53.68
[RSI] LTC: 46.15
[RSI] DOGE: 59.43
[RSI] SUI: 46.02
[RSI] TRX: 55.48
[RSI] TON: 68.42
[RSI] ETC: 56.73
[RSI] BCH: 37.5
[RSI] HBAR: 45.28
[RSI] XLM: 52.94
[RSI] FIL: 57.46
[RSI] LINK: 48.28
[RSI] CRO: 47.37
[RSI] DOT: 62.07
[RSI] AAVE: 73.46
[RSI] UNI: 60.32
[RSI] NEAR: 64.83
[RSI] APT: 61.33
[RSI] CFX: 59.79
[RSI] CRV: 67.74
[RSI] STX: 64.1
[RSI] LDO: 62.07
[RSI] TAO: 57.3
[RSI] 成功采集 27/27 个币种，RSI之和: 1530.1
[保存] RSI数据已写入 /home/user/webapp/data/coin_change_tracker/rsi_20260316.jsonl
✅ [数据完整] 成功获取全部 27/27 个币种的数据
[保存] 数据已写入 /home/user/webapp/data/coin_change_tracker/coin_change_20260316.jsonl
[保存] 涨速数据已写入 /home/user/webapp/data/coin_change_tracker/velocity_20260316.jsonl
[统计] 总涨跌幅: 5.51%, 5分钟涨速: -0.82%, 币种数: 27, 上涨占比: 65.4% (17↑/9↓), RSI之和: 1530.1
[等待] 下次采集时间: 01:29:12

[2026-03-16 01:29:31] 开始采集...
[价格] BTC: 71473.3
[价格] ETH: 2094.29
[价格] XRP: 1.4139
[价格] BNB: 659.3
[价格] SOL: 87.79
[价格] LTC: 55.04
[价格] DOGE: 0.09492
[价格] SUI: 1.0001
[价格] TRX: 0.2983
[价格] TON: 1.299
[价格] ETC: 8.286
[价格] BCH: 461.5
[价格] HBAR: 0.09525
[价格] XLM: 0.16704
[价格] FIL: 0.8856
[价格] LINK: 9.145
[价格] CRO: 0.07728
[价格] DOT: 1.419
[价格] AAVE: 113.6
[价格] UNI: 3.968
[价格] NEAR: 1.3462
[价格] APT: 0.9237
[价格] CFX: 0.06059
[价格] CRV: 0.2394
[价格] STX: 0.2539
[价格] LDO: 0.303
[价格] TAO: 273.9
✅ [数据完整] 成功获取全部 27/27 个币种的数据
[保存] 数据已写入 /home/user/webapp/data/coin_change_tracker/coin_change_20260316.jsonl
[保存] 涨速数据已写入 /home/user/webapp/data/coin_change_tracker/velocity_20260316.jsonl
[统计] 总涨跌幅: 4.95%, 5分钟涨速: -0.58%, 币种数: 27, 上涨占比: 66.7% (18↑/9↓)
[等待] 下次采集时间: 01:30:31

[2026-03-16 01:30:40] 开始采集...
[价格] BTC: 71483.5
[价格] ETH: 2094.6
[价格] XRP: 1.4137
[价格] BNB: 659.4
[价格] SOL: 87.81
[价格] LTC: 55.04
[价格] DOGE: 0.09492
[价格] SUI: 1.0001
[价格] TRX: 0.2984
[价格] TON: 1.3
[价格] ETC: 8.289
[价格] BCH: 461.4
[价格] HBAR: 0.09526
[价格] XLM: 0.16697
[价格] FIL: 0.8858
[价格] LINK: 9.147
[价格] CRO: 0.07729
[价格] DOT: 1.421
[价格] AAVE: 113.46
[价格] UNI: 3.969
[价格] NEAR: 1.3464
[价格] APT: 0.9246
[价格] CFX: 0.06068
[价格] CRV: 0.2395
[价格] STX: 0.2536
[价格] LDO: 0.3031
[价格] TAO: 274.5
✅ [数据完整] 成功获取全部 27/27 个币种的数据
[保存] 数据已写入 /home/user/webapp/data/coin_change_tracker/coin_change_20260316.jsonl
[保存] 涨速数据已写入 /home/user/webapp/data/coin_change_tracker/velocity_20260316.jsonl
[统计] 总涨跌幅: 5.64%, 5分钟涨速: -0.15%, 币种数: 27, 上涨占比: 63.0% (17↑/10↓)
[等待] 下次采集时间: 01:31:40

[2026-03-16 01:31:50] 开始采集...
[价格] BTC: 71503.3
[价格] ETH: 2094.69
[价格] XRP: 1.4136
[价格] BNB: 659.5
[价格] SOL: 87.81
[价格] LTC: 55.04
[价格] DOGE: 0.09492
[价格] SUI: 0.9997
[价格] TRX: 0.29841
[价格] TON: 1.3
[价格] ETC: 8.29
[价格] BCH: 461.5
[价格] HBAR: 0.09519
[价格] XLM: 0.16695
[价格] FIL: 0.8871
[价格] LINK: 9.148
[价格] CRO: 0.07732
[价格] DOT: 1.421
[价格] AAVE: 113.57
[价格] UNI: 3.969
[价格] NEAR: 1.3472
[价格] APT: 0.9246
[价格] CFX: 0.06062
[价格] CRV: 0.2395
[价格] STX: 0.2536
[价格] LDO: 0.3029
[价格] TAO: 274.3
✅ [数据完整] 成功获取全部 27/27 个币种的数据
[保存] 数据已写入 /home/user/webapp/data/coin_change_tracker/coin_change_20260316.jsonl
[保存] 涨速数据已写入 /home/user/webapp/data/coin_change_tracker/velocity_20260316.jsonl
[统计] 总涨跌幅: 5.71%, 5分钟涨速: -0.35%, 币种数: 27, 上涨占比: 55.6% (15↑/12↓)
[等待] 下次采集时间: 01:32:50

[2026-03-16 01:32:59] 开始采集...
[价格] BTC: 71460.1
[价格] ETH: 2093.6
[价格] XRP: 1.4126
[价格] BNB: 659.4
[价格] SOL: 87.76
[价格] LTC: 55.03
[价格] DOGE: 0.09489
[价格] SUI: 0.9992
[价格] TRX: 0.29841
[价格] TON: 1.3
[价格] ETC: 8.283
[价格] BCH: 461.5
[价格] HBAR: 0.09506
[价格] XLM: 0.16678
[价格] FIL: 0.8871
[价格] LINK: 9.14
[价格] CRO: 0.07725
[价格] DOT: 1.419
[价格] AAVE: 113.52
[价格] UNI: 3.965
[价格] NEAR: 1.3458
[价格] APT: 0.9236
[价格] CFX: 0.06075
[价格] CRV: 0.2393
[价格] STX: 0.2535
[价格] LDO: 0.3022
[价格] TAO: 274.4
✅ [数据完整] 成功获取全部 27/27 个币种的数据
[保存] 数据已写入 /home/user/webapp/data/coin_change_tracker/coin_change_20260316.jsonl
[保存] 涨速数据已写入 /home/user/webapp/data/coin_change_tracker/velocity_20260316.jsonl
[统计] 总涨跌幅: 4.24%, 5分钟涨速: -1.27%, 币种数: 27, 上涨占比: 55.6% (15↑/12↓)
[等待] 下次采集时间: 01:33:59

[2026-03-16 01:34:09] 开始采集...
[价格] BTC: 71474.6
[价格] ETH: 2094.25
[价格] XRP: 1.4129
[价格] BNB: 659.4
[价格] SOL: 87.77
[价格] LTC: 55.04
[价格] DOGE: 0.09491
[价格] SUI: 0.9997
[价格] TRX: 0.29833
[价格] TON: 1.3
[价格] ETC: 8.285
[价格] BCH: 461.6
[价格] HBAR: 0.09508
[价格] XLM: 0.16681
[价格] FIL: 0.8871
[价格] LINK: 9.144
[价格] CRO: 0.07725
[价格] DOT: 1.419
[价格] AAVE: 113.52
[价格] UNI: 3.967
[价格] NEAR: 1.3457
[价格] APT: 0.9237
[价格] CFX: 0.06045
[价格] CRV: 0.2396
[价格] STX: 0.2535
[价格] LDO: 0.3024
[价格] TAO: 274.1
[RSI] 开始采集5分钟RSI数据...
[RSI] BTC: 65.63
[RSI] ETH: 60.47
[RSI] XRP: 53.91
[RSI] BNB: 56.82
[RSI] SOL: 58.24
[RSI] LTC: 48.0
[RSI] DOGE: 63.46
[RSI] SUI: 50.94
[RSI] TRX: 58.74
[RSI] TON: 66.67
[RSI] ETC: 57.84
[RSI] BCH: 50.0
[RSI] HBAR: 44.1
[RSI] XLM: 50.81
[RSI] FIL: 61.74
[RSI] LINK: 51.22
[RSI] CRO: 51.92
[RSI] DOT: 60.71
[RSI] AAVE: 63.53
[RSI] UNI: 61.29
[RSI] NEAR: 61.95
[RSI] APT: 59.09
[RSI] CFX: 63.59
[RSI] CRV: 67.21
[RSI] STX: 58.54
[RSI] LDO: 59.68
[RSI] TAO: 51.52
[RSI] 成功采集 27/27 个币种，RSI之和: 1557.62
[保存] RSI数据已写入 /home/user/webapp/data/coin_change_tracker/rsi_20260316.jsonl
✅ [数据完整] 成功获取全部 27/27 个币种的数据
[保存] 数据已写入 /home/user/webapp/data/coin_change_tracker/coin_change_20260316.jsonl
[保存] 涨速数据已写入 /home/user/webapp/data/coin_change_tracker/velocity_20260316.jsonl
[统计] 总涨跌幅: 4.16%, 5分钟涨速: -0.79%, 币种数: 27, 上涨占比: 55.6% (15↑/12↓), RSI之和: 1557.62
[等待] 下次采集时间: 01:35:09

[2026-03-16 01:35:28] 开始采集...
[价格] BTC: 71474.6
[价格] ETH: 2094.52
[价格] XRP: 1.4136
[价格] BNB: 659.5
[价格] SOL: 87.8
[价格] LTC: 55.02
[价格] DOGE: 0.09491
[价格] SUI: 0.9998
[价格] TRX: 0.29833
[价格] TON: 1.299
[价格] ETC: 8.283
[价格] BCH: 461.6
[价格] HBAR: 0.09509
[价格] XLM: 0.16678
[价格] FIL: 0.8863
[价格] LINK: 9.141
[价格] CRO: 0.07724
[价格] DOT: 1.419
[价格] AAVE: 113.57
[价格] UNI: 3.968
[价格] NEAR: 1.3456
[价格] APT: 0.9237
[价格] CFX: 0.06025
[价格] CRV: 0.2394
[价格] STX: 0.2533
[价格] LDO: 0.3023
[价格] TAO: 273.5
✅ [数据完整] 成功获取全部 27/27 个币种的数据
[保存] 数据已写入 /home/user/webapp/data/coin_change_tracker/coin_change_20260316.jsonl
[保存] 涨速数据已写入 /home/user/webapp/data/coin_change_tracker/velocity_20260316.jsonl
[统计] 总涨跌幅: 3.31%, 5分钟涨速: -2.33%, 币种数: 27, 上涨占比: 55.6% (15↑/12↓)
[等待] 下次采集时间: 01:36:28

[2026-03-16 01:36:37] 开始采集...
[价格] BTC: 71486.0
[价格] ETH: 2095.5
[价格] XRP: 1.4139
[价格] BNB: 659.7
[价格] SOL: 87.79
[价格] LTC: 55.01
[价格] DOGE: 0.09489
[价格] SUI: 0.9995
[价格] TRX: 0.29833
[价格] TON: 1.3
[价格] ETC: 8.28
[价格] BCH: 461.6
[价格] HBAR: 0.09505
[价格] XLM: 0.16676
[价格] FIL: 0.8854
[价格] LINK: 9.142
[价格] CRO: 0.07725
[价格] DOT: 1.419
[价格] AAVE: 113.54
[价格] UNI: 3.967
[价格] NEAR: 1.3434
[价格] APT: 0.9228
[价格] CFX: 0.06014
[价格] CRV: 0.2394
[价格] STX: 0.2533
[价格] LDO: 0.3022
[价格] TAO: 273.3
✅ [数据完整] 成功获取全部 27/27 个币种的数据
[保存] 数据已写入 /home/user/webapp/data/coin_change_tracker/coin_change_20260316.jsonl
[保存] 涨速数据已写入 /home/user/webapp/data/coin_change_tracker/velocity_20260316.jsonl
[统计] 总涨跌幅: 2.67%, 5分钟涨速: -3.04%, 币种数: 27, 上涨占比: 51.9% (14↑/13↓)
[等待] 下次采集时间: 01:37:37

[2026-03-16 01:37:47] 开始采集...
[价格] BTC: 71465.2
[价格] ETH: 2095.6
[价格] XRP: 1.4132
[价格] BNB: 659.6
[价格] SOL: 87.8
[价格] LTC: 55.01
[价格] DOGE: 0.09486
[价格] SUI: 0.9996
[价格] TRX: 0.29826
[价格] TON: 1.299
[价格] ETC: 8.275
[价格] BCH: 461.7
[价格] HBAR: 0.09506
[价格] XLM: 0.16673
[价格] FIL: 0.8849
[价格] LINK: 9.143
[价格] CRO: 0.07727
[价格] DOT: 1.418
[价格] AAVE: 113.55
[价格] UNI: 3.967
[价格] NEAR: 1.3404
[价格] APT: 0.9226
[价格] CFX: 0.06025
[价格] CRV: 0.2393
[价格] STX: 0.2532
[价格] LDO: 0.3021
[价格] TAO: 273.9
✅ [数据完整] 成功获取全部 27/27 个币种的数据
[保存] 数据已写入 /home/user/webapp/data/coin_change_tracker/coin_change_20260316.jsonl
[保存] 涨速数据已写入 /home/user/webapp/data/coin_change_tracker/velocity_20260316.jsonl
[统计] 总涨跌幅: 2.36%, 5分钟涨速: -1.88%, 币种数: 27, 上涨占比: 48.0% (12↑/13↓)
[等待] 下次采集时间: 01:38:47

[2026-03-16 01:38:56] 开始采集...
[价格] BTC: 71476.8
[价格] ETH: 2095.6
[价格] XRP: 1.413
[价格] BNB: 659.6
[价格] SOL: 87.81
[价格] LTC: 55.02
[价格] DOGE: 0.09486
[价格] SUI: 0.9994
[价格] TRX: 0.29829
[价格] TON: 1.3
[价格] ETC: 8.276
[价格] BCH: 461.7
[价格] HBAR: 0.09511
[价格] XLM: 0.16675
[价格] FIL: 0.8851
[价格] LINK: 9.146
[价格] CRO: 0.07727
[价格] DOT: 1.419
[价格] AAVE: 113.52
[价格] UNI: 3.968
[价格] NEAR: 1.3419
[价格] APT: 0.9227
[价格] CFX: 0.06009
[价格] CRV: 0.2392
[价格] STX: 0.2532
[价格] LDO: 0.3024
[价格] TAO: 274.8
✅ [数据完整] 成功获取全部 27/27 个币种的数据
[保存] 数据已写入 /home/user/webapp/data/coin_change_tracker/coin_change_20260316.jsonl
[保存] 涨速数据已写入 /home/user/webapp/data/coin_change_tracker/velocity_20260316.jsonl
[统计] 总涨跌幅: 2.92%, 5分钟涨速: -1.24%, 币种数: 27, 上涨占比: 46.2% (12↑/14↓)
[等待] 下次采集时间: 01:39:56

[2026-03-16 01:40:06] 开始采集...
[价格] BTC: 71493.1
[价格] ETH: 2095.99
[价格] XRP: 1.4132
[价格] BNB: 659.7
[价格] SOL: 87.81
[价格] LTC: 55.01
[价格] DOGE: 0.09486
[价格] SUI: 0.9991
[价格] TRX: 0.29833
[价格] TON: 1.3
[价格] ETC: 8.276
[价格] BCH: 461.8
[价格] HBAR: 0.09517
[价格] XLM: 0.16675
[价格] FIL: 0.885
[价格] LINK: 9.147
[价格] CRO: 0.07727
[价格] DOT: 1.419
[价格] AAVE: 113.52
[价格] UNI: 3.967
[价格] NEAR: 1.3419
[价格] APT: 0.9225
[价格] CFX: 0.06048
[价格] CRV: 0.2394
[价格] STX: 0.2533
[价格] LDO: 0.3023
[价格] TAO: 275.1
[RSI] 开始采集5分钟RSI数据...
[RSI] BTC: 66.78
[RSI] ETH: 72.92
[RSI] XRP: 52.78
[RSI] BNB: 62.5
[RSI] SOL: 61.63
[RSI] LTC: 51.16
[RSI] DOGE: 61.54
[RSI] SUI: 47.59
[RSI] TRX: 47.46
[RSI] TON: 66.67
[RSI] ETC: 57.89
[RSI] BCH: 57.14
[RSI] HBAR: 44.67
[RSI] XLM: 49.58
[RSI] FIL: 58.78
[RSI] LINK: 58.67
[RSI] CRO: 68.75
[RSI] DOT: 65.38
[RSI] AAVE: 68.0
[RSI] UNI: 66.67
[RSI] NEAR: 61.07
[RSI] APT: 57.14
[RSI] CFX: 57.2
[RSI] CRV: 73.21
[RSI] STX: 51.22
[RSI] LDO: 63.16
[RSI] TAO: 63.82
[RSI] 成功采集 27/27 个币种，RSI之和: 1613.38
[保存] RSI数据已写入 /home/user/webapp/data/coin_change_tracker/rsi_20260316.jsonl
✅ [数据完整] 成功获取全部 27/27 个币种的数据
[保存] 数据已写入 /home/user/webapp/data/coin_change_tracker/coin_change_20260316.jsonl
[保存] 涨速数据已写入 /home/user/webapp/data/coin_change_tracker/velocity_20260316.jsonl
[统计] 总涨跌幅: 3.83%, 5分钟涨速: +0.52%, 币种数: 27, 上涨占比: 51.9% (14↑/13↓), RSI之和: 1613.38
[等待] 下次采集时间: 01:41:06

[2026-03-16 01:41:25] 开始采集...
[价格] BTC: 71508.1
[价格] ETH: 2096.0
[价格] XRP: 1.4142
[价格] BNB: 659.8
[价格] SOL: 87.84
[价格] LTC: 55.02
[价格] DOGE: 0.0949
[价格] SUI: 0.9999
[价格] TRX: 0.29834
[价格] TON: 1.301
[价格] ETC: 8.28
[价格] BCH: 461.8
[价格] HBAR: 0.09518
[价格] XLM: 0.16681
[价格] FIL: 0.8851
[价格] LINK: 9.155
[价格] CRO: 0.07729
[价格] DOT: 1.419
[价格] AAVE: 113.54
[价格] UNI: 3.968
[价格] NEAR: 1.3418
[价格] APT: 0.9232
[价格] CFX: 0.06056
[价格] CRV: 0.2394
[价格] STX: 0.2534
[价格] LDO: 0.3024
[价格] TAO: 275.7
✅ [数据完整] 成功获取全部 27/27 个币种的数据
[保存] 数据已写入 /home/user/webapp/data/coin_change_tracker/coin_change_20260316.jsonl
[保存] 涨速数据已写入 /home/user/webapp/data/coin_change_tracker/velocity_20260316.jsonl
[统计] 总涨跌幅: 4.97%, 5分钟涨速: +2.30%, 币种数: 27, 上涨占比: 65.4% (17↑/9↓)
[等待] 下次采集时间: 01:42:25

[2026-03-16 01:42:34] 开始采集...
[价格] BTC: 71490.1
[价格] ETH: 2095.89
[价格] XRP: 1.4136
[价格] BNB: 659.8
[价格] SOL: 87.88
[价格] LTC: 55.02
[价格] DOGE: 0.09489
[价格] SUI: 0.9992
[价格] TRX: 0.29834
[价格] TON: 1.3
[价格] ETC: 8.277
[价格] BCH: 461.9
[价格] HBAR: 0.09516
[价格] XLM: 0.16677
[价格] FIL: 0.8844
[价格] LINK: 9.152
[价格] CRO: 0.0773
[价格] DOT: 1.418
[价格] AAVE: 113.5
[价格] UNI: 3.967
[价格] NEAR: 1.3402
[价格] APT: 0.9228
[价格] CFX: 0.06028
[价格] CRV: 0.2395
[价格] STX: 0.2534
[价格] LDO: 0.3023
[价格] TAO: 276.2
✅ [数据完整] 成功获取全部 27/27 个币种的数据
[保存] 数据已写入 /home/user/webapp/data/coin_change_tracker/coin_change_20260316.jsonl
[保存] 涨速数据已写入 /home/user/webapp/data/coin_change_tracker/velocity_20260316.jsonl
[统计] 总涨跌幅: 4.05%, 5分钟涨速: +1.69%, 币种数: 27, 上涨占比: 59.3% (16↑/11↓)
[等待] 下次采集时间: 01:43:34

[2026-03-16 01:43:44] 开始采集...
[价格] BTC: 71494.0
[价格] ETH: 2095.87
[价格] XRP: 1.4137
[价格] BNB: 659.8
[价格] SOL: 87.91
[价格] LTC: 55.03
[价格] DOGE: 0.09488
[价格] SUI: 0.9992
[价格] TRX: 0.29834
[价格] TON: 1.3
[价格] ETC: 8.277
[价格] BCH: 462.0
[价格] HBAR: 0.09516
[价格] XLM: 0.16678
[价格] FIL: 0.8848
[价格] LINK: 9.152
[价格] CRO: 0.07729
[价格] DOT: 1.419
[价格] AAVE: 113.56
[价格] UNI: 3.967
[价格] NEAR: 1.3415
[价格] APT: 0.9228
[价格] CFX: 0.06041
[价格] CRV: 0.2395
[价格] STX: 0.2534
[价格] LDO: 0.3023
[价格] TAO: 276.5
✅ [数据完整] 成功获取全部 27/27 个币种的数据
[保存] 数据已写入 /home/user/webapp/data/coin_change_tracker/coin_change_20260316.jsonl
[保存] 涨速数据已写入 /home/user/webapp/data/coin_change_tracker/velocity_20260316.jsonl
[统计] 总涨跌幅: 4.71%, 5分钟涨速: +1.79%, 币种数: 27, 上涨占比: 59.3% (16↑/11↓)
[等待] 下次采集时间: 01:44:44

[2026-03-16 01:44:53] 开始采集...
[价格] BTC: 71491.1
[价格] ETH: 2095.74
[价格] XRP: 1.4137
[价格] BNB: 659.8
[价格] SOL: 87.89
[警告] LTC 价格获取失败
[价格] DOGE: 0.0949
[价格] SUI: 0.9993
[价格] TRX: 0.29835
[价格] TON: 1.3
[价格] ETC: 8.277
[价格] BCH: 462.0
[价格] HBAR: 0.09519
[价格] XLM: 0.16684
[价格] FIL: 0.8849
[价格] LINK: 9.151
[价格] CRO: 0.07729
[价格] DOT: 1.419
[价格] AAVE: 113.61
[价格] UNI: 3.967
[价格] NEAR: 1.3415
[价格] APT: 0.9228
[价格] CFX: 0.06047
[价格] CRV: 0.2395
[价格] STX: 0.2534
[价格] LDO: 0.3023
[价格] TAO: 276.7
❌ [数据不完整] 只获取到 26/27 个币种，缺失: LTC
⚠️  [跳过保存] 数据不完整，跳过本次采集，等待下次重试...
[等待] 下次采集时间: 01:45:53

[2026-03-16 01:46:03] 开始采集...
[价格] BTC: 71492.4
[价格] ETH: 2095.8
[价格] XRP: 1.4132
[价格] BNB: 659.6
[价格] SOL: 87.89
[价格] LTC: 55.02
[价格] DOGE: 0.09491
[价格] SUI: 0.9992
[价格] TRX: 0.29841
[价格] TON: 1.301
[价格] ETC: 8.277
[价格] BCH: 461.9
[价格] HBAR: 0.09511
[价格] XLM: 0.1668
[价格] FIL: 0.885
[价格] LINK: 9.151
[价格] CRO: 0.07724
[价格] DOT: 1.418
[价格] AAVE: 113.83
[价格] UNI: 3.966
[价格] NEAR: 1.3407
[价格] APT: 0.9226
[价格] CFX: 0.06029
[价格] CRV: 0.2397
[价格] STX: 0.2533
[价格] LDO: 0.3022
[价格] TAO: 276.9
[RSI] 开始采集5分钟RSI数据...
[RSI] BTC: 62.86
[RSI] ETH: 68.68
[RSI] XRP: 47.0
[RSI] BNB: 55.56
[RSI] SOL: 62.5
[RSI] LTC: 42.11
[RSI] DOGE: 55.06
[RSI] SUI: 40.63
[RSI] TRX: 49.59
[RSI] TON: 68.42
[RSI] ETC: 49.37
[RSI] BCH: 51.85
[RSI] HBAR: 39.46
[RSI] XLM: 32.6
[RSI] FIL: 53.04
[RSI] LINK: 55.07
[RSI] CRO: 61.04
[RSI] DOT: 59.09
[RSI] AAVE: 72.88
[RSI] UNI: 61.36
[RSI] NEAR: 50.97
[RSI] APT: 49.14
[RSI] CFX: 50.63
[RSI] CRV: 67.39
[RSI] STX: 39.39
[RSI] LDO: 55.1
[RSI] TAO: 66.23
[RSI] 成功采集 27/27 个币种，RSI之和: 1467.02
[保存] RSI数据已写入 /home/user/webapp/data/coin_change_tracker/rsi_20260316.jsonl
✅ [数据完整] 成功获取全部 27/27 个币种的数据
[保存] 数据已写入 /home/user/webapp/data/coin_change_tracker/coin_change_20260316.jsonl
[保存] 涨速数据已写入 /home/user/webapp/data/coin_change_tracker/velocity_20260316.jsonl
[统计] 总涨跌幅: 4.64%, 5分钟涨速: -0.33%, 币种数: 27, 上涨占比: 63.0% (17↑/10↓), RSI之和: 1467.02
[等待] 下次采集时间: 01:47:03

[2026-03-16 01:47:22] 开始采集...
[价格] BTC: 71506.4
[价格] ETH: 2095.87
[价格] XRP: 1.4132
[价格] BNB: 659.6
[价格] SOL: 87.88
[价格] LTC: 55.04
[价格] DOGE: 0.09491
[价格] SUI: 0.9996
[价格] TRX: 0.29844
[价格] TON: 1.302
[价格] ETC: 8.284
[价格] BCH: 461.8
[价格] HBAR: 0.09514
[价格] XLM: 0.16683
[价格] FIL: 0.8852
[价格] LINK: 9.151
[价格] CRO: 0.07722
[价格] DOT: 1.418
[价格] AAVE: 113.85
[价格] UNI: 3.968
[价格] NEAR: 1.3415
[价格] APT: 0.9226
[价格] CFX: 0.06019
[价格] CRV: 0.2393
[价格] STX: 0.2533
[价格] LDO: 0.3023
[价格] TAO: 277.0
✅ [数据完整] 成功获取全部 27/27 个币种的数据
[保存] 数据已写入 /home/user/webapp/data/coin_change_tracker/coin_change_20260316.jsonl
[保存] 涨速数据已写入 /home/user/webapp/data/coin_change_tracker/velocity_20260316.jsonl
[统计] 总涨跌幅: 4.76%, 5分钟涨速: +0.71%, 币种数: 27, 上涨占比: 63.0% (17↑/10↓)
[等待] 下次采集时间: 01:48:22

[2026-03-16 01:48:31] 开始采集...
[价格] BTC: 71521.4
[价格] ETH: 2095.87
[价格] XRP: 1.4134
[价格] BNB: 659.5
[价格] SOL: 87.9
[价格] LTC: 55.05
[价格] DOGE: 0.09493
[价格] SUI: 0.9998
[价格] TRX: 0.29844
[价格] TON: 1.302
[价格] ETC: 8.284
[价格] BCH: 461.7
[价格] HBAR: 0.09517
[价格] XLM: 0.16687
[价格] FIL: 0.8855
[价格] LINK: 9.15
[价格] CRO: 0.07722
[价格] DOT: 1.419
[价格] AAVE: 113.93
[价格] UNI: 3.973
[价格] NEAR: 1.342
[价格] APT: 0.9227
[价格] CFX: 0.06035
[价格] CRV: 0.2395
[价格] STX: 0.2533
[价格] LDO: 0.3025
[价格] TAO: 276.7
✅ [数据完整] 成功获取全部 27/27 个币种的数据
[保存] 数据已写入 /home/user/webapp/data/coin_change_tracker/coin_change_20260316.jsonl
[保存] 涨速数据已写入 /home/user/webapp/data/coin_change_tracker/velocity_20260316.jsonl
[统计] 总涨跌幅: 5.56%, 5分钟涨速: +0.85%, 币种数: 27, 上涨占比: 70.8% (17↑/7↓)
[等待] 下次采集时间: 01:49:31

[2026-03-16 01:49:41] 开始采集...
[价格] BTC: 71533.4
[价格] ETH: 2096.63
[价格] XRP: 1.4141
[价格] BNB: 659.5
[价格] SOL: 87.94
[价格] LTC: 55.04
[价格] DOGE: 0.09496
[价格] SUI: 1.0003
[价格] TRX: 0.29844
[价格] TON: 1.303
[价格] ETC: 8.289
[价格] BCH: 462.1
[价格] HBAR: 0.09521
[价格] XLM: 0.16692
[价格] FIL: 0.8862
[价格] LINK: 9.154
[价格] CRO: 0.07717
[价格] DOT: 1.42
[价格] AAVE: 114.0
[价格] UNI: 3.974
[价格] NEAR: 1.3426
[价格] APT: 0.9233
[价格] CFX: 0.06046
[价格] CRV: 0.2397
[价格] STX: 0.2535
[价格] LDO: 0.3025
[价格] TAO: 276.9
✅ [数据完整] 成功获取全部 27/27 个币种的数据
[保存] 数据已写入 /home/user/webapp/data/coin_change_tracker/coin_change_20260316.jsonl
[保存] 涨速数据已写入 /home/user/webapp/data/coin_change_tracker/velocity_20260316.jsonl
[统计] 总涨跌幅: 6.79%, 5分钟涨速: +2.08%, 币种数: 27, 上涨占比: 74.1% (20↑/7↓)
[等待] 下次采集时间: 01:50:41

[2026-03-16 01:50:50] 开始采集...
[价格] BTC: 71510.5
[价格] ETH: 2096.6
[价格] XRP: 1.4153
[价格] BNB: 659.8
[价格] SOL: 87.95
[价格] LTC: 55.04
[价格] DOGE: 0.09498
[价格] SUI: 1.0002
[价格] TRX: 0.29844
[价格] TON: 1.303
[价格] ETC: 8.288
[价格] BCH: 462.2
[价格] HBAR: 0.09517
[价格] XLM: 0.1668
[价格] FIL: 0.8858
[价格] LINK: 9.154
[价格] CRO: 0.07721
[价格] DOT: 1.419
[价格] AAVE: 114.01
[价格] UNI: 3.972
[价格] NEAR: 1.3417
[价格] APT: 0.9228
[价格] CFX: 0.06048
[价格] CRV: 0.2396
[价格] STX: 0.2536
[价格] LDO: 0.3026
[价格] TAO: 278.0
✅ [数据完整] 成功获取全部 27/27 个币种的数据
[保存] 数据已写入 /home/user/webapp/data/coin_change_tracker/coin_change_20260316.jsonl
[保存] 涨速数据已写入 /home/user/webapp/data/coin_change_tracker/velocity_20260316.jsonl
[统计] 总涨跌幅: 7.04%, 5分钟涨速: +2.40%, 币种数: 27, 上涨占比: 80.8% (21↑/5↓)
[等待] 下次采集时间: 01:51:50

[2026-03-16 01:52:00] 开始采集...
[价格] BTC: 71548.7
[价格] ETH: 2097.95
[价格] XRP: 1.4144
[价格] BNB: 659.9
[价格] SOL: 88.05
[价格] LTC: 55.06
[价格] DOGE: 0.09501
[价格] SUI: 1.0011
[价格] TRX: 0.29844
[价格] TON: 1.303
[价格] ETC: 8.288
[价格] BCH: 462.2
[价格] HBAR: 0.09518
[价格] XLM: 0.16687
[价格] FIL: 0.886
[价格] LINK: 9.159
[价格] CRO: 0.07723
[价格] DOT: 1.418
[价格] AAVE: 113.96
[价格] UNI: 3.975
[价格] NEAR: 1.3421
[价格] APT: 0.9228
[价格] CFX: 0.06075
[价格] CRV: 0.2397
[价格] STX: 0.2537
[价格] LDO: 0.3027
[价格] TAO: 277.3
[RSI] 开始采集5分钟RSI数据...
[RSI] BTC: 68.27
[RSI] ETH: 70.35
[RSI] XRP: 51.52
[RSI] BNB: 60.61
[RSI] SOL: 68.09
[RSI] LTC: 51.43
[RSI] DOGE: 61.96
[RSI] SUI: 50.4
[RSI] TRX: 56.64
[RSI] TON: 75.0
[RSI] ETC: 56.67
[RSI] BCH: 65.38
[RSI] HBAR: 43.26
[RSI] XLM: 34.67
[RSI] FIL: 61.95
[RSI] LINK: 59.21
[RSI] CRO: 62.65
[RSI] DOT: 70.0
[RSI] AAVE: 72.41
[RSI] UNI: 68.63
[RSI] NEAR: 59.09
[RSI] APT: 57.14
[RSI] CFX: 60.66
[RSI] CRV: 63.41
[RSI] STX: 50.0
[RSI] LDO: 64.58
[RSI] TAO: 66.45
[RSI] 成功采集 27/27 个币种，RSI之和: 1630.43
[保存] RSI数据已写入 /home/user/webapp/data/coin_change_tracker/rsi_20260316.jsonl
✅ [数据完整] 成功获取全部 27/27 个币种的数据
[保存] 数据已写入 /home/user/webapp/data/coin_change_tracker/coin_change_20260316.jsonl
[保存] 涨速数据已写入 /home/user/webapp/data/coin_change_tracker/velocity_20260316.jsonl
[统计] 总涨跌幅: 7.85%, 5分钟涨速: +3.09%, 币种数: 27, 上涨占比: 80.8% (21↑/5↓), RSI之和: 1630.43
[等待] 下次采集时间: 01:53:00

[2026-03-16 01:53:19] 开始采集...
[价格] BTC: 71765.8
[价格] ETH: 2107.06
[价格] XRP: 1.4201
[价格] BNB: 661.4
[价格] SOL: 88.58
[价格] LTC: 55.19
[价格] DOGE: 0.09545
[价格] SUI: 1.0085
[价格] TRX: 0.2986
[价格] TON: 1.303
[价格] ETC: 8.327
[价格] BCH: 463.5
[价格] HBAR: 0.09567
[价格] XLM: 0.16762
[价格] FIL: 0.8893
[价格] LINK: 9.207
[价格] CRO: 0.07751
[价格] DOT: 1.424
[价格] AAVE: 114.44
[价格] UNI: 3.992
[价格] NEAR: 1.3485
[价格] APT: 0.9274
[价格] CFX: 0.06096
[价格] CRV: 0.2422
[价格] STX: 0.2549
[价格] LDO: 0.3043
[价格] TAO: 278.3
✅ [数据完整] 成功获取全部 27/27 个币种的数据
[保存] 数据已写入 /home/user/webapp/data/coin_change_tracker/coin_change_20260316.jsonl
[保存] 涨速数据已写入 /home/user/webapp/data/coin_change_tracker/velocity_20260316.jsonl
[统计] 总涨跌幅: 19.32%, 5分钟涨速: +13.76%, 币种数: 27, 上涨占比: 96.3% (26↑/1↓)
[等待] 下次采集时间: 01:54:19

[2026-03-16 01:54:28] 开始采集...
[价格] BTC: 71952.7
[价格] ETH: 2116.46
[价格] XRP: 1.422
[价格] BNB: 662.6
[价格] SOL: 88.72
[价格] LTC: 55.31
[价格] DOGE: 0.0957
[价格] SUI: 1.0109
[价格] TRX: 0.29861
[价格] TON: 1.305
[价格] ETC: 8.346
[价格] BCH: 464.1
[价格] HBAR: 0.09589
[价格] XLM: 0.168
[价格] FIL: 0.8908
[价格] LINK: 9.234
[价格] CRO: 0.07754
[价格] DOT: 1.426
[价格] AAVE: 114.76
[价格] UNI: 4.0
[价格] NEAR: 1.3518
[价格] APT: 0.9294
[价格] CFX: 0.06122
[价格] CRV: 0.2427
[价格] STX: 0.2555
[价格] LDO: 0.3051
[价格] TAO: 278.6
✅ [数据完整] 成功获取全部 27/27 个币种的数据
[保存] 数据已写入 /home/user/webapp/data/coin_change_tracker/coin_change_20260316.jsonl
[保存] 涨速数据已写入 /home/user/webapp/data/coin_change_tracker/velocity_20260316.jsonl
[统计] 总涨跌幅: 25.04%, 5分钟涨速: +18.25%, 币种数: 27, 上涨占比: 96.3% (26↑/1↓)
[等待] 下次采集时间: 01:55:28

[2026-03-16 01:55:38] 开始采集...
[价格] BTC: 71823.7
[价格] ETH: 2112.23
[价格] XRP: 1.4206
[价格] BNB: 662.1
[价格] SOL: 88.55
[价格] LTC: 55.25
[价格] DOGE: 0.09553
[价格] SUI: 1.0088
[价格] TRX: 0.29841
[价格] TON: 1.303
[价格] ETC: 8.331
[价格] BCH: 463.5
[价格] HBAR: 0.09583
[价格] XLM: 0.16767
[价格] FIL: 0.8893
[价格] LINK: 9.217
[价格] CRO: 0.07746
[价格] DOT: 1.424
[价格] AAVE: 114.66
[价格] UNI: 3.994
[价格] NEAR: 1.3471
[价格] APT: 0.9274
[价格] CFX: 0.06089
[价格] CRV: 0.2432
[价格] STX: 0.2551
[价格] LDO: 0.3045
[价格] TAO: 279.6
✅ [数据完整] 成功获取全部 27/27 个币种的数据
[保存] 数据已写入 /home/user/webapp/data/coin_change_tracker/coin_change_20260316.jsonl
[保存] 涨速数据已写入 /home/user/webapp/data/coin_change_tracker/velocity_20260316.jsonl
[统计] 总涨跌幅: 21.29%, 5分钟涨速: +14.25%, 币种数: 27, 上涨占比: 92.6% (25↑/2↓)
[等待] 下次采集时间: 01:56:38

[2026-03-16 01:56:47] 开始采集...
[价格] BTC: 71807.0
[价格] ETH: 2109.92
[价格] XRP: 1.4194
[价格] BNB: 661.7
[价格] SOL: 88.41
[价格] LTC: 55.2
[价格] DOGE: 0.09547
[价格] SUI: 1.0085
[价格] TRX: 0.29841
[价格] TON: 1.303
[价格] ETC: 8.328
[价格] BCH: 463.3
[价格] HBAR: 0.09571
[价格] XLM: 0.16757
[价格] FIL: 0.8889
[价格] LINK: 9.209
[价格] CRO: 0.07742
[价格] DOT: 1.423
[价格] AAVE: 114.65
[价格] UNI: 3.993
[价格] NEAR: 1.3454
[价格] APT: 0.9268
[价格] CFX: 0.06108
[价格] CRV: 0.243
[价格] STX: 0.2549
[价格] LDO: 0.3043
[价格] TAO: 279.5
✅ [数据完整] 成功获取全部 27/27 个币种的数据
[保存] 数据已写入 /home/user/webapp/data/coin_change_tracker/coin_change_20260316.jsonl
[保存] 涨速数据已写入 /home/user/webapp/data/coin_change_tracker/velocity_20260316.jsonl
[统计] 总涨跌幅: 19.96%, 5分钟涨速: +12.11%, 币种数: 27, 上涨占比: 92.6% (25↑/2↓)
[等待] 下次采集时间: 01:57:47

[2026-03-16 01:57:57] 开始采集...
[价格] BTC: 71811.2
[价格] ETH: 2109.75
[价格] XRP: 1.4198
[价格] BNB: 661.7
[价格] SOL: 88.42
[价格] LTC: 55.22
[价格] DOGE: 0.09549
[价格] SUI: 1.0085
[价格] TRX: 0.29842
[价格] TON: 1.301
[价格] ETC: 8.325
[价格] BCH: 463.3
[价格] HBAR: 0.09563
[价格] XLM: 0.16761
[价格] FIL: 0.889
[价格] LINK: 9.208
[价格] CRO: 0.07742
[价格] DOT: 1.422
[价格] AAVE: 114.61
[价格] UNI: 3.993
[价格] NEAR: 1.3455
[价格] APT: 0.9266
[价格] CFX: 0.06107
[价格] CRV: 0.2434
[价格] STX: 0.2551
[价格] LDO: 0.3044
[价格] TAO: 279.2
[RSI] 开始采集5分钟RSI数据...
[RSI] BTC: 76.18
[RSI] ETH: 73.99
[RSI] XRP: 67.89
[RSI] BNB: 71.21
[RSI] SOL: 71.66
[RSI] LTC: 63.49
[RSI] DOGE: 71.68
[RSI] SUI: 68.58
[RSI] TRX: 64.1
[RSI] TON: 64.0
[RSI] ETC: 66.04
[RSI] BCH: 69.39
[RSI] HBAR: 57.92
[RSI] XLM: 52.78
[RSI] FIL: 69.64
[RSI] LINK: 69.88
[RSI] CRO: 64.06
[RSI] DOT: 67.86
[RSI] AAVE: 76.08
[RSI] UNI: 73.75
[RSI] NEAR: 62.65
[RSI] APT: 65.43
[RSI] CFX: 60.7
[RSI] CRV: 81.33
[RSI] STX: 64.71
[RSI] LDO: 72.0
[RSI] TAO: 69.51
[RSI] 成功采集 27/27 个币种，RSI之和: 1836.51
[保存] RSI数据已写入 /home/user/webapp/data/coin_change_tracker/rsi_20260316.jsonl
✅ [数据完整] 成功获取全部 27/27 个币种的数据
[保存] 数据已写入 /home/user/webapp/data/coin_change_tracker/coin_change_20260316.jsonl
[保存] 涨速数据已写入 /home/user/webapp/data/coin_change_tracker/velocity_20260316.jsonl
[统计] 总涨跌幅: 19.86%, 5分钟涨速: +0.54%, 币种数: 27, 上涨占比: 92.6% (25↑/2↓), RSI之和: 1836.51
[等待] 下次采集时间: 01:58:57

[2026-03-16 01:59:16] 开始采集...
[价格] BTC: 71779.5
[价格] ETH: 2109.6
[价格] XRP: 1.4191
[价格] BNB: 661.4
[价格] SOL: 88.39
[价格] LTC: 55.19
[价格] DOGE: 0.0955
[价格] SUI: 1.0081
[价格] TRX: 0.29851
[价格] TON: 1.302
[价格] ETC: 8.319
[价格] BCH: 463.0
[价格] HBAR: 0.0956
[价格] XLM: 0.16752
[价格] FIL: 0.8883
[价格] LINK: 9.204
[价格] CRO: 0.07742
[价格] DOT: 1.421
[价格] AAVE: 114.6
[价格] UNI: 3.991
[价格] NEAR: 1.3451
[价格] APT: 0.9261
[价格] CFX: 0.061
[价格] CRV: 0.2434
[价格] STX: 0.2548
[价格] LDO: 0.3041
[价格] TAO: 279.6
✅ [数据完整] 成功获取全部 27/27 个币种的数据
[保存] 数据已写入 /home/user/webapp/data/coin_change_tracker/coin_change_20260316.jsonl
[保存] 涨速数据已写入 /home/user/webapp/data/coin_change_tracker/velocity_20260316.jsonl
[统计] 总涨跌幅: 18.92%, 5分钟涨速: -6.12%, 币种数: 27, 上涨占比: 92.6% (25↑/2↓)
[等待] 下次采集时间: 02:00:16

[2026-03-16 02:00:25] 开始采集...
[价格] BTC: 71801.0
[价格] ETH: 2110.86
[价格] XRP: 1.4189
[价格] BNB: 661.8
[价格] SOL: 88.45
[价格] LTC: 55.19
[价格] DOGE: 0.09545
[价格] SUI: 1.0085
[价格] TRX: 0.29852
[价格] TON: 1.302
[价格] ETC: 8.32
[价格] BCH: 462.9
[价格] HBAR: 0.09572
[价格] XLM: 0.16766
[价格] FIL: 0.8897
[价格] LINK: 9.212
[价格] CRO: 0.07748
[价格] DOT: 1.422
[价格] AAVE: 114.6
[价格] UNI: 3.996
[价格] NEAR: 1.3461
[价格] APT: 0.9269
[价格] CFX: 0.06115
[价格] CRV: 0.2436
[价格] STX: 0.2553
[价格] LDO: 0.3043
[价格] TAO: 280.9
✅ [数据完整] 成功获取全部 27/27 个币种的数据
[保存] 数据已写入 /home/user/webapp/data/coin_change_tracker/coin_change_20260316.jsonl
[保存] 涨速数据已写入 /home/user/webapp/data/coin_change_tracker/velocity_20260316.jsonl
[统计] 总涨跌幅: 21.08%, 5分钟涨速: -0.21%, 币种数: 27, 上涨占比: 92.6% (25↑/2↓)
[等待] 下次采集时间: 02:01:25

[2026-03-16 02:01:35] 开始采集...
[价格] BTC: 71773.9
[价格] ETH: 2108.99
[价格] XRP: 1.419
[价格] BNB: 661.5
[价格] SOL: 88.41
[价格] LTC: 55.2
[价格] DOGE: 0.09538
[价格] SUI: 1.009
[价格] TRX: 0.29852
[价格] TON: 1.303
[价格] ETC: 8.321
[价格] BCH: 462.9
[价格] HBAR: 0.0957
[价格] XLM: 0.16758
[价格] FIL: 0.8899
[价格] LINK: 9.201
[价格] CRO: 0.07742
[价格] DOT: 1.421
[价格] AAVE: 114.42
[价格] UNI: 3.996
[价格] NEAR: 1.3466
[价格] APT: 0.9273
[价格] CFX: 0.06107
[价格] CRV: 0.2434
[价格] STX: 0.2552
[价格] LDO: 0.3041
[价格] TAO: 280.8
✅ [数据完整] 成功获取全部 27/27 个币种的数据
[保存] 数据已写入 /home/user/webapp/data/coin_change_tracker/coin_change_20260316.jsonl
[保存] 涨速数据已写入 /home/user/webapp/data/coin_change_tracker/velocity_20260316.jsonl
[统计] 总涨跌幅: 20.21%, 5分钟涨速: +0.25%, 币种数: 27, 上涨占比: 92.6% (25↑/2↓)
[等待] 下次采集时间: 02:02:35

[2026-03-16 02:02:44] 开始采集...
[价格] BTC: 71765.8
[价格] ETH: 2107.9
[价格] XRP: 1.4193
[价格] BNB: 661.4
[价格] SOL: 88.42
[价格] LTC: 55.18
[价格] DOGE: 0.09541
[价格] SUI: 1.0087
[价格] TRX: 0.2985
[价格] TON: 1.302
[价格] ETC: 8.323
[价格] BCH: 462.7
[价格] HBAR: 0.09565
[价格] XLM: 0.1676
[价格] FIL: 0.8891
[价格] LINK: 9.199
[价格] CRO: 0.07739
[价格] DOT: 1.421
[价格] AAVE: 114.56
[价格] UNI: 3.993
[价格] NEAR: 1.3457
[价格] APT: 0.9265
[价格] CFX: 0.06107
[价格] CRV: 0.2416
[价格] STX: 0.2551
[价格] LDO: 0.3038
[价格] TAO: 281.3
✅ [数据完整] 成功获取全部 27/27 个币种的数据
[保存] 数据已写入 /home/user/webapp/data/coin_change_tracker/coin_change_20260316.jsonl
[保存] 涨速数据已写入 /home/user/webapp/data/coin_change_tracker/velocity_20260316.jsonl
[统计] 总涨跌幅: 19.01%, 5分钟涨速: -0.85%, 币种数: 27, 上涨占比: 92.6% (25↑/2↓)
[等待] 下次采集时间: 02:03:44

[2026-03-16 02:03:54] 开始采集...
[价格] BTC: 71777.0
[价格] ETH: 2109.13
[价格] XRP: 1.4197
[价格] BNB: 661.5
[价格] SOL: 88.51
[价格] LTC: 55.19
[价格] DOGE: 0.09539
[价格] SUI: 1.0087
[价格] TRX: 0.29849
[价格] TON: 1.302
[价格] ETC: 8.322
[价格] BCH: 462.8
[价格] HBAR: 0.09568
[价格] XLM: 0.1676
[价格] FIL: 0.8887
[价格] LINK: 9.203
[价格] CRO: 0.07737
[价格] DOT: 1.421
[价格] AAVE: 114.6
[价格] UNI: 3.995
[价格] NEAR: 1.3453
[价格] APT: 0.9265
[价格] CFX: 0.06088
[价格] CRV: 0.2415
[价格] STX: 0.2549
[价格] LDO: 0.3039
[价格] TAO: 281.7
[RSI] 开始采集5分钟RSI数据...
[RSI] BTC: 73.23
[RSI] ETH: 74.76
[RSI] XRP: 66.19
[RSI] BNB: 67.69
[RSI] SOL: 72.82
[RSI] LTC: 66.67
[RSI] DOGE: 70.45
[RSI] SUI: 70.45
[RSI] TRX: 71.43
[RSI] TON: 72.73
[RSI] ETC: 71.43
[RSI] BCH: 62.96
[RSI] HBAR: 62.32
[RSI] XLM: 58.31
[RSI] FIL: 68.82
[RSI] LINK: 71.17
[RSI] CRO: 60.77
[RSI] DOT: 65.52
[RSI] AAVE: 78.82
[RSI] UNI: 76.83
[RSI] NEAR: 64.6
[RSI] APT: 65.31
[RSI] CFX: 57.86
[RSI] CRV: 74.39
[RSI] STX: 66.67
[RSI] LDO: 70.13
[RSI] TAO: 73.68
[RSI] 成功采集 27/27 个币种，RSI之和: 1856.01
[保存] RSI数据已写入 /home/user/webapp/data/coin_change_tracker/rsi_20260316.jsonl
✅ [数据完整] 成功获取全部 27/27 个币种的数据
[保存] 数据已写入 /home/user/webapp/data/coin_change_tracker/coin_change_20260316.jsonl
[保存] 涨速数据已写入 /home/user/webapp/data/coin_change_tracker/velocity_20260316.jsonl
[统计] 总涨跌幅: 18.99%, 5分钟涨速: +0.07%, 币种数: 27, 上涨占比: 92.6% (25↑/2↓), RSI之和: 1856.01
[等待] 下次采集时间: 02:04:54

[2026-03-16 02:05:13] 开始采集...
[价格] BTC: 71776.5
[价格] ETH: 2109.1
[价格] XRP: 1.4195
[价格] BNB: 661.6
[价格] SOL: 88.48
[价格] LTC: 55.21
[价格] DOGE: 0.09534
[价格] SUI: 1.0076
[价格] TRX: 0.29843
[价格] TON: 1.303
[价格] ETC: 8.323
[价格] BCH: 462.9
[价格] HBAR: 0.0957
[价格] XLM: 0.16771
[价格] FIL: 0.8888
[价格] LINK: 9.201
[价格] CRO: 0.07742
[价格] DOT: 1.42
[价格] AAVE: 114.58
[价格] UNI: 3.995
[价格] NEAR: 1.3463
[价格] APT: 0.9265
[价格] CFX: 0.0612
[价格] CRV: 0.2414
[价格] STX: 0.255
[价格] LDO: 0.3038
[价格] TAO: 281.2
✅ [数据完整] 成功获取全部 27/27 个币种的数据
[保存] 数据已写入 /home/user/webapp/data/coin_change_tracker/coin_change_20260316.jsonl
[保存] 涨速数据已写入 /home/user/webapp/data/coin_change_tracker/velocity_20260316.jsonl
[统计] 总涨跌幅: 19.38%, 5分钟涨速: -1.70%, 币种数: 27, 上涨占比: 92.6% (25↑/2↓)
[等待] 下次采集时间: 02:06:13

[2026-03-16 02:06:23] 开始采集...
[价格] BTC: 71762.5
[价格] ETH: 2108.9
[价格] XRP: 1.4195
[价格] BNB: 661.5
[价格] SOL: 88.48
[价格] LTC: 55.2
[价格] DOGE: 0.09531
[价格] SUI: 1.008
[价格] TRX: 0.29843
[价格] TON: 1.303
[价格] ETC: 8.325
[价格] BCH: 462.9
[价格] HBAR: 0.09569
[价格] XLM: 0.16769
[价格] FIL: 0.8891
[价格] LINK: 9.2
[价格] CRO: 0.07742
[价格] DOT: 1.42
[价格] AAVE: 114.56
[价格] UNI: 3.997
[价格] NEAR: 1.3447
[价格] APT: 0.926
[价格] CFX: 0.06102
[价格] CRV: 0.2414
[价格] STX: 0.2554
[价格] LDO: 0.3039
[价格] TAO: 284.8
✅ [数据完整] 成功获取全部 27/27 个币种的数据
[保存] 数据已写入 /home/user/webapp/data/coin_change_tracker/coin_change_20260316.jsonl
[保存] 涨速数据已写入 /home/user/webapp/data/coin_change_tracker/velocity_20260316.jsonl
[统计] 总涨跌幅: 20.41%, 5分钟涨速: +0.20%, 币种数: 27, 上涨占比: 92.6% (25↑/2↓)
[等待] 下次采集时间: 02:07:23

[2026-03-16 02:07:32] 开始采集...
[价格] BTC: 71772.1
[价格] ETH: 2109.96
[价格] XRP: 1.4202
[价格] BNB: 661.7
[价格] SOL: 88.5
[价格] LTC: 55.22
[价格] DOGE: 0.09532
[价格] SUI: 1.0085
[价格] TRX: 0.29843
[价格] TON: 1.303
[价格] ETC: 8.328
[价格] BCH: 463.0
[价格] HBAR: 0.09584
[价格] XLM: 0.16779
[价格] FIL: 0.8887
[价格] LINK: 9.2
[价格] CRO: 0.07741
[价格] DOT: 1.42
[价格] AAVE: 114.55
[价格] UNI: 3.999
[价格] NEAR: 1.3447
[价格] APT: 0.9265
[价格] CFX: 0.06123
[价格] CRV: 0.2417
[价格] STX: 0.2553
[价格] LDO: 0.3041
[价格] TAO: 285.4
✅ [数据完整] 成功获取全部 27/27 个币种的数据
[保存] 数据已写入 /home/user/webapp/data/coin_change_tracker/coin_change_20260316.jsonl
[保存] 涨速数据已写入 /home/user/webapp/data/coin_change_tracker/velocity_20260316.jsonl
[统计] 总涨跌幅: 21.71%, 5分钟涨速: +2.70%, 币种数: 27, 上涨占比: 92.6% (25↑/2↓)
[等待] 下次采集时间: 02:08:32

[2026-03-16 02:08:42] 开始采集...
[价格] BTC: 71764.9
[价格] ETH: 2109.75
[价格] XRP: 1.42
[价格] BNB: 661.6
[价格] SOL: 88.52
[价格] LTC: 55.23
[价格] DOGE: 0.09533
[价格] SUI: 1.009
[价格] TRX: 0.29834
[价格] TON: 1.301
[价格] ETC: 8.328
[价格] BCH: 463.1
[价格] HBAR: 0.09588
[价格] XLM: 0.16779
[价格] FIL: 0.8888
[价格] LINK: 9.203
[价格] CRO: 0.07742
[价格] DOT: 1.421
[价格] AAVE: 114.7
[价格] UNI: 4.0
[价格] NEAR: 1.3454
[价格] APT: 0.927
[价格] CFX: 0.0612
[价格] CRV: 0.243
[价格] STX: 0.2555
[价格] LDO: 0.3042
[价格] TAO: 284.9
✅ [数据完整] 成功获取全部 27/27 个币种的数据
[保存] 数据已写入 /home/user/webapp/data/coin_change_tracker/coin_change_20260316.jsonl
[保存] 涨速数据已写入 /home/user/webapp/data/coin_change_tracker/velocity_20260316.jsonl
[统计] 总涨跌幅: 22.46%, 5分钟涨速: +3.47%, 币种数: 27, 上涨占比: 92.6% (25↑/2↓)
[等待] 下次采集时间: 02:09:42

[2026-03-16 02:09:51] 开始采集...
[价格] BTC: 71736.9
[价格] ETH: 2109.03
[价格] XRP: 1.4196
[价格] BNB: 661.6
[价格] SOL: 88.5
[价格] LTC: 55.2
[价格] DOGE: 0.09529
[价格] SUI: 1.009
[价格] TRX: 0.29831
[价格] TON: 1.301
[价格] ETC: 8.326
[价格] BCH: 463.1
[价格] HBAR: 0.09583
[价格] XLM: 0.16774
[价格] FIL: 0.8887
[价格] LINK: 9.201
[价格] CRO: 0.0774
[价格] DOT: 1.42
[价格] AAVE: 114.68
[价格] UNI: 4.0
[价格] NEAR: 1.3442
[价格] APT: 0.9272
[价格] CFX: 0.06098
[价格] CRV: 0.2436
[价格] STX: 0.2554
[价格] LDO: 0.3042
[价格] TAO: 283.8
[RSI] 开始采集5分钟RSI数据...
[RSI] BTC: 66.95
[RSI] ETH: 71.44
[RSI] XRP: 59.88
[RSI] BNB: 71.15
[RSI] SOL: 73.63
[RSI] LTC: 69.35
[RSI] DOGE: 62.66
[RSI] SUI: 68.63
[RSI] TRX: 48.94
[RSI] TON: 58.82
[RSI] ETC: 73.15
[RSI] BCH: 64.71
[RSI] HBAR: 60.53
[RSI] XLM: 57.08
[RSI] FIL: 66.9
[RSI] LINK: 65.97
[RSI] CRO: 59.81
[RSI] DOT: 56.52
[RSI] AAVE: 73.71
[RSI] UNI: 74.63
[RSI] NEAR: 63.91
[RSI] APT: 63.53
[RSI] CFX: 56.38
[RSI] CRV: 74.47
[RSI] STX: 65.96
[RSI] LDO: 66.18
[RSI] TAO: 69.51
[RSI] 成功采集 27/27 个币种，RSI之和: 1764.4
[保存] RSI数据已写入 /home/user/webapp/data/coin_change_tracker/rsi_20260316.jsonl
✅ [数据完整] 成功获取全部 27/27 个币种的数据
[保存] 数据已写入 /home/user/webapp/data/coin_change_tracker/coin_change_20260316.jsonl
[保存] 涨速数据已写入 /home/user/webapp/data/coin_change_tracker/velocity_20260316.jsonl
[统计] 总涨跌幅: 21.38%, 5分钟涨速: +2.00%, 币种数: 27, 上涨占比: 92.6% (25↑/2↓), RSI之和: 1764.4
[等待] 下次采集时间: 02:10:51

[2026-03-16 02:11:11] 开始采集...
[价格] BTC: 71721.5
[价格] ETH: 2108.1
[价格] XRP: 1.4195
[价格] BNB: 661.5
[价格] SOL: 88.54
[价格] LTC: 55.19
[价格] DOGE: 0.09535
[价格] SUI: 1.01
[价格] TRX: 0.29827
[价格] TON: 1.301
[价格] ETC: 8.326
[价格] BCH: 463.0
[价格] HBAR: 0.09582
[价格] XLM: 0.16775
[价格] FIL: 0.8887
[价格] LINK: 9.201
[价格] CRO: 0.07737
[价格] DOT: 1.42
[价格] AAVE: 114.67
[价格] UNI: 4.002
[价格] NEAR: 1.3428
[价格] APT: 0.9287
[价格] CFX: 0.06082
[价格] CRV: 0.2436
[价格] STX: 0.2554
[价格] LDO: 0.3043
[价格] TAO: 283.6
✅ [数据完整] 成功获取全部 27/27 个币种的数据
[保存] 数据已写入 /home/user/webapp/data/coin_change_tracker/coin_change_20260316.jsonl
[保存] 涨速数据已写入 /home/user/webapp/data/coin_change_tracker/velocity_20260316.jsonl
[统计] 总涨跌幅: 21.19%, 5分钟涨速: +0.78%, 币种数: 27, 上涨占比: 92.6% (25↑/2↓)
[等待] 下次采集时间: 02:12:11

[2026-03-16 02:12:20] 开始采集...
[价格] BTC: 71720.0
[价格] ETH: 2108.19
[价格] XRP: 1.4193
[价格] BNB: 661.4
[价格] SOL: 88.49
[价格] LTC: 55.17
[价格] DOGE: 0.09531
[价格] SUI: 1.0093
[价格] TRX: 0.29827
[价格] TON: 1.301
[价格] ETC: 8.323
[价格] BCH: 462.9
[价格] HBAR: 0.09575
[价格] XLM: 0.16773
[价格] FIL: 0.8888
[价格] LINK: 9.199
[价格] CRO: 0.07736
[价格] DOT: 1.419
[价格] AAVE: 114.57
[价格] UNI: 3.999
[价格] NEAR: 1.3426
[价格] APT: 0.9288
[价格] CFX: 0.06068
[价格] CRV: 0.2436
[价格] STX: 0.2552
[价格] LDO: 0.3042
[价格] TAO: 283.1
✅ [数据完整] 成功获取全部 27/27 个币种的数据
[保存] 数据已写入 /home/user/webapp/data/coin_change_tracker/coin_change_20260316.jsonl
[保存] 涨速数据已写入 /home/user/webapp/data/coin_change_tracker/velocity_20260316.jsonl
[统计] 总涨跌幅: 20.05%, 5分钟涨速: -1.66%, 币种数: 27, 上涨占比: 92.6% (25↑/2↓)
[等待] 下次采集时间: 02:13:20

[2026-03-16 02:13:30] 开始采集...
[价格] BTC: 71681.5
[价格] ETH: 2107.25
[价格] XRP: 1.4184
[价格] BNB: 660.8
[价格] SOL: 88.41
[价格] LTC: 55.14
[价格] DOGE: 0.09525
[价格] SUI: 1.0082
[价格] TRX: 0.29831
[价格] TON: 1.301
[价格] ETC: 8.316
[价格] BCH: 462.5
[价格] HBAR: 0.09573
[价格] XLM: 0.16755
[价格] FIL: 0.888
[价格] LINK: 9.196
[价格] CRO: 0.07724
[价格] DOT: 1.417
[价格] AAVE: 114.55
[价格] UNI: 3.994
[价格] NEAR: 1.3414
[价格] APT: 0.9279
[价格] CFX: 0.06059
[价格] CRV: 0.2441
[价格] STX: 0.2549
[价格] LDO: 0.304
[价格] TAO: 282.4
✅ [数据完整] 成功获取全部 27/27 个币种的数据
[保存] 数据已写入 /home/user/webapp/data/coin_change_tracker/coin_change_20260316.jsonl
[保存] 涨速数据已写入 /home/user/webapp/data/coin_change_tracker/velocity_20260316.jsonl
[统计] 总涨跌幅: 18.05%, 5分钟涨速: -4.41%, 币种数: 27, 上涨占比: 92.6% (25↑/2↓)
[等待] 下次采集时间: 02:14:30

[2026-03-16 02:14:39] 开始采集...
[价格] BTC: 71698.9
[价格] ETH: 2107.97
[价格] XRP: 1.4182
[价格] BNB: 661.0
[价格] SOL: 88.52
[价格] LTC: 55.16
[价格] DOGE: 0.09528
[价格] SUI: 1.0086
[价格] TRX: 0.29831
[价格] TON: 1.301
[价格] ETC: 8.319
[价格] BCH: 462.7
[价格] HBAR: 0.09572
[价格] XLM: 0.1676
[价格] FIL: 0.8887
[价格] LINK: 9.199
[价格] CRO: 0.07729
[价格] DOT: 1.419
[价格] AAVE: 114.6
[价格] UNI: 3.995
[价格] NEAR: 1.3434
[价格] APT: 0.9277
[价格] CFX: 0.06049
[价格] CRV: 0.2437
[价格] STX: 0.2549
[价格] LDO: 0.3042
[价格] TAO: 282.5
✅ [数据完整] 成功获取全部 27/27 个币种的数据
[保存] 数据已写入 /home/user/webapp/data/coin_change_tracker/coin_change_20260316.jsonl
[保存] 涨速数据已写入 /home/user/webapp/data/coin_change_tracker/velocity_20260316.jsonl
[统计] 总涨跌幅: 18.74%, 5分钟涨速: -2.64%, 币种数: 27, 上涨占比: 92.6% (25↑/2↓)
[等待] 下次采集时间: 02:15:39

[2026-03-16 02:15:49] 开始采集...
[价格] BTC: 71675.0
[价格] ETH: 2106.56
[价格] XRP: 1.418
[价格] BNB: 660.7
[价格] SOL: 88.47
[价格] LTC: 55.15
[价格] DOGE: 0.09521
[价格] SUI: 1.0077
[价格] TRX: 0.29829
[价格] TON: 1.301
[价格] ETC: 8.314
[价格] BCH: 462.4
[价格] HBAR: 0.09567
[价格] XLM: 0.16746
[价格] FIL: 0.8887
[价格] LINK: 9.191
[价格] CRO: 0.07725
[价格] DOT: 1.418
[价格] AAVE: 114.51
[价格] UNI: 3.99
[价格] NEAR: 1.3422
[价格] APT: 0.9272
[价格] CFX: 0.06036
[价格] CRV: 0.2438
[价格] STX: 0.2546
[价格] LDO: 0.304
[价格] TAO: 282.0
[RSI] 开始采集5分钟RSI数据...
[RSI] BTC: 62.83
[RSI] ETH: 67.01
[RSI] XRP: 57.14
[RSI] BNB: 60.34
[RSI] SOL: 72.0
[RSI] LTC: 60.0
[RSI] DOGE: 56.95
[RSI] SUI: 63.33
[RSI] TRX: 38.27
[RSI] TON: 62.5
[RSI] ETC: 61.36
[RSI] BCH: 55.56
[RSI] HBAR: 52.69
[RSI] XLM: 52.9
[RSI] FIL: 64.39
[RSI] LINK: 61.9
[RSI] CRO: 47.06
[RSI] DOT: 45.0
[RSI] AAVE: 67.12
[RSI] UNI: 65.22
[RSI] NEAR: 44.96
[RSI] APT: 59.26
[RSI] CFX: 42.94
[RSI] CRV: 73.91
[RSI] STX: 54.9
[RSI] LDO: 63.49
[RSI] TAO: 62.98
[RSI] 成功采集 27/27 个币种，RSI之和: 1576.01
[保存] RSI数据已写入 /home/user/webapp/data/coin_change_tracker/rsi_20260316.jsonl
✅ [数据完整] 成功获取全部 27/27 个币种的数据
[保存] 数据已写入 /home/user/webapp/data/coin_change_tracker/coin_change_20260316.jsonl
[保存] 涨速数据已写入 /home/user/webapp/data/coin_change_tracker/velocity_20260316.jsonl
[统计] 总涨跌幅: 16.96%, 5分钟涨速: -4.23%, 币种数: 27, 上涨占比: 92.6% (25↑/2↓), RSI之和: 1576.01
[等待] 下次采集时间: 02:16:49

[2026-03-16 02:17:08] 开始采集...
[价格] BTC: 71710.8
[价格] ETH: 2107.89
[价格] XRP: 1.4178
[价格] BNB: 660.8
[价格] SOL: 88.5
[价格] LTC: 55.16
[价格] DOGE: 0.09517
[价格] SUI: 1.007
[价格] TRX: 0.29823
[价格] TON: 1.301
[价格] ETC: 8.313
[价格] BCH: 462.3
[价格] HBAR: 0.09568
[价格] XLM: 0.16743
[价格] FIL: 0.8882
[价格] LINK: 9.193
[价格] CRO: 0.07729
[价格] DOT: 1.418
[价格] AAVE: 114.61
[价格] UNI: 3.993
[价格] NEAR: 1.3421
[价格] APT: 0.9269
[价格] CFX: 0.06032
[价格] CRV: 0.245
[价格] STX: 0.2545
[价格] LDO: 0.3039
[价格] TAO: 282.8
✅ [数据完整] 成功获取全部 27/27 个币种的数据
[保存] 数据已写入 /home/user/webapp/data/coin_change_tracker/coin_change_20260316.jsonl
[保存] 涨速数据已写入 /home/user/webapp/data/coin_change_tracker/velocity_20260316.jsonl
[统计] 总涨跌幅: 17.74%, 5分钟涨速: -2.31%, 币种数: 27, 上涨占比: 92.6% (25↑/2↓)
[等待] 下次采集时间: 02:18:08

[2026-03-16 02:18:17] 开始采集...
[价格] BTC: 71732.4
[价格] ETH: 2109.93
[价格] XRP: 1.4186
[价格] BNB: 661.3
[价格] SOL: 88.56
[价格] LTC: 55.18
[价格] DOGE: 0.09521
[价格] SUI: 1.008
[价格] TRX: 0.29823
[价格] TON: 1.302
[价格] ETC: 8.318
[价格] BCH: 462.3
[价格] HBAR: 0.09579
[价格] XLM: 0.16757
[价格] FIL: 0.8887
[价格] LINK: 9.205
[价格] CRO: 0.0773
[价格] DOT: 1.42
[价格] AAVE: 114.74
[价格] UNI: 3.994
[价格] NEAR: 1.3436
[价格] APT: 0.9277
[价格] CFX: 0.06029
[价格] CRV: 0.2439
[价格] STX: 0.2548
[价格] LDO: 0.304
[价格] TAO: 284.5
✅ [数据完整] 成功获取全部 27/27 个币种的数据
[保存] 数据已写入 /home/user/webapp/data/coin_change_tracker/coin_change_20260316.jsonl
[保存] 涨速数据已写入 /home/user/webapp/data/coin_change_tracker/velocity_20260316.jsonl
[统计] 总涨跌幅: 19.55%, 5分钟涨速: +1.50%, 币种数: 27, 上涨占比: 92.6% (25↑/2↓)
[等待] 下次采集时间: 02:19:17

[2026-03-16 02:19:32] 开始采集...
[价格] BTC: 71697.6
[价格] ETH: 2108.44
[价格] XRP: 1.418
[价格] BNB: 661.2
[价格] SOL: 88.51
[价格] LTC: 55.16
[价格] DOGE: 0.09514
[价格] SUI: 1.0071
[价格] TRX: 0.29824
[价格] TON: 1.302
[价格] ETC: 8.318
[价格] BCH: 462.2
[价格] HBAR: 0.09577
[价格] XLM: 0.16746
[价格] FIL: 0.8877
[价格] LINK: 9.203
[价格] CRO: 0.07726
[价格] DOT: 1.42
[价格] AAVE: 114.68
[价格] UNI: 3.993
[价格] NEAR: 1.3449
[价格] APT: 0.9269
[价格] CFX: 0.06028
[价格] CRV: 0.2437
[价格] STX: 0.2546
[价格] LDO: 0.304
[价格] TAO: 284.0
✅ [数据完整] 成功获取全部 27/27 个币种的数据
[保存] 数据已写入 /home/user/webapp/data/coin_change_tracker/coin_change_20260316.jsonl
[保存] 涨速数据已写入 /home/user/webapp/data/coin_change_tracker/velocity_20260316.jsonl
[统计] 总涨跌幅: 18.38%, 5分钟涨速: -0.36%, 币种数: 27, 上涨占比: 92.3% (24↑/2↓)
[等待] 下次采集时间: 02:20:32

[2026-03-16 02:20:41] 开始采集...
[价格] BTC: 71700.0
[价格] ETH: 2108.68
[价格] XRP: 1.4177
[价格] BNB: 661.2
[价格] SOL: 88.52
[价格] LTC: 55.16
[价格] DOGE: 0.0952
[价格] SUI: 1.0067
[价格] TRX: 0.29824
[价格] TON: 1.303
[价格] ETC: 8.316
[价格] BCH: 462.5
[价格] HBAR: 0.0957
[价格] XLM: 0.16732
[价格] FIL: 0.8874
[价格] LINK: 9.197
[价格] CRO: 0.07728
[价格] DOT: 1.418
[价格] AAVE: 114.54
[价格] UNI: 3.992
[价格] NEAR: 1.3425
[价格] APT: 0.9252
[价格] CFX: 0.06038
[价格] CRV: 0.2436
[价格] STX: 0.2545
[价格] LDO: 0.3037
[价格] TAO: 283.0
✅ [数据完整] 成功获取全部 27/27 个币种的数据
[保存] 数据已写入 /home/user/webapp/data/coin_change_tracker/coin_change_20260316.jsonl
[保存] 涨速数据已写入 /home/user/webapp/data/coin_change_tracker/velocity_20260316.jsonl
[统计] 总涨跌幅: 17.25%, 5分钟涨速: +0.29%, 币种数: 27, 上涨占比: 92.6% (25↑/2↓)
[等待] 下次采集时间: 02:21:41

[2026-03-16 02:21:51] 开始采集...
[价格] BTC: 71716.7
[价格] ETH: 2108.78
[价格] XRP: 1.4185
[价格] BNB: 661.2
[价格] SOL: 88.56
[价格] LTC: 55.17
[价格] DOGE: 0.09524
[价格] SUI: 1.0074
[价格] TRX: 0.29825
[价格] TON: 1.303
[价格] ETC: 8.317
[价格] BCH: 462.4
[价格] HBAR: 0.09576
[价格] XLM: 0.16738
[价格] FIL: 0.8875
[价格] LINK: 9.199
[价格] CRO: 0.07732
[价格] DOT: 1.418
[价格] AAVE: 114.54
[价格] UNI: 3.994
[价格] NEAR: 1.3419
[价格] APT: 0.9257
[价格] CFX: 0.06047
[价格] CRV: 0.2434
[价格] STX: 0.2545
[价格] LDO: 0.3038
[价格] TAO: 283.2
[RSI] 开始采集5分钟RSI数据...
[RSI] BTC: 65.52
[RSI] ETH: 68.94
[RSI] XRP: 58.62
[RSI] BNB: 71.15
[RSI] SOL: 74.72
[RSI] LTC: 61.82
[RSI] DOGE: 59.33
[RSI] SUI: 66.17
[RSI] TRX: 43.66
[RSI] TON: 62.5
[RSI] ETC: 65.32
[RSI] BCH: 57.41
[RSI] HBAR: 57.54
[RSI] XLM: 52.69
[RSI] FIL: 56.43
[RSI] LINK: 64.71
[RSI] CRO: 53.68
[RSI] DOT: 45.45
[RSI] AAVE: 64.02
[RSI] UNI: 67.65
[RSI] NEAR: 46.62
[RSI] APT: 52.6
[RSI] CFX: 46.51
[RSI] CRV: 70.21
[RSI] STX: 53.85
[RSI] LDO: 60.61
[RSI] TAO: 63.83
[RSI] 成功采集 27/27 个币种，RSI之和: 1611.56
[保存] RSI数据已写入 /home/user/webapp/data/coin_change_tracker/rsi_20260316.jsonl
✅ [数据完整] 成功获取全部 27/27 个币种的数据
[保存] 数据已写入 /home/user/webapp/data/coin_change_tracker/coin_change_20260316.jsonl
[保存] 涨速数据已写入 /home/user/webapp/data/coin_change_tracker/velocity_20260316.jsonl
[统计] 总涨跌幅: 17.94%, 5分钟涨速: +0.20%, 币种数: 27, 上涨占比: 92.6% (25↑/2↓), RSI之和: 1611.56
[等待] 下次采集时间: 02:22:51

[2026-03-16 02:23:15] 开始采集...
[价格] BTC: 71732.4
[价格] ETH: 2108.84
[价格] XRP: 1.4183
[价格] BNB: 661.3
[价格] SOL: 88.58
[价格] LTC: 55.2
[价格] DOGE: 0.09525
[价格] SUI: 1.0081
[价格] TRX: 0.29824
[价格] TON: 1.302
[价格] ETC: 8.324
[价格] BCH: 462.5
[价格] HBAR: 0.0958
[价格] XLM: 0.16736
[价格] FIL: 0.8876
[价格] LINK: 9.199
[价格] CRO: 0.0773
[价格] DOT: 1.419
[价格] AAVE: 114.58
[价格] UNI: 3.995
[价格] NEAR: 1.3418
[价格] APT: 0.9258
[价格] CFX: 0.06045
[价格] CRV: 0.2434
[价格] STX: 0.2546
[价格] LDO: 0.3039
[价格] TAO: 282.6
✅ [数据完整] 成功获取全部 27/27 个币种的数据
[保存] 数据已写入 /home/user/webapp/data/coin_change_tracker/coin_change_20260316.jsonl
[保存] 涨速数据已写入 /home/user/webapp/data/coin_change_tracker/velocity_20260316.jsonl
[统计] 总涨跌幅: 18.11%, 5分钟涨速: -1.44%, 币种数: 27, 上涨占比: 92.6% (25↑/2↓)
[等待] 下次采集时间: 02:24:15

[2026-03-16 02:24:24] 开始采集...
[价格] BTC: 71679.9
[价格] ETH: 2107.27
[价格] XRP: 1.4174
[价格] BNB: 661.0
[价格] SOL: 88.55
[价格] LTC: 55.16
[价格] DOGE: 0.09522
[价格] SUI: 1.0063
[价格] TRX: 0.29825
[价格] TON: 1.302
[价格] ETC: 8.316
[价格] BCH: 462.3
[价格] HBAR: 0.09572
[价格] XLM: 0.16713
[价格] FIL: 0.8868
[价格] LINK: 9.191
[价格] CRO: 0.07727
[价格] DOT: 1.417
[价格] AAVE: 114.33
[价格] UNI: 3.992
[价格] NEAR: 1.3414
[价格] APT: 0.9248
[价格] CFX: 0.06047
[价格] CRV: 0.2431
[价格] STX: 0.2542
[价格] LDO: 0.3035
[价格] TAO: 282.8
✅ [数据完整] 成功获取全部 27/27 个币种的数据
[保存] 数据已写入 /home/user/webapp/data/coin_change_tracker/coin_change_20260316.jsonl
[保存] 涨速数据已写入 /home/user/webapp/data/coin_change_tracker/velocity_20260316.jsonl
[统计] 总涨跌幅: 16.07%, 5分钟涨速: -2.31%, 币种数: 27, 上涨占比: 92.6% (25↑/2↓)
[等待] 下次采集时间: 02:25:24

[2026-03-16 02:25:34] 开始采集...
[价格] BTC: 71700.3
[价格] ETH: 2108.56
[价格] XRP: 1.4181
[价格] BNB: 661.3
[价格] SOL: 88.61
[价格] LTC: 55.15
[价格] DOGE: 0.09527
[价格] SUI: 1.0064
[价格] TRX: 0.29821
[价格] TON: 1.302
[价格] ETC: 8.32
[价格] BCH: 462.5
[价格] HBAR: 0.09573
[价格] XLM: 0.16728
[价格] FIL: 0.8869
[价格] LINK: 9.196
[价格] CRO: 0.07728
[价格] DOT: 1.418
[价格] AAVE: 114.43
[价格] UNI: 3.992
[价格] NEAR: 1.3421
[价格] APT: 0.9254
[价格] CFX: 0.06067
[价格] CRV: 0.2431
[价格] STX: 0.2544
[价格] LDO: 0.3036
[价格] TAO: 283.7
✅ [数据完整] 成功获取全部 27/27 个币种的数据
[保存] 数据已写入 /home/user/webapp/data/coin_change_tracker/coin_change_20260316.jsonl
[保存] 涨速数据已写入 /home/user/webapp/data/coin_change_tracker/velocity_20260316.jsonl
[统计] 总涨跌幅: 17.67%, 5分钟涨速: +0.42%, 币种数: 27, 上涨占比: 92.6% (25↑/2↓)
[等待] 下次采集时间: 02:26:34

[2026-03-16 02:26:43] 开始采集...
[价格] BTC: 71683.9
[价格] ETH: 2107.7
[价格] XRP: 1.4178
[价格] BNB: 661.2
[价格] SOL: 88.58
[价格] LTC: 55.15
[价格] DOGE: 0.09521
[价格] SUI: 1.0061
[价格] TRX: 0.29821
[价格] TON: 1.303
[价格] ETC: 8.32
[价格] BCH: 462.4
[价格] HBAR: 0.09573
[价格] XLM: 0.16725
[价格] FIL: 0.8868
[价格] LINK: 9.196
[价格] CRO: 0.07727
[价格] DOT: 1.418
[价格] AAVE: 114.39
[价格] UNI: 3.991
[价格] NEAR: 1.3428
[价格] APT: 0.9253
[价格] CFX: 0.06062
[价格] CRV: 0.2435
[价格] STX: 0.2544
[价格] LDO: 0.3036
[价格] TAO: 283.6
✅ [数据完整] 成功获取全部 27/27 个币种的数据
[保存] 数据已写入 /home/user/webapp/data/coin_change_tracker/coin_change_20260316.jsonl
[保存] 涨速数据已写入 /home/user/webapp/data/coin_change_tracker/velocity_20260316.jsonl
[统计] 总涨跌幅: 17.48%, 5分钟涨速: -0.46%, 币种数: 27, 上涨占比: 92.6% (25↑/2↓)
[等待] 下次采集时间: 02:27:43

[2026-03-16 02:27:53] 开始采集...
[价格] BTC: 71688.0
[价格] ETH: 2107.81
[价格] XRP: 1.4176
[价格] BNB: 661.2
[价格] SOL: 88.56
[价格] LTC: 55.14
[价格] DOGE: 0.09516
[价格] SUI: 1.006
[价格] TRX: 0.2982
[价格] TON: 1.302
[价格] ETC: 8.318
[价格] BCH: 462.3
[价格] HBAR: 0.09576
[价格] XLM: 0.16731
[价格] FIL: 0.8869
[价格] LINK: 9.194
[价格] CRO: 0.07727
[价格] DOT: 1.417
[价格] AAVE: 114.41
[价格] UNI: 3.991
[价格] NEAR: 1.3416
[价格] APT: 0.9251
[价格] CFX: 0.06076
[价格] CRV: 0.244
[价格] STX: 0.2545
[价格] LDO: 0.3037
[价格] TAO: 283.8
[RSI] 开始采集5分钟RSI数据...
[RSI] BTC: 61.36
[RSI] ETH: 67.06
[RSI] XRP: 58.62
[RSI] BNB: 70.0
[RSI] SOL: 73.05
[RSI] LTC: 57.14
[RSI] DOGE: 57.23
[RSI] SUI: 60.49
[RSI] TRX: 40.26
[RSI] TON: 53.85
[RSI] ETC: 64.29
[RSI] BCH: 57.14
[RSI] HBAR: 58.47
[RSI] XLM: 52.36
[RSI] FIL: 52.11
[RSI] LINK: 63.35
[RSI] CRO: 52.17
[RSI] DOT: 40.91
[RSI] AAVE: 61.48
[RSI] UNI: 63.64
[RSI] NEAR: 41.54
[RSI] APT: 48.59
[RSI] CFX: 54.73
[RSI] CRV: 70.59
[RSI] STX: 54.39
[RSI] LDO: 55.38
[RSI] TAO: 67.36
[RSI] 成功采集 27/27 个币种，RSI之和: 1557.56
[保存] RSI数据已写入 /home/user/webapp/data/coin_change_tracker/rsi_20260316.jsonl
✅ [数据完整] 成功获取全部 27/27 个币种的数据
[保存] 数据已写入 /home/user/webapp/data/coin_change_tracker/coin_change_20260316.jsonl
[保存] 涨速数据已写入 /home/user/webapp/data/coin_change_tracker/velocity_20260316.jsonl
[统计] 总涨跌幅: 17.75%, 5分钟涨速: -0.36%, 币种数: 27, 上涨占比: 92.6% (25↑/2↓), RSI之和: 1557.56
[等待] 下次采集时间: 02:28:53

[2026-03-16 02:29:12] 开始采集...
[价格] BTC: 71665.0
[价格] ETH: 2106.77
[价格] XRP: 1.4174
[价格] BNB: 661.0
[价格] SOL: 88.47
[价格] LTC: 55.13
[价格] DOGE: 0.09516
[价格] SUI: 1.0058
[价格] TRX: 0.29818
[价格] TON: 1.302
[价格] ETC: 8.316
[价格] BCH: 462.3
[价格] HBAR: 0.09569
[价格] XLM: 0.16714
[价格] FIL: 0.8866
[价格] LINK: 9.19
[价格] CRO: 0.07727
[价格] DOT: 1.417
[价格] AAVE: 114.49
[价格] UNI: 3.99
[价格] NEAR: 1.3417
[价格] APT: 0.9247
[价格] CFX: 0.06074
[价格] CRV: 0.2442
[价格] STX: 0.2544
[价格] LDO: 0.3037
[价格] TAO: 283.9
✅ [数据完整] 成功获取全部 27/27 个币种的数据
[保存] 数据已写入 /home/user/webapp/data/coin_change_tracker/coin_change_20260316.jsonl
[保存] 涨速数据已写入 /home/user/webapp/data/coin_change_tracker/velocity_20260316.jsonl
[统计] 总涨跌幅: 17.25%, 5分钟涨速: +1.18%, 币种数: 27, 上涨占比: 92.6% (25↑/2↓)
[等待] 下次采集时间: 02:30:12

[2026-03-16 02:30:21] 开始采集...
[价格] BTC: 71708.6
[价格] ETH: 2107.8
[价格] XRP: 1.4178
[价格] BNB: 661.1
[价格] SOL: 88.54
[价格] LTC: 55.15
[价格] DOGE: 0.09523
[价格] SUI: 1.0067
[价格] TRX: 0.29817
[价格] TON: 1.303
[价格] ETC: 8.32
[价格] BCH: 462.3
[价格] HBAR: 0.09577
[价格] XLM: 0.16729
[价格] FIL: 0.8873
[价格] LINK: 9.196
[价格] CRO: 0.07732
[价格] DOT: 1.418
[价格] AAVE: 114.62
[价格] UNI: 3.992
[价格] NEAR: 1.342
[价格] APT: 0.925
[价格] CFX: 0.06075
[价格] CRV: 0.2448
[价格] STX: 0.2547
[价格] LDO: 0.3038
[价格] TAO: 283.9
✅ [数据完整] 成功获取全部 27/27 个币种的数据
[保存] 数据已写入 /home/user/webapp/data/coin_change_tracker/coin_change_20260316.jsonl
[保存] 涨速数据已写入 /home/user/webapp/data/coin_change_tracker/velocity_20260316.jsonl
[统计] 总涨跌幅: 18.91%, 5分钟涨速: +1.24%, 币种数: 27, 上涨占比: 92.6% (25↑/2↓)
[等待] 下次采集时间: 02:31:21

[2026-03-16 02:31:31] 开始采集...
[价格] BTC: 71763.5
[价格] ETH: 2109.8
[价格] XRP: 1.4185
[价格] BNB: 661.4
[价格] SOL: 88.56
[价格] LTC: 55.18
[价格] DOGE: 0.09528
[价格] SUI: 1.0081
[价格] TRX: 0.29817
[价格] TON: 1.304
[价格] ETC: 8.328
[价格] BCH: 462.6
[价格] HBAR: 0.09569
[价格] XLM: 0.16742
[价格] FIL: 0.8877
[价格] LINK: 9.2
[价格] CRO: 0.07739
[价格] DOT: 1.419
[价格] AAVE: 114.67
[价格] UNI: 3.996
[价格] NEAR: 1.3446
[价格] APT: 0.9258
[价格] CFX: 0.06083
[价格] CRV: 0.2448
[价格] STX: 0.2548
[价格] LDO: 0.3039
[价格] TAO: 285.0
✅ [数据完整] 成功获取全部 27/27 个币种的数据
[保存] 数据已写入 /home/user/webapp/data/coin_change_tracker/coin_change_20260316.jsonl
[保存] 涨速数据已写入 /home/user/webapp/data/coin_change_tracker/velocity_20260316.jsonl
[统计] 总涨跌幅: 20.96%, 5分钟涨速: +3.48%, 币种数: 27, 上涨占比: 92.6% (25↑/2↓)
[等待] 下次采集时间: 02:32:31

[2026-03-16 02:32:41] 开始采集...
[价格] BTC: 71754.8
[价格] ETH: 2110.1
[价格] XRP: 1.4184
[价格] BNB: 661.3
[价格] SOL: 88.56
[价格] LTC: 55.17
[价格] DOGE: 0.09528
[价格] SUI: 1.0085
[价格] TRX: 0.29816
[价格] TON: 1.304
[价格] ETC: 8.326
[价格] BCH: 462.6
[价格] HBAR: 0.0957
[价格] XLM: 0.16732
[价格] FIL: 0.8874
[价格] LINK: 9.2
[价格] CRO: 0.0774
[价格] DOT: 1.418
[价格] AAVE: 114.98
[价格] UNI: 3.998
[价格] NEAR: 1.3433
[价格] APT: 0.925
[价格] CFX: 0.06098
[价格] CRV: 0.2456
[价格] STX: 0.2548
[价格] LDO: 0.304
[价格] TAO: 285.9
✅ [数据完整] 成功获取全部 27/27 个币种的数据
[保存] 数据已写入 /home/user/webapp/data/coin_change_tracker/coin_change_20260316.jsonl
[保存] 涨速数据已写入 /home/user/webapp/data/coin_change_tracker/velocity_20260316.jsonl
[统计] 总涨跌幅: 21.89%, 5分钟涨速: +4.14%, 币种数: 27, 上涨占比: 92.6% (25↑/2↓)
[等待] 下次采集时间: 02:33:41

[2026-03-16 02:33:50] 开始采集...
[价格] BTC: 71735.6
[价格] ETH: 2110.0
[价格] XRP: 1.4178
[价格] BNB: 661.1
[价格] SOL: 88.52
[价格] LTC: 55.17
[价格] DOGE: 0.09526
[价格] SUI: 1.0083
[价格] TRX: 0.29811
[价格] TON: 1.304
[价格] ETC: 8.328
[价格] BCH: 462.6
[价格] HBAR: 0.09576
[价格] XLM: 0.1674
[价格] FIL: 0.8879
[价格] LINK: 9.202
[价格] CRO: 0.07736
[价格] DOT: 1.419
[价格] AAVE: 115.1
[价格] UNI: 4.002
[价格] NEAR: 1.3436
[价格] APT: 0.9256
[价格] CFX: 0.061
[价格] CRV: 0.2468
[价格] STX: 0.2547
[价格] LDO: 0.3042
[价格] TAO: 286.9
[RSI] 开始采集5分钟RSI数据...
[RSI] BTC: 64.6
[RSI] ETH: 70.75
[RSI] XRP: 62.5
[RSI] BNB: 69.09
[RSI] SOL: 71.59
[RSI] LTC: 64.91
[RSI] DOGE: 60.71
[RSI] SUI: 68.7
[RSI] TRX: 39.24
[RSI] TON: 64.29
[RSI] ETC: 66.91
[RSI] BCH: 60.34
[RSI] HBAR: 67.47
[RSI] XLM: 58.52
[RSI] FIL: 60.39
[RSI] LINK: 68.39
[RSI] CRO: 54.64
[RSI] DOT: 47.83
[RSI] AAVE: 68.96
[RSI] UNI: 72.0
[RSI] NEAR: 44.93
[RSI] APT: 51.37
[RSI] CFX: 62.01
[RSI] CRV: 77.86
[RSI] STX: 55.93
[RSI] LDO: 61.76
[RSI] TAO: 76.17
[RSI] 成功采集 27/27 个币种，RSI之和: 1691.86
[保存] RSI数据已写入 /home/user/webapp/data/coin_change_tracker/rsi_20260316.jsonl
✅ [数据完整] 成功获取全部 27/27 个币种的数据
[保存] 数据已写入 /home/user/webapp/data/coin_change_tracker/coin_change_20260316.jsonl
[保存] 涨速数据已写入 /home/user/webapp/data/coin_change_tracker/velocity_20260316.jsonl
[统计] 总涨跌幅: 23.13%, 5分钟涨速: +5.88%, 币种数: 27, 上涨占比: 92.6% (25↑/2↓), RSI之和: 1691.86
[等待] 下次采集时间: 02:34:50

[2026-03-16 02:35:09] 开始采集...
[价格] BTC: 71744.3
[价格] ETH: 2111.49
[价格] XRP: 1.4191
[价格] BNB: 661.4
[价格] SOL: 88.55
[价格] LTC: 55.2
[价格] DOGE: 0.09534
[价格] SUI: 1.0098
[价格] TRX: 0.2981
[价格] TON: 1.305
[价格] ETC: 8.334
[价格] BCH: 462.8
[价格] HBAR: 0.09577
[价格] XLM: 0.16748
[价格] FIL: 0.8888
[价格] LINK: 9.21
[价格] CRO: 0.07735
[价格] DOT: 1.42
[价格] AAVE: 115.12
[价格] UNI: 4.005
[价格] NEAR: 1.3438
[价格] APT: 0.9254
[价格] CFX: 0.06107
[价格] CRV: 0.2465
[价格] STX: 0.2547
[价格] LDO: 0.3043
[价格] TAO: 287.6
✅ [数据完整] 成功获取全部 27/27 个币种的数据
[保存] 数据已写入 /home/user/webapp/data/coin_change_tracker/coin_change_20260316.jsonl
[保存] 涨速数据已写入 /home/user/webapp/data/coin_change_tracker/velocity_20260316.jsonl
[统计] 总涨跌幅: 24.54%, 5分钟涨速: +5.63%, 币种数: 27, 上涨占比: 92.6% (25↑/2↓)
[等待] 下次采集时间: 02:36:09

[2026-03-16 02:36:19] 开始采集...
[价格] BTC: 71730.3
[价格] ETH: 2110.73
[价格] XRP: 1.4189
[价格] BNB: 661.2
[价格] SOL: 88.51
[价格] LTC: 55.2
[价格] DOGE: 0.09531
[价格] SUI: 1.0093
[价格] TRX: 0.2981
[价格] TON: 1.305
[价格] ETC: 8.332
[价格] BCH: 462.8
[价格] HBAR: 0.09581
[价格] XLM: 0.16742
[价格] FIL: 0.8881
[价格] LINK: 9.21
[价格] CRO: 0.07734
[价格] DOT: 1.419
[价格] AAVE: 115.18
[价格] UNI: 4.005
[价格] NEAR: 1.3432
[价格] APT: 0.9257
[价格] CFX: 0.06116
[价格] CRV: 0.2465
[价格] STX: 0.2548
[价格] LDO: 0.3042
[价格] TAO: 287.5
✅ [数据完整] 成功获取全部 27/27 个币种的数据
[保存] 数据已写入 /home/user/webapp/data/coin_change_tracker/coin_change_20260316.jsonl
[保存] 涨速数据已写入 /home/user/webapp/data/coin_change_tracker/velocity_20260316.jsonl
[统计] 总涨跌幅: 24.27%, 5分钟涨速: +3.31%, 币种数: 27, 上涨占比: 92.6% (25↑/2↓)
[等待] 下次采集时间: 02:37:19

[2026-03-16 02:37:29] 开始采集...
[价格] BTC: 71725.6
[价格] ETH: 2110.0
[价格] XRP: 1.4187
[价格] BNB: 661.2
[价格] SOL: 88.51
[价格] LTC: 55.22
[价格] DOGE: 0.09534
[价格] SUI: 1.0092
[价格] TRX: 0.2981
[价格] TON: 1.305
[价格] ETC: 8.335
[价格] BCH: 462.9
[价格] HBAR: 0.0958
[价格] XLM: 0.16742
[价格] FIL: 0.8881
[价格] LINK: 9.208
[价格] CRO: 0.07735
[价格] DOT: 1.419
[价格] AAVE: 115.19
[价格] UNI: 4.005
[价格] NEAR: 1.3434
[价格] APT: 0.9264
[价格] CFX: 0.06129
[价格] CRV: 0.2468
[价格] STX: 0.2549
[价格] LDO: 0.3043
[价格] TAO: 287.4
✅ [数据完整] 成功获取全部 27/27 个币种的数据
[保存] 数据已写入 /home/user/webapp/data/coin_change_tracker/coin_change_20260316.jsonl
[保存] 涨速数据已写入 /home/user/webapp/data/coin_change_tracker/velocity_20260316.jsonl
[统计] 总涨跌幅: 24.79%, 5分钟涨速: +2.90%, 币种数: 27, 上涨占比: 92.6% (25↑/2↓)
[等待] 下次采集时间: 02:38:29

[2026-03-16 02:38:38] 开始采集...
[价格] BTC: 71693.6
[价格] ETH: 2109.94
[价格] XRP: 1.418
[价格] BNB: 661.0
[价格] SOL: 88.52
[价格] LTC: 55.21
[价格] DOGE: 0.09529
[价格] SUI: 1.0086
[价格] TRX: 0.29809
[价格] TON: 1.305
[价格] ETC: 8.331
[价格] BCH: 462.8
[价格] HBAR: 0.09578
[价格] XLM: 0.16738
[价格] FIL: 0.8876
[价格] LINK: 9.201
[价格] CRO: 0.07735
[价格] DOT: 1.418
[价格] AAVE: 115.09
[价格] UNI: 4.003
[价格] NEAR: 1.3426
[价格] APT: 0.926
[价格] CFX: 0.06126
[价格] CRV: 0.2467
[价格] STX: 0.2549
[价格] LDO: 0.3041
[价格] TAO: 287.3
✅ [数据完整] 成功获取全部 27/27 个币种的数据
[保存] 数据已写入 /home/user/webapp/data/coin_change_tracker/coin_change_20260316.jsonl
[保存] 涨速数据已写入 /home/user/webapp/data/coin_change_tracker/velocity_20260316.jsonl
[统计] 总涨跌幅: 23.79%, 5分钟涨速: +0.66%, 币种数: 27, 上涨占比: 92.6% (25↑/2↓)
[等待] 下次采集时间: 02:39:38

[2026-03-16 02:39:48] 开始采集...
[价格] BTC: 71660.6
[价格] ETH: 2108.76
[价格] XRP: 1.4176
[价格] BNB: 661.0
[价格] SOL: 88.47
[价格] LTC: 55.2
[价格] DOGE: 0.09527
[价格] SUI: 1.008
[价格] TRX: 0.2981
[价格] TON: 1.306
[价格] ETC: 8.325
[价格] BCH: 462.7
[价格] HBAR: 0.09578
[价格] XLM: 0.16739
[价格] FIL: 0.8873
[价格] LINK: 9.194
[价格] CRO: 0.07734
[价格] DOT: 1.418
[价格] AAVE: 115.14
[价格] UNI: 3.998
[价格] NEAR: 1.3422
[价格] APT: 0.9258
[价格] CFX: 0.06128
[价格] CRV: 0.2463
[价格] STX: 0.2547
[价格] LDO: 0.304
[价格] TAO: 286.9
[RSI] 开始采集5分钟RSI数据...
[RSI] BTC: 59.99
[RSI] ETH: 67.95
[RSI] XRP: 60.87
[RSI] BNB: 64.91
[RSI] SOL: 72.22
[RSI] LTC: 64.29
[RSI] DOGE: 61.88
[RSI] SUI: 67.71
[RSI] TRX: 34.25
[RSI] TON: 73.33
[RSI] ETC: 65.44
[RSI] BCH: 60.34
[RSI] HBAR: 73.79
[RSI] XLM: 61.54
[RSI] FIL: 52.05
[RSI] LINK: 66.47
[RSI] CRO: 53.4
[RSI] DOT: 47.83
[RSI] AAVE: 77.05
[RSI] UNI: 69.23
[RSI] NEAR: 43.01
[RSI] APT: 56.47
[RSI] CFX: 66.77
[RSI] CRV: 75.76
[RSI] STX: 56.9
[RSI] LDO: 64.41
[RSI] TAO: 86.84
[RSI] 成功采集 27/27 个币种，RSI之和: 1704.7
[保存] RSI数据已写入 /home/user/webapp/data/coin_change_tracker/rsi_20260316.jsonl
✅ [数据完整] 成功获取全部 27/27 个币种的数据
[保存] 数据已写入 /home/user/webapp/data/coin_change_tracker/coin_change_20260316.jsonl
[保存] 涨速数据已写入 /home/user/webapp/data/coin_change_tracker/velocity_20260316.jsonl
[统计] 总涨跌幅: 22.84%, 5分钟涨速: -1.70%, 币种数: 27, 上涨占比: 92.6% (25↑/2↓), RSI之和: 1704.7
[等待] 下次采集时间: 02:40:48

[2026-03-16 02:41:07] 开始采集...
[价格] BTC: 71691.3
[价格] ETH: 2110.28
[价格] XRP: 1.4182
[价格] BNB: 661.1
[价格] SOL: 88.55
[价格] LTC: 55.22
[价格] DOGE: 0.09535
[价格] SUI: 1.0087
[价格] TRX: 0.2981
[价格] TON: 1.307
[价格] ETC: 8.331
[价格] BCH: 462.6
[价格] HBAR: 0.09582
[价格] XLM: 0.16743
[价格] FIL: 0.8876
[价格] LINK: 9.199
[价格] CRO: 0.07739
[价格] DOT: 1.419
[价格] AAVE: 115.29
[价格] UNI: 4.001
[价格] NEAR: 1.3421
[价格] APT: 0.9263
[价格] CFX: 0.06129
[价格] CRV: 0.2469
[价格] STX: 0.2547
[价格] LDO: 0.3041
[价格] TAO: 287.5
✅ [数据完整] 成功获取全部 27/27 个币种的数据
[保存] 数据已写入 /home/user/webapp/data/coin_change_tracker/coin_change_20260316.jsonl
[保存] 涨速数据已写入 /home/user/webapp/data/coin_change_tracker/velocity_20260316.jsonl
[统计] 总涨跌幅: 24.51%, 5分钟涨速: +0.24%, 币种数: 27, 上涨占比: 92.6% (25↑/2↓)
[等待] 下次采集时间: 02:42:07

[2026-03-16 02:42:16] 开始采集...
[价格] BTC: 71682.5
[价格] ETH: 2109.77
[价格] XRP: 1.4176
[价格] BNB: 661.1
[价格] SOL: 88.54
[价格] LTC: 55.25
[价格] DOGE: 0.09526
[价格] SUI: 1.0085
[价格] TRX: 0.29809
[价格] TON: 1.307
[价格] ETC: 8.329
[价格] BCH: 462.7
[价格] HBAR: 0.09586
[价格] XLM: 0.1674
[价格] FIL: 0.8873
[价格] LINK: 9.199
[价格] CRO: 0.07735
[价格] DOT: 1.419
[价格] AAVE: 115.35
[价格] UNI: 4.001
[价格] NEAR: 1.3421
[价格] APT: 0.9261
[价格] CFX: 0.06122
[价格] CRV: 0.2467
[价格] STX: 0.2547
[价格] LDO: 0.304
[价格] TAO: 289.2
✅ [数据完整] 成功获取全部 27/27 个币种的数据
[保存] 数据已写入 /home/user/webapp/data/coin_change_tracker/coin_change_20260316.jsonl
[保存] 涨速数据已写入 /home/user/webapp/data/coin_change_tracker/velocity_20260316.jsonl
[统计] 总涨跌幅: 24.68%, 5分钟涨速: -0.11%, 币种数: 27, 上涨占比: 92.6% (25↑/2↓)
[等待] 下次采集时间: 02:43:16

[2026-03-16 02:43:26] 开始采集...
[价格] BTC: 71669.9
[价格] ETH: 2108.95
[价格] XRP: 1.4176
[价格] BNB: 661.1
[价格] SOL: 88.54
[价格] LTC: 55.23
[价格] DOGE: 0.09524
[价格] SUI: 1.0083
[价格] TRX: 0.29809
[价格] TON: 1.306
[价格] ETC: 8.33
[价格] BCH: 462.6
[价格] HBAR: 0.09591
[价格] XLM: 0.16743
[价格] FIL: 0.8872
[价格] LINK: 9.197
[价格] CRO: 0.07735
[价格] DOT: 1.418
[价格] AAVE: 115.32
[价格] UNI: 4.001
[价格] NEAR: 1.3422
[价格] APT: 0.9264
[价格] CFX: 0.06115
[价格] CRV: 0.2473
[价格] STX: 0.2547
[价格] LDO: 0.3039
[价格] TAO: 288.0
✅ [数据完整] 成功获取全部 27/27 个币种的数据
[保存] 数据已写入 /home/user/webapp/data/coin_change_tracker/coin_change_20260316.jsonl
[保存] 涨速数据已写入 /home/user/webapp/data/coin_change_tracker/velocity_20260316.jsonl
[统计] 总涨跌幅: 24.12%, 5分钟涨速: +0.33%, 币种数: 27, 上涨占比: 92.6% (25↑/2↓)
[等待] 下次采集时间: 02:44:26

[2026-03-16 02:44:35] 开始采集...
[价格] BTC: 71672.1
[价格] ETH: 2109.3
[价格] XRP: 1.4177
[价格] BNB: 661.0
[价格] SOL: 88.54
[价格] LTC: 55.23
[价格] DOGE: 0.09525
[价格] SUI: 1.0082
[价格] TRX: 0.29809
[价格] TON: 1.306
[价格] ETC: 8.33
[价格] BCH: 462.4
[价格] HBAR: 0.09592
[价格] XLM: 0.16743
[价格] FIL: 0.8876
[价格] LINK: 9.197
[价格] CRO: 0.07735
[价格] DOT: 1.419
[价格] AAVE: 115.37
[价格] UNI: 4.001
[价格] NEAR: 1.3423
[价格] APT: 0.9266
[价格] CFX: 0.06121
[价格] CRV: 0.2465
[价格] STX: 0.2547
[价格] LDO: 0.3039
[价格] TAO: 289.0
✅ [数据完整] 成功获取全部 27/27 个币种的数据
[保存] 数据已写入 /home/user/webapp/data/coin_change_tracker/coin_change_20260316.jsonl
[保存] 涨速数据已写入 /home/user/webapp/data/coin_change_tracker/velocity_20260316.jsonl
[统计] 总涨跌幅: 24.42%, 5分钟涨速: +1.58%, 币种数: 27, 上涨占比: 92.6% (25↑/2↓)
[等待] 下次采集时间: 02:45:35

[2026-03-16 02:45:45] 开始采集...
[价格] BTC: 71672.1
[价格] ETH: 2108.69
[价格] XRP: 1.4174
[价格] BNB: 660.9
[价格] SOL: 88.52
[价格] LTC: 55.21
[价格] DOGE: 0.09524
[价格] SUI: 1.0076
[价格] TRX: 0.2981
[价格] TON: 1.306
[价格] ETC: 8.324
[价格] BCH: 462.3
[价格] HBAR: 0.09582
[价格] XLM: 0.16734
[价格] FIL: 0.8874
[价格] LINK: 9.195
[价格] CRO: 0.07735
[价格] DOT: 1.418
[价格] AAVE: 115.32
[价格] UNI: 4.0
[价格] NEAR: 1.3407
[价格] APT: 0.9259
[价格] CFX: 0.06123
[价格] CRV: 0.2452
[价格] STX: 0.2545
[价格] LDO: 0.3038
[价格] TAO: 289.3
[RSI] 开始采集5分钟RSI数据...
[RSI] BTC: 60.7
[RSI] ETH: 66.77
[RSI] XRP: 62.22
[RSI] BNB: 61.11
[RSI] SOL: 73.42
[RSI] LTC: 67.24
[RSI] DOGE: 63.06
[RSI] SUI: 69.59
[RSI] TRX: 36.11
[RSI] TON: 64.71
[RSI] ETC: 67.91
[RSI] BCH: 55.74
[RSI] HBAR: 70.19
[RSI] XLM: 59.86
[RSI] FIL: 59.54
[RSI] LINK: 64.81
[RSI] CRO: 53.92
[RSI] DOT: 46.15
[RSI] AAVE: 77.68
[RSI] UNI: 70.51
[RSI] NEAR: 47.62
[RSI] APT: 59.32
[RSI] CFX: 62.94
[RSI] CRV: 71.43
[RSI] STX: 61.54
[RSI] LDO: 61.67
[RSI] TAO: 86.77
[RSI] 成功采集 27/27 个币种，RSI之和: 1702.53
[保存] RSI数据已写入 /home/user/webapp/data/coin_change_tracker/rsi_20260316.jsonl
✅ [数据完整] 成功获取全部 27/27 个币种的数据
[保存] 数据已写入 /home/user/webapp/data/coin_change_tracker/coin_change_20260316.jsonl
[保存] 涨速数据已写入 /home/user/webapp/data/coin_change_tracker/velocity_20260316.jsonl
[统计] 总涨跌幅: 23.06%, 5分钟涨速: -1.45%, 币种数: 27, 上涨占比: 92.6% (25↑/2↓), RSI之和: 1702.53
[等待] 下次采集时间: 02:46:45

[2026-03-16 02:47:04] 开始采集...
[价格] BTC: 71543.2
[价格] ETH: 2104.21
[价格] XRP: 1.4145
[价格] BNB: 659.8
[价格] SOL: 88.25
[价格] LTC: 55.07
[价格] DOGE: 0.095
[价格] SUI: 1.0038
[价格] TRX: 0.29804
[价格] TON: 1.305
[价格] ETC: 8.304
[价格] BCH: 461.5
[价格] HBAR: 0.09551
[价格] XLM: 0.16687
[价格] FIL: 0.8858
[价格] LINK: 9.171
[价格] CRO: 0.0772
[价格] DOT: 1.414
[价格] AAVE: 114.88
[价格] UNI: 3.991
[价格] NEAR: 1.3381
[价格] APT: 0.923
[价格] CFX: 0.061
[价格] CRV: 0.2443
[价格] STX: 0.2538
[价格] LDO: 0.3029
[价格] TAO: 288.4
✅ [数据完整] 成功获取全部 27/27 个币种的数据
[保存] 数据已写入 /home/user/webapp/data/coin_change_tracker/coin_change_20260316.jsonl
[保存] 涨速数据已写入 /home/user/webapp/data/coin_change_tracker/velocity_20260316.jsonl
[统计] 总涨跌幅: 16.26%, 5分钟涨速: -8.42%, 币种数: 27, 上涨占比: 77.8% (21↑/6↓)
[等待] 下次采集时间: 02:48:04

[2026-03-16 02:48:14] 开始采集...
[价格] BTC: 71442.5
[价格] ETH: 2100.9
[价格] XRP: 1.4124
[价格] BNB: 659.0
[价格] SOL: 88.13
[价格] LTC: 54.97
[价格] DOGE: 0.09482
[价格] SUI: 1.0015
[价格] TRX: 0.29796
[价格] TON: 1.303
[价格] ETC: 8.283
[价格] BCH: 461.1
[价格] HBAR: 0.09524
[价格] XLM: 0.16646
[价格] FIL: 0.884
[价格] LINK: 9.151
[价格] CRO: 0.07711
[价格] DOT: 1.41
[价格] AAVE: 114.39
[价格] UNI: 3.977
[价格] NEAR: 1.3334
[价格] APT: 0.9212
[价格] CFX: 0.06085
[价格] CRV: 0.2435
[价格] STX: 0.2533
[价格] LDO: 0.3023
[价格] TAO: 287.0
✅ [数据完整] 成功获取全部 27/27 个币种的数据
[保存] 数据已写入 /home/user/webapp/data/coin_change_tracker/coin_change_20260316.jsonl
[保存] 涨速数据已写入 /home/user/webapp/data/coin_change_tracker/velocity_20260316.jsonl
[统计] 总涨跌幅: 10.28%, 5分钟涨速: -13.84%, 币种数: 27, 上涨占比: 55.6% (15↑/12↓)
[等待] 下次采集时间: 02:49:14

[2026-03-16 02:49:23] 开始采集...
[价格] BTC: 71442.5
[价格] ETH: 2100.71
[价格] XRP: 1.4125
[价格] BNB: 658.9
[价格] SOL: 88.08
[价格] LTC: 54.98
[价格] DOGE: 0.0948
[价格] SUI: 1.0013
[价格] TRX: 0.29796
[价格] TON: 1.303
[价格] ETC: 8.28
[价格] BCH: 461.1
[价格] HBAR: 0.09526
[价格] XLM: 0.16652
[价格] FIL: 0.8845
[价格] LINK: 9.155
[价格] CRO: 0.07716
[价格] DOT: 1.412
[价格] AAVE: 114.44
[价格] UNI: 3.98
[价格] NEAR: 1.3344
[价格] APT: 0.9221
[价格] CFX: 0.06125
[价格] CRV: 0.2438
[价格] STX: 0.2534
[价格] LDO: 0.3024
[价格] TAO: 287.6
✅ [数据完整] 成功获取全部 27/27 个币种的数据
[保存] 数据已写入 /home/user/webapp/data/coin_change_tracker/coin_change_20260316.jsonl
[保存] 涨速数据已写入 /home/user/webapp/data/coin_change_tracker/velocity_20260316.jsonl
[统计] 总涨跌幅: 11.85%, 5分钟涨速: -12.57%, 币种数: 27, 上涨占比: 55.6% (15↑/12↓)
[等待] 下次采集时间: 02:50:23

[2026-03-16 02:50:33] 开始采集...
[价格] BTC: 71413.4
[价格] ETH: 2098.89
[价格] XRP: 1.4121
[价格] BNB: 658.6
[价格] SOL: 88.03
[价格] LTC: 54.95
[价格] DOGE: 0.09477
[价格] SUI: 1.0007
[价格] TRX: 0.29795
[价格] TON: 1.303
[价格] ETC: 8.276
[价格] BCH: 461.0
[价格] HBAR: 0.09515
[价格] XLM: 0.16628
[价格] FIL: 0.8844
[价格] LINK: 9.151
[价格] CRO: 0.07716
[价格] DOT: 1.412
[价格] AAVE: 114.33
[价格] UNI: 3.975
[价格] NEAR: 1.3336
[价格] APT: 0.9217
[价格] CFX: 0.06124
[价格] CRV: 0.2438
[价格] STX: 0.2534
[价格] LDO: 0.3022
[价格] TAO: 287.1
✅ [数据完整] 成功获取全部 27/27 个币种的数据
[保存] 数据已写入 /home/user/webapp/data/coin_change_tracker/coin_change_20260316.jsonl
[保存] 涨速数据已写入 /home/user/webapp/data/coin_change_tracker/velocity_20260316.jsonl
[统计] 总涨跌幅: 10.49%, 5分钟涨速: -12.57%, 币种数: 27, 上涨占比: 48.1% (13↑/14↓)
[等待] 下次采集时间: 02:51:33

[2026-03-16 02:51:42] 开始采集...
[价格] BTC: 71388.0
[价格] ETH: 2098.2
[价格] XRP: 1.4118
[价格] BNB: 658.4
[价格] SOL: 87.95
[价格] LTC: 54.93
[价格] DOGE: 0.0947
[价格] SUI: 1.0005
[价格] TRX: 0.29795
[价格] TON: 1.304
[价格] ETC: 8.269
[价格] BCH: 461.0
[价格] HBAR: 0.09511
[价格] XLM: 0.16624
[价格] FIL: 0.8829
[价格] LINK: 9.144
[价格] CRO: 0.07713
[价格] DOT: 1.41
[价格] AAVE: 114.18
[价格] UNI: 3.97
[价格] NEAR: 1.3317
[价格] APT: 0.9204
[价格] CFX: 0.06105
[价格] CRV: 0.2437
[价格] STX: 0.253
[价格] LDO: 0.3019
[价格] TAO: 285.9
[RSI] 开始采集5分钟RSI数据...
[RSI] BTC: 44.35
[RSI] ETH: 51.14
[RSI] XRP: 44.3
[RSI] BNB: 40.51
[RSI] SOL: 50.24
[RSI] LTC: 43.02
[RSI] DOGE: 44.5
[RSI] SUI: 51.21
[RSI] TRX: 25.0
[RSI] TON: 60.0
[RSI] ETC: 46.63
[RSI] BCH: 41.67
[RSI] HBAR: 47.64
[RSI] XLM: 41.49
[RSI] FIL: 44.25
[RSI] LINK: 46.95
[RSI] CRO: 43.44
[RSI] DOT: 36.36
[RSI] AAVE: 56.74
[RSI] UNI: 51.89
[RSI] NEAR: 36.04
[RSI] APT: 44.74
[RSI] CFX: 58.59
[RSI] CRV: 63.82
[RSI] STX: 46.97
[RSI] LDO: 48.05
[RSI] TAO: 73.5
[RSI] 成功采集 27/27 个币种，RSI之和: 1283.04
[保存] RSI数据已写入 /home/user/webapp/data/coin_change_tracker/rsi_20260316.jsonl
✅ [数据完整] 成功获取全部 27/27 个币种的数据
[保存] 数据已写入 /home/user/webapp/data/coin_change_tracker/coin_change_20260316.jsonl
[保存] 涨速数据已写入 /home/user/webapp/data/coin_change_tracker/velocity_20260316.jsonl
[统计] 总涨跌幅: 8.04%, 5分钟涨速: -8.22%, 币种数: 27, 上涨占比: 40.7% (11↑/16↓), RSI之和: 1283.04
[等待] 下次采集时间: 02:52:42

[2026-03-16 02:53:01] 开始采集...
[价格] BTC: 71356.3
[价格] ETH: 2097.79
[价格] XRP: 1.4104
[价格] BNB: 658.1
[价格] SOL: 87.92
[价格] LTC: 54.92
[价格] DOGE: 0.0947
[价格] SUI: 1.0005
[价格] TRX: 0.29795
[价格] TON: 1.303
[价格] ETC: 8.267
[价格] BCH: 460.7
[价格] HBAR: 0.0951
[价格] XLM: 0.16619
[价格] FIL: 0.8829
[价格] LINK: 9.142
[价格] CRO: 0.07711
[价格] DOT: 1.41
[价格] AAVE: 114.23
[价格] UNI: 3.973
[价格] NEAR: 1.3327
[价格] APT: 0.9206
[价格] CFX: 0.06103
[价格] CRV: 0.2434
[价格] STX: 0.2531
[价格] LDO: 0.3019
[价格] TAO: 287.5
✅ [数据完整] 成功获取全部 27/27 个币种的数据
[保存] 数据已写入 /home/user/webapp/data/coin_change_tracker/coin_change_20260316.jsonl
[保存] 涨速数据已写入 /home/user/webapp/data/coin_change_tracker/velocity_20260316.jsonl
[统计] 总涨跌幅: 8.23%, 5分钟涨速: -2.05%, 币种数: 27, 上涨占比: 40.7% (11↑/16↓)
[等待] 下次采集时间: 02:54:01

[2026-03-16 02:54:11] 开始采集...
[价格] BTC: 71368.9
[价格] ETH: 2098.36
[价格] XRP: 1.4104
[价格] BNB: 658.2
[价格] SOL: 87.95
[价格] LTC: 54.94
[价格] DOGE: 0.09473
[价格] SUI: 1.0009
[价格] TRX: 0.29796
[价格] TON: 1.303
[价格] ETC: 8.27
[价格] BCH: 460.7
[价格] HBAR: 0.09515
[价格] XLM: 0.16624
[价格] FIL: 0.883
[价格] LINK: 9.144
[价格] CRO: 0.07708
[价格] DOT: 1.41
[价格] AAVE: 114.19
[价格] UNI: 3.974
[价格] NEAR: 1.3328
[价格] APT: 0.9208
[价格] CFX: 0.06095
[价格] CRV: 0.2434
[价格] STX: 0.2531
[价格] LDO: 0.302
[价格] TAO: 287.6
✅ [数据完整] 成功获取全部 27/27 个币种的数据
[保存] 数据已写入 /home/user/webapp/data/coin_change_tracker/coin_change_20260316.jsonl
[保存] 涨速数据已写入 /home/user/webapp/data/coin_change_tracker/velocity_20260316.jsonl
[统计] 总涨跌幅: 8.51%, 5分钟涨速: -3.34%, 币种数: 27, 上涨占比: 40.7% (11↑/16↓)
[等待] 下次采集时间: 02:55:11

[2026-03-16 02:55:20] 开始采集...
[价格] BTC: 71288.4
[价格] ETH: 2095.07
[价格] XRP: 1.4085
[价格] BNB: 657.8
[价格] SOL: 87.82
[价格] LTC: 54.9
[价格] DOGE: 0.09465
[价格] SUI: 0.9999
[价格] TRX: 0.29788
[价格] TON: 1.303
[价格] ETC: 8.259
[价格] BCH: 460.5
[价格] HBAR: 0.09505
[价格] XLM: 0.16602
[价格] FIL: 0.882
[价格] LINK: 9.129
[价格] CRO: 0.07705
[价格] DOT: 1.409
[价格] AAVE: 113.87
[价格] UNI: 3.967
[价格] NEAR: 1.3324
[价格] APT: 0.9194
[价格] CFX: 0.06097
[价格] CRV: 0.2419
[价格] STX: 0.2527
[价格] LDO: 0.3017
[价格] TAO: 288.3
✅ [数据完整] 成功获取全部 27/27 个币种的数据
[保存] 数据已写入 /home/user/webapp/data/coin_change_tracker/coin_change_20260316.jsonl
[保存] 涨速数据已写入 /home/user/webapp/data/coin_change_tracker/velocity_20260316.jsonl
[统计] 总涨跌幅: 5.56%, 5分钟涨速: -4.93%, 币种数: 27, 上涨占比: 34.6% (9↑/17↓)
[等待] 下次采集时间: 02:56:20

[2026-03-16 02:56:30] 开始采集...
[价格] BTC: 71348.9
[价格] ETH: 2098.71
[价格] XRP: 1.4099
[价格] BNB: 658.2
[价格] SOL: 87.91
[价格] LTC: 54.94
[价格] DOGE: 0.0947
[价格] SUI: 1.0005
[价格] TRX: 0.29803
[价格] TON: 1.302
[价格] ETC: 8.27
[价格] BCH: 460.8
[价格] HBAR: 0.09512
[价格] XLM: 0.16625
[价格] FIL: 0.8824
[价格] LINK: 9.144
[价格] CRO: 0.07705
[价格] DOT: 1.411
[价格] AAVE: 113.94
[价格] UNI: 3.972
[价格] NEAR: 1.3334
[价格] APT: 0.92
[价格] CFX: 0.06096
[价格] CRV: 0.242
[价格] STX: 0.2528
[价格] LDO: 0.302
[价格] TAO: 290.2
✅ [数据完整] 成功获取全部 27/27 个币种的数据
[保存] 数据已写入 /home/user/webapp/data/coin_change_tracker/coin_change_20260316.jsonl
[保存] 涨速数据已写入 /home/user/webapp/data/coin_change_tracker/velocity_20260316.jsonl
[统计] 总涨跌幅: 8.16%, 5分钟涨速: +0.12%, 币种数: 27, 上涨占比: 40.7% (11↑/16↓)
[等待] 下次采集时间: 02:57:30

[2026-03-16 02:57:39] 开始采集...
[价格] BTC: 71340.4
[价格] ETH: 2097.81
[价格] XRP: 1.4095
[价格] BNB: 658.1
[价格] SOL: 87.87
[价格] LTC: 54.94
[价格] DOGE: 0.0947
[价格] SUI: 1.0002
[价格] TRX: 0.29805
[价格] TON: 1.302
[价格] ETC: 8.268
[价格] BCH: 460.7
[价格] HBAR: 0.09512
[价格] XLM: 0.16624
[价格] FIL: 0.8827
[价格] LINK: 9.142
[价格] CRO: 0.07707
[价格] DOT: 1.41
[价格] AAVE: 113.95
[价格] UNI: 3.97
[价格] NEAR: 1.3334
[价格] APT: 0.9198
[价格] CFX: 0.06084
[价格] CRV: 0.2415
[价格] STX: 0.2528
[价格] LDO: 0.302
[价格] TAO: 290.4
[RSI] 开始采集5分钟RSI数据...
[RSI] BTC: 41.33
[RSI] ETH: 50.71
[RSI] XRP: 40.56
[RSI] BNB: 39.51
[RSI] SOL: 47.57
[RSI] LTC: 44.05
[RSI] DOGE: 42.93
[RSI] SUI: 49.47
[RSI] TRX: 25.32
[RSI] TON: 47.06
[RSI] ETC: 42.94
[RSI] BCH: 39.13
[RSI] HBAR: 47.79
[RSI] XLM: 40.59
[RSI] FIL: 39.26
[RSI] LINK: 46.08
[RSI] CRO: 45.3
[RSI] DOT: 34.38
[RSI] AAVE: 49.01
[RSI] UNI: 48.48
[RSI] NEAR: 35.56
[RSI] APT: 41.67
[RSI] CFX: 56.72
[RSI] CRV: 54.6
[RSI] STX: 43.94
[RSI] LDO: 45.95
[RSI] TAO: 80.65
[RSI] 成功采集 27/27 个币种，RSI之和: 1220.56
[保存] RSI数据已写入 /home/user/webapp/data/coin_change_tracker/rsi_20260316.jsonl
✅ [数据完整] 成功获取全部 27/27 个币种的数据
[保存] 数据已写入 /home/user/webapp/data/coin_change_tracker/coin_change_20260316.jsonl
[保存] 涨速数据已写入 /home/user/webapp/data/coin_change_tracker/velocity_20260316.jsonl
[统计] 总涨跌幅: 7.52%, 5分钟涨速: -0.71%, 币种数: 27, 上涨占比: 40.7% (11↑/16↓), RSI之和: 1220.56
[等待] 下次采集时间: 02:58:39

[2026-03-16 02:58:58] 开始采集...
[价格] BTC: 71338.4
[价格] ETH: 2098.06
[价格] XRP: 1.4096
[价格] BNB: 658.0
[价格] SOL: 87.86
[价格] LTC: 54.95
[价格] DOGE: 0.0947
[价格] SUI: 1.0003
[价格] TRX: 0.29825
[价格] TON: 1.301
[价格] ETC: 8.27
[价格] BCH: 460.8
[价格] HBAR: 0.09512
[价格] XLM: 0.16623
[价格] FIL: 0.8828
[价格] LINK: 9.144
[价格] CRO: 0.07705
[价格] DOT: 1.41
[价格] AAVE: 113.98
[价格] UNI: 3.972
[价格] NEAR: 1.3344
[价格] APT: 0.9199
[价格] CFX: 0.06091
[价格] CRV: 0.2413
[价格] STX: 0.2529
[价格] LDO: 0.3023
[价格] TAO: 290.5
✅ [数据完整] 成功获取全部 27/27 个币种的数据
[保存] 数据已写入 /home/user/webapp/data/coin_change_tracker/coin_change_20260316.jsonl
[保存] 涨速数据已写入 /home/user/webapp/data/coin_change_tracker/velocity_20260316.jsonl
[统计] 总涨跌幅: 7.92%, 5分钟涨速: -0.59%, 币种数: 27, 上涨占比: 40.7% (11↑/16↓)
[等待] 下次采集时间: 02:59:58

[2026-03-16 03:00:08] 开始采集...
[价格] BTC: 71318.2
[价格] ETH: 2097.15
[价格] XRP: 1.4098
[价格] BNB: 658.0
[价格] SOL: 87.81
[价格] LTC: 54.96
[价格] DOGE: 0.09471
[价格] SUI: 1.0009
[价格] TRX: 0.29812
[价格] TON: 1.301
[价格] ETC: 8.272
[价格] BCH: 460.4
[价格] HBAR: 0.09515
[价格] XLM: 0.16624
[价格] FIL: 0.8836
[价格] LINK: 9.143
[价格] CRO: 0.07703
[价格] DOT: 1.411
[价格] AAVE: 113.88
[价格] UNI: 3.972
[价格] NEAR: 1.3351
[价格] APT: 0.9205
[价格] CFX: 0.06106
[价格] CRV: 0.2413
[价格] STX: 0.253
[价格] LDO: 0.3023
[价格] TAO: 289.7
✅ [数据完整] 成功获取全部 27/27 个币种的数据
[保存] 数据已写入 /home/user/webapp/data/coin_change_tracker/coin_change_20260316.jsonl
[保存] 涨速数据已写入 /home/user/webapp/data/coin_change_tracker/velocity_20260316.jsonl
[统计] 总涨跌幅: 8.01%, 5分钟涨速: +2.45%, 币种数: 27, 上涨占比: 37.0% (10↑/17↓)
[等待] 下次采集时间: 03:01:08

[2026-03-16 03:01:17] 开始采集...
[价格] BTC: 71400.7
[价格] ETH: 2100.55
[价格] XRP: 1.4107
[价格] BNB: 658.3
[价格] SOL: 87.92
[价格] LTC: 55.0
[价格] DOGE: 0.09476
[价格] SUI: 1.0025
[价格] TRX: 0.29811
[价格] TON: 1.303
[价格] ETC: 8.279
[价格] BCH: 460.9
[价格] HBAR: 0.09533
[价格] XLM: 0.16639
[价格] FIL: 0.8848
[价格] LINK: 9.155
[价格] CRO: 0.0771
[价格] DOT: 1.412
[价格] AAVE: 114.25
[价格] UNI: 3.979
[价格] NEAR: 1.3363
[价格] APT: 0.9208
[价格] CFX: 0.06126
[价格] CRV: 0.2416
[价格] STX: 0.2534
[价格] LDO: 0.3026
[价格] TAO: 290.9
✅ [数据完整] 成功获取全部 27/27 个币种的数据
[保存] 数据已写入 /home/user/webapp/data/coin_change_tracker/coin_change_20260316.jsonl
[保存] 涨速数据已写入 /home/user/webapp/data/coin_change_tracker/velocity_20260316.jsonl
[统计] 总涨跌幅: 11.63%, 5分钟涨速: +3.47%, 币种数: 27, 上涨占比: 57.7% (15↑/11↓)
[等待] 下次采集时间: 03:02:17

[2026-03-16 03:02:27] 开始采集...
[价格] BTC: 71372.1
[价格] ETH: 2101.0
[价格] XRP: 1.4102
[价格] BNB: 658.3
[价格] SOL: 87.92
[价格] LTC: 54.99
[价格] DOGE: 0.09472
[价格] SUI: 1.0023
[价格] TRX: 0.29808
[价格] TON: 1.303
[价格] ETC: 8.28
[价格] BCH: 460.7
[价格] HBAR: 0.09535
[价格] XLM: 0.16639
[价格] FIL: 0.8854
[价格] LINK: 9.157
[价格] CRO: 0.07712
[价格] DOT: 1.412
[价格] AAVE: 114.32
[价格] UNI: 3.982
[价格] NEAR: 1.3367
[价格] APT: 0.921
[价格] CFX: 0.06101
[价格] CRV: 0.242
[价格] STX: 0.2532
[价格] LDO: 0.3026
[价格] TAO: 290.0
✅ [数据完整] 成功获取全部 27/27 个币种的数据
[保存] 数据已写入 /home/user/webapp/data/coin_change_tracker/coin_change_20260316.jsonl
[保存] 涨速数据已写入 /home/user/webapp/data/coin_change_tracker/velocity_20260316.jsonl
[统计] 总涨跌幅: 11.14%, 5分钟涨速: +3.62%, 币种数: 27, 上涨占比: 61.5% (16↑/10↓)
[等待] 下次采集时间: 03:03:27

[2026-03-16 03:03:36] 开始采集...
[价格] BTC: 71359.4
[价格] ETH: 2101.03
[价格] XRP: 1.4104
[价格] BNB: 658.3
[价格] SOL: 87.9
[价格] LTC: 54.99
[价格] DOGE: 0.0947
[价格] SUI: 1.002
[价格] TRX: 0.29806
[价格] TON: 1.303
[价格] ETC: 8.28
[价格] BCH: 460.9
[价格] HBAR: 0.09532
[价格] XLM: 0.16638
[价格] FIL: 0.8847
[价格] LINK: 9.155
[价格] CRO: 0.0772
[价格] DOT: 1.412
[价格] AAVE: 114.24
[价格] UNI: 3.98
[价格] NEAR: 1.3356
[价格] APT: 0.9207
[价格] CFX: 0.06109
[价格] CRV: 0.2416
[价格] STX: 0.2532
[价格] LDO: 0.3024
[价格] TAO: 288.6
[RSI] 开始采集5分钟RSI数据...
[RSI] BTC: 13.23
[RSI] ETH: 26.8
[RSI] XRP: 16.86
[RSI] BNB: 13.79
[RSI] SOL: 21.99
[RSI] LTC: 26.23
[RSI] DOGE: 11.9
[RSI] SUI: 29.02
[RSI] TRX: 24.74
[RSI] TON: 44.44
[RSI] ETC: 25.19
[RSI] BCH: 18.0
[RSI] HBAR: 33.53
[RSI] XLM: 21.99
[RSI] FIL: 25.4
[RSI] LINK: 23.4
[RSI] CRO: 30.11
[RSI] DOT: 25.0
[RSI] AAVE: 43.47
[RSI] UNI: 37.66
[RSI] NEAR: 22.35
[RSI] APT: 22.5
[RSI] CFX: 47.39
[RSI] CRV: 45.77
[RSI] STX: 27.08
[RSI] LDO: 25.0
[RSI] TAO: 72.56
[RSI] 成功采集 27/27 个币种，RSI之和: 775.4
[保存] RSI数据已写入 /home/user/webapp/data/coin_change_tracker/rsi_20260316.jsonl
✅ [数据完整] 成功获取全部 27/27 个币种的数据
[保存] 数据已写入 /home/user/webapp/data/coin_change_tracker/coin_change_20260316.jsonl
[保存] 涨速数据已写入 /home/user/webapp/data/coin_change_tracker/velocity_20260316.jsonl
[统计] 总涨跌幅: 10.22%, 5分钟涨速: +2.30%, 币种数: 27, 上涨占比: 53.8% (14↑/12↓), RSI之和: 775.4
[等待] 下次采集时间: 03:04:36

[2026-03-16 03:04:55] 开始采集...
[价格] BTC: 71431.3
[价格] ETH: 2104.0
[价格] XRP: 1.4118
[价格] BNB: 658.6
[价格] SOL: 87.99
[价格] LTC: 55.03
[价格] DOGE: 0.09481
[价格] SUI: 1.0032
[价格] TRX: 0.29819
[价格] TON: 1.302
[价格] ETC: 8.287
[价格] BCH: 461.1
[价格] HBAR: 0.09541
[价格] XLM: 0.1665
[价格] FIL: 0.8856
[价格] LINK: 9.163
[价格] CRO: 0.07719
[价格] DOT: 1.412
[价格] AAVE: 114.48
[价格] UNI: 3.983
[价格] NEAR: 1.3365
[价格] APT: 0.9212
[价格] CFX: 0.06116
[价格] CRV: 0.2416
[价格] STX: 0.253
[价格] LDO: 0.3028
[价格] TAO: 288.1
✅ [数据完整] 成功获取全部 27/27 个币种的数据
[保存] 数据已写入 /home/user/webapp/data/coin_change_tracker/coin_change_20260316.jsonl
[保存] 涨速数据已写入 /home/user/webapp/data/coin_change_tracker/velocity_20260316.jsonl
[统计] 总涨跌幅: 11.82%, 5分钟涨速: +3.81%, 币种数: 27, 上涨占比: 59.3% (16↑/11↓)
[等待] 下次采集时间: 03:05:55

[2026-03-16 03:06:05] 开始采集...
[价格] BTC: 71413.3
[价格] ETH: 2103.27
[价格] XRP: 1.4112
[价格] BNB: 658.6
[价格] SOL: 87.96
[价格] LTC: 55.04
[价格] DOGE: 0.09474
[价格] SUI: 1.0028
[价格] TRX: 0.29831
[价格] TON: 1.302
[价格] ETC: 8.286
[价格] BCH: 461.0
[价格] HBAR: 0.09535
[价格] XLM: 0.16647
[价格] FIL: 0.8854
[价格] LINK: 9.16
[价格] CRO: 0.07719
[价格] DOT: 1.411
[价格] AAVE: 114.45
[价格] UNI: 3.981
[价格] NEAR: 1.336
[价格] APT: 0.9207
[价格] CFX: 0.06125
[价格] CRV: 0.2413
[价格] STX: 0.2531
[价格] LDO: 0.3027
[价格] TAO: 288.3
✅ [数据完整] 成功获取全部 27/27 个币种的数据
[保存] 数据已写入 /home/user/webapp/data/coin_change_tracker/coin_change_20260316.jsonl
[保存] 涨速数据已写入 /home/user/webapp/data/coin_change_tracker/velocity_20260316.jsonl
[统计] 总涨跌幅: 11.35%, 5分钟涨速: -0.28%, 币种数: 27, 上涨占比: 55.6% (15↑/12↓)
[等待] 下次采集时间: 03:07:05

[2026-03-16 03:07:14] 开始采集...
[价格] BTC: 71405.3
[价格] ETH: 2103.13
[价格] XRP: 1.411
[价格] BNB: 658.6
[价格] SOL: 87.96
[价格] LTC: 55.04
[价格] DOGE: 0.09473
[价格] SUI: 1.0026
[价格] TRX: 0.29833
[价格] TON: 1.301
[价格] ETC: 8.285
[价格] BCH: 460.9
[价格] HBAR: 0.09535
[价格] XLM: 0.16651
[价格] FIL: 0.8854
[价格] LINK: 9.163
[价格] CRO: 0.07718
[价格] DOT: 1.411
[价格] AAVE: 114.43
[价格] UNI: 3.98
[价格] NEAR: 1.3354
[价格] APT: 0.9207
[价格] CFX: 0.06124
[价格] CRV: 0.2412
[价格] STX: 0.2531
[价格] LDO: 0.3027
[价格] TAO: 287.5
✅ [数据完整] 成功获取全部 27/27 个币种的数据
[保存] 数据已写入 /home/user/webapp/data/coin_change_tracker/coin_change_20260316.jsonl
[保存] 涨速数据已写入 /home/user/webapp/data/coin_change_tracker/velocity_20260316.jsonl
[统计] 总涨跌幅: 10.80%, 5分钟涨速: -0.34%, 币种数: 27, 上涨占比: 55.6% (15↑/12↓)
[等待] 下次采集时间: 03:08:14

[2026-03-16 03:08:24] 开始采集...
[价格] BTC: 71373.3
[价格] ETH: 2102.34
[价格] XRP: 1.4106
[价格] BNB: 658.3
[价格] SOL: 87.92
[价格] LTC: 55.02
[价格] DOGE: 0.09471
[价格] SUI: 1.0024
[价格] TRX: 0.2984
[价格] TON: 1.301
[价格] ETC: 8.282
[价格] BCH: 460.7
[价格] HBAR: 0.09534
[价格] XLM: 0.16649
[价格] FIL: 0.885
[价格] LINK: 9.158
[价格] CRO: 0.07715
[价格] DOT: 1.411
[价格] AAVE: 114.39
[价格] UNI: 3.979
[价格] NEAR: 1.3356
[价格] APT: 0.9206
[价格] CFX: 0.0612
[价格] CRV: 0.2414
[价格] STX: 0.253
[价格] LDO: 0.3026
[价格] TAO: 286.9
✅ [数据完整] 成功获取全部 27/27 个币种的数据
[保存] 数据已写入 /home/user/webapp/data/coin_change_tracker/coin_change_20260316.jsonl
[保存] 涨速数据已写入 /home/user/webapp/data/coin_change_tracker/velocity_20260316.jsonl
[统计] 总涨跌幅: 9.98%, 5分钟涨速: -0.24%, 币种数: 27, 上涨占比: 55.6% (15↑/12↓)
[等待] 下次采集时间: 03:09:24

[2026-03-16 03:09:34] 开始采集...
[价格] BTC: 71354.2
[价格] ETH: 2101.26
[价格] XRP: 1.4097
[价格] BNB: 658.3
[价格] SOL: 87.86
[价格] LTC: 54.97
[价格] DOGE: 0.09467
[价格] SUI: 1.0018
[价格] TRX: 0.2984
[价格] TON: 1.301
[价格] ETC: 8.279
[价格] BCH: 460.6
[价格] HBAR: 0.09528
[价格] XLM: 0.16644
[价格] FIL: 0.8849
[价格] LINK: 9.154
[价格] CRO: 0.07714
[价格] DOT: 1.409
[价格] AAVE: 114.41
[价格] UNI: 3.977
[价格] NEAR: 1.3345
[价格] APT: 0.9202
[价格] CFX: 0.06089
[价格] CRV: 0.2415
[价格] STX: 0.2529
[价格] LDO: 0.3025
[价格] TAO: 287.5
[RSI] 开始采集5分钟RSI数据...
[RSI] BTC: 21.66
[RSI] ETH: 36.31
[RSI] XRP: 23.98
[RSI] BNB: 21.05
[RSI] SOL: 31.01
[RSI] LTC: 32.26
[RSI] DOGE: 17.09
[RSI] SUI: 33.01
[RSI] TRX: 44.66
[RSI] TON: 46.67
[RSI] ETC: 32.52
[RSI] BCH: 20.83
[RSI] HBAR: 38.73
[RSI] XLM: 28.24
[RSI] FIL: 34.17
[RSI] LINK: 30.83
[RSI] CRO: 34.44
[RSI] DOT: 28.57
[RSI] AAVE: 47.09
[RSI] UNI: 40.51
[RSI] NEAR: 27.05
[RSI] APT: 29.79
[RSI] CFX: 47.84
[RSI] CRV: 43.97
[RSI] STX: 27.27
[RSI] LDO: 32.69
[RSI] TAO: 68.87
[RSI] 成功采集 27/27 个币种，RSI之和: 921.11
[保存] RSI数据已写入 /home/user/webapp/data/coin_change_tracker/rsi_20260316.jsonl
✅ [数据完整] 成功获取全部 27/27 个币种的数据
[保存] 数据已写入 /home/user/webapp/data/coin_change_tracker/coin_change_20260316.jsonl
[保存] 涨速数据已写入 /home/user/webapp/data/coin_change_tracker/velocity_20260316.jsonl
[统计] 总涨跌幅: 8.71%, 5分钟涨速: -3.11%, 币种数: 27, 上涨占比: 53.8% (14↑/12↓), RSI之和: 921.11
[等待] 下次采集时间: 03:10:34

[2026-03-16 03:10:53] 开始采集...
[价格] BTC: 71341.5
[价格] ETH: 2101.79
[价格] XRP: 1.4093
[价格] BNB: 658.2
[价格] SOL: 87.85
[价格] LTC: 54.95
[价格] DOGE: 0.09467
[价格] SUI: 1.0014
[价格] TRX: 0.29842
[价格] TON: 1.302
[价格] ETC: 8.273
[价格] BCH: 460.4
[价格] HBAR: 0.09523
[价格] XLM: 0.16634
[价格] FIL: 0.884
[价格] LINK: 9.149
[价格] CRO: 0.07713
[价格] DOT: 1.409
[价格] AAVE: 114.37
[价格] UNI: 3.973
[价格] NEAR: 1.3339
[价格] APT: 0.9198
[价格] CFX: 0.06087
[价格] CRV: 0.2415
[价格] STX: 0.2528
[价格] LDO: 0.3024
[价格] TAO: 287.0
✅ [数据完整] 成功获取全部 27/27 个币种的数据
[保存] 数据已写入 /home/user/webapp/data/coin_change_tracker/coin_change_20260316.jsonl
[保存] 涨速数据已写入 /home/user/webapp/data/coin_change_tracker/velocity_20260316.jsonl
[统计] 总涨跌幅: 7.77%, 5分钟涨速: -3.58%, 币种数: 27, 上涨占比: 42.3% (11↑/15↓)
[等待] 下次采集时间: 03:11:53

[2026-03-16 03:12:02] 开始采集...
[价格] BTC: 71320.0
[价格] ETH: 2100.58
[价格] XRP: 1.4097
[价格] BNB: 658.0
[价格] SOL: 87.83
[价格] LTC: 54.95
[价格] DOGE: 0.0947
[价格] SUI: 1.0009
[价格] TRX: 0.29849
[价格] TON: 1.302
[价格] ETC: 8.273
[价格] BCH: 460.5
[价格] HBAR: 0.09517
[价格] XLM: 0.16635
[价格] FIL: 0.8838
[价格] LINK: 9.149
[价格] CRO: 0.07713
[价格] DOT: 1.409
[价格] AAVE: 114.48
[价格] UNI: 3.974
[价格] NEAR: 1.334
[价格] APT: 0.9195
[价格] CFX: 0.06086
[价格] CRV: 0.2414
[价格] STX: 0.2527
[价格] LDO: 0.3024
[价格] TAO: 286.7
✅ [数据完整] 成功获取全部 27/27 个币种的数据
[保存] 数据已写入 /home/user/webapp/data/coin_change_tracker/coin_change_20260316.jsonl
[保存] 涨速数据已写入 /home/user/webapp/data/coin_change_tracker/velocity_20260316.jsonl
[统计] 总涨跌幅: 7.49%, 5分钟涨速: -3.31%, 币种数: 27, 上涨占比: 37.0% (10↑/17↓)
[等待] 下次采集时间: 03:13:02

[2026-03-16 03:13:12] 开始采集...
[价格] BTC: 71352.0
[价格] ETH: 2103.99
[价格] XRP: 1.4106
[价格] BNB: 658.3
[价格] SOL: 87.91
[价格] LTC: 54.98
[价格] DOGE: 0.09475
[价格] SUI: 1.002
[价格] TRX: 0.29851
[价格] TON: 1.303
[价格] ETC: 8.276
[价格] BCH: 461.0
[价格] HBAR: 0.0952
[价格] XLM: 0.16652
[价格] FIL: 0.8845
[价格] LINK: 9.156
[价格] CRO: 0.07715
[价格] DOT: 1.41
[价格] AAVE: 114.74
[价格] UNI: 3.977
[价格] NEAR: 1.3347
[价格] APT: 0.9202
[价格] CFX: 0.0609
[价格] CRV: 0.2416
[价格] STX: 0.2528
[价格] LDO: 0.3026
[价格] TAO: 286.6
✅ [数据完整] 成功获取全部 27/27 个币种的数据
[保存] 数据已写入 /home/user/webapp/data/coin_change_tracker/coin_change_20260316.jsonl
[保存] 涨速数据已写入 /home/user/webapp/data/coin_change_tracker/velocity_20260316.jsonl
[统计] 总涨跌幅: 9.37%, 5分钟涨速: -0.61%, 币种数: 27, 上涨占比: 44.4% (12↑/15↓)
[等待] 下次采集时间: 03:14:12

[2026-03-16 03:14:21] 开始采集...
[价格] BTC: 71455.6
[价格] ETH: 2109.25
[价格] XRP: 1.4127
[价格] BNB: 659.4
[价格] SOL: 88.07
[价格] LTC: 55.09
[价格] DOGE: 0.09495
[价格] SUI: 1.0044
[价格] TRX: 0.29866
[价格] TON: 1.304
[价格] ETC: 8.295
[价格] BCH: 461.5
[价格] HBAR: 0.09539
[价格] XLM: 0.16686
[价格] FIL: 0.8865
[价格] LINK: 9.185
[价格] CRO: 0.07724
[价格] DOT: 1.415
[价格] AAVE: 115.14
[价格] UNI: 3.988
[价格] NEAR: 1.3377
[价格] APT: 0.9229
[价格] CFX: 0.06107
[价格] CRV: 0.2419
[价格] STX: 0.2535
[价格] LDO: 0.3037
[价格] TAO: 286.1
✅ [数据完整] 成功获取全部 27/27 个币种的数据
[保存] 数据已写入 /home/user/webapp/data/coin_change_tracker/coin_change_20260316.jsonl
[保存] 涨速数据已写入 /home/user/webapp/data/coin_change_tracker/velocity_20260316.jsonl
[统计] 总涨跌幅: 14.84%, 5分钟涨速: +6.13%, 币种数: 27, 上涨占比: 84.6% (22↑/4↓)
[等待] 下次采集时间: 03:15:21

[2026-03-16 03:15:30] 开始采集...
[价格] BTC: 71425.9
[价格] ETH: 2109.45
[价格] XRP: 1.4124
[价格] BNB: 659.2
[价格] SOL: 88.03
[价格] LTC: 55.09
[价格] DOGE: 0.09501
[价格] SUI: 1.0039
[价格] TRX: 0.29869
[价格] TON: 1.303
[价格] ETC: 8.296
[价格] BCH: 461.4
[价格] HBAR: 0.09538
[价格] XLM: 0.16681
[价格] FIL: 0.8864
[价格] LINK: 9.18
[价格] CRO: 0.07719
[价格] DOT: 1.416
[价格] AAVE: 114.97
[价格] UNI: 3.988
[价格] NEAR: 1.3371
[价格] APT: 0.923
[价格] CFX: 0.06117
[价格] CRV: 0.2421
[价格] STX: 0.2534
[价格] LDO: 0.3036
[价格] TAO: 286.5
[RSI] 开始采集5分钟RSI数据...
[RSI] BTC: 32.38
[RSI] ETH: 51.05
[RSI] XRP: 32.45
[RSI] BNB: 32.31
[RSI] SOL: 34.04
[RSI] LTC: 42.03
[RSI] DOGE: 40.0
[RSI] SUI: 37.76
[RSI] TRX: 67.27
[RSI] TON: 55.56
[RSI] ETC: 38.97
[RSI] BCH: 33.33
[RSI] HBAR: 36.69
[RSI] XLM: 34.72
[RSI] FIL: 41.48
[RSI] LINK: 43.48
[RSI] CRO: 39.6
[RSI] DOT: 42.86
[RSI] AAVE: 53.32
[RSI] UNI: 42.86
[RSI] NEAR: 35.74
[RSI] APT: 36.88
[RSI] CFX: 53.89
[RSI] CRV: 43.52
[RSI] STX: 25.58
[RSI] LDO: 45.0
[RSI] TAO: 56.5
[RSI] 成功采集 27/27 个币种，RSI之和: 1129.27
[保存] RSI数据已写入 /home/user/webapp/data/coin_change_tracker/rsi_20260316.jsonl
✅ [数据完整] 成功获取全部 27/27 个币种的数据
[保存] 数据已写入 /home/user/webapp/data/coin_change_tracker/coin_change_20260316.jsonl
[保存] 涨速数据已写入 /home/user/webapp/data/coin_change_tracker/velocity_20260316.jsonl
[统计] 总涨跌幅: 14.68%, 5分钟涨速: +6.91%, 币种数: 27, 上涨占比: 81.5% (22↑/5↓), RSI之和: 1129.27
[等待] 下次采集时间: 03:16:30

[2026-03-16 03:16:49] 开始采集...
[价格] BTC: 71416.4
[价格] ETH: 2107.94
[价格] XRP: 1.4126
[价格] BNB: 659.1
[价格] SOL: 88.02
[价格] LTC: 55.06
[价格] DOGE: 0.09499
[价格] SUI: 1.0034
[价格] TRX: 0.29872
[价格] TON: 1.306
[价格] ETC: 8.288
[价格] BCH: 461.2
[价格] HBAR: 0.09531
[价格] XLM: 0.16674
[价格] FIL: 0.8858
[价格] LINK: 9.175
[价格] CRO: 0.07726
[价格] DOT: 1.414
[价格] AAVE: 114.78
[价格] UNI: 3.985
[价格] NEAR: 1.3364
[价格] APT: 0.9222
[价格] CFX: 0.06143
[价格] CRV: 0.242
[价格] STX: 0.2532
[价格] LDO: 0.3035
[价格] TAO: 286.4
✅ [数据完整] 成功获取全部 27/27 个币种的数据
[保存] 数据已写入 /home/user/webapp/data/coin_change_tracker/coin_change_20260316.jsonl
[保存] 涨速数据已写入 /home/user/webapp/data/coin_change_tracker/velocity_20260316.jsonl
[统计] 总涨跌幅: 14.10%, 5分钟涨速: +6.61%, 币种数: 27, 上涨占比: 76.0% (19↑/6↓)
[等待] 下次采集时间: 03:17:49

[2026-03-16 03:17:59] 开始采集...
[价格] BTC: 71426.0
[价格] ETH: 2108.52
[价格] XRP: 1.412
[价格] BNB: 659.0
[价格] SOL: 88.0
[价格] LTC: 55.06
[价格] DOGE: 0.09497
[价格] SUI: 1.0031
[价格] TRX: 0.29872
[价格] TON: 1.303
[价格] ETC: 8.286
[价格] BCH: 460.9
[价格] HBAR: 0.09523
[价格] XLM: 0.16663
[价格] FIL: 0.8854
[价格] LINK: 9.176
[价格] CRO: 0.07724
[价格] DOT: 1.414
[价格] AAVE: 114.77
[价格] UNI: 3.985
[价格] NEAR: 1.3353
[价格] APT: 0.9222
[价格] CFX: 0.06113
[价格] CRV: 0.2426
[价格] STX: 0.2531
[价格] LDO: 0.3033
[价格] TAO: 287.0
✅ [数据完整] 成功获取全部 27/27 个币种的数据
[保存] 数据已写入 /home/user/webapp/data/coin_change_tracker/coin_change_20260316.jsonl
[保存] 涨速数据已写入 /home/user/webapp/data/coin_change_tracker/velocity_20260316.jsonl
[统计] 总涨跌幅: 13.25%, 5分钟涨速: +3.88%, 币种数: 27, 上涨占比: 66.7% (18↑/9↓)
[等待] 下次采集时间: 03:18:59

[2026-03-16 03:19:09] 开始采集...
[价格] BTC: 71414.5
[价格] ETH: 2108.32
[价格] XRP: 1.412
[价格] BNB: 659.1
[价格] SOL: 87.98
[价格] LTC: 55.04
[价格] DOGE: 0.09493
[价格] SUI: 1.0024
[价格] TRX: 0.29869
[价格] TON: 1.303
[价格] ETC: 8.286
[价格] BCH: 460.9
[价格] HBAR: 0.09522
[价格] XLM: 0.16661
[价格] FIL: 0.8854
[价格] LINK: 9.176
[价格] CRO: 0.07734
[价格] DOT: 1.414
[价格] AAVE: 114.68
[价格] UNI: 3.985
[价格] NEAR: 1.3343
[价格] APT: 0.9219
[价格] CFX: 0.0611
[价格] CRV: 0.2424
[价格] STX: 0.2531
[价格] LDO: 0.3033
[价格] TAO: 286.9
✅ [数据完整] 成功获取全部 27/27 个币种的数据
[保存] 数据已写入 /home/user/webapp/data/coin_change_tracker/coin_change_20260316.jsonl
[保存] 涨速数据已写入 /home/user/webapp/data/coin_change_tracker/velocity_20260316.jsonl
[统计] 总涨跌幅: 12.82%, 5分钟涨速: -2.02%, 币种数: 27, 上涨占比: 62.5% (15↑/9↓)
[等待] 下次采集时间: 03:20:09

[2026-03-16 03:20:19] 开始采集...
[价格] BTC: 71435.6
[价格] ETH: 2108.17
[价格] XRP: 1.4123
[价格] BNB: 659.3
[价格] SOL: 88.0
[价格] LTC: 55.05
[价格] DOGE: 0.09494
[价格] SUI: 1.0027
[价格] TRX: 0.29874
[价格] TON: 1.304
[价格] ETC: 8.288
[价格] BCH: 460.9
[价格] HBAR: 0.09528
[价格] XLM: 0.16668
[价格] FIL: 0.8858
[价格] LINK: 9.176
[价格] CRO: 0.0774
[价格] DOT: 1.412
[价格] AAVE: 114.69
[价格] UNI: 3.985
[价格] NEAR: 1.3353
[价格] APT: 0.9222
[价格] CFX: 0.06108
[价格] CRV: 0.2423
[价格] STX: 0.2532
[价格] LDO: 0.3034
[价格] TAO: 286.2
✅ [数据完整] 成功获取全部 27/27 个币种的数据
[保存] 数据已写入 /home/user/webapp/data/coin_change_tracker/coin_change_20260316.jsonl
[保存] 涨速数据已写入 /home/user/webapp/data/coin_change_tracker/velocity_20260316.jsonl
[统计] 总涨跌幅: 13.06%, 5分钟涨速: -1.62%, 币种数: 27, 上涨占比: 72.0% (18↑/7↓)
[等待] 下次采集时间: 03:21:19

[2026-03-16 03:21:29] 开始采集...
[价格] BTC: 71435.5
[价格] ETH: 2108.71
[价格] XRP: 1.4126
[价格] BNB: 659.3
[价格] SOL: 88.03
[价格] LTC: 55.07
[价格] DOGE: 0.09502
[价格] SUI: 1.0027
[价格] TRX: 0.2988
[价格] TON: 1.304
[价格] ETC: 8.29
[价格] BCH: 461.1
[价格] HBAR: 0.09533
[价格] XLM: 0.16673
[价格] FIL: 0.8859
[价格] LINK: 9.178
[价格] CRO: 0.0774
[价格] DOT: 1.413
[价格] AAVE: 114.85
[价格] UNI: 3.99
[价格] NEAR: 1.3358
[价格] APT: 0.9223
[价格] CFX: 0.06099
[价格] CRV: 0.2422
[价格] STX: 0.2532
[价格] LDO: 0.3034
[价格] TAO: 286.0
[RSI] 开始采集5分钟RSI数据...
[RSI] BTC: 34.12
[RSI] ETH: 51.05
[RSI] XRP: 34.44
[RSI] BNB: 35.48
[RSI] SOL: 33.33
[RSI] LTC: 43.48
[RSI] DOGE: 41.26
[RSI] SUI: 35.92
[RSI] TRX: 71.43
[RSI] TON: 57.89
[RSI] ETC: 39.1
[RSI] BCH: 34.62
[RSI] HBAR: 38.01
[RSI] XLM: 35.11
[RSI] FIL: 40.14
[RSI] LINK: 43.48
[RSI] CRO: 55.34
[RSI] DOT: 41.18
[RSI] AAVE: 52.19
[RSI] UNI: 46.99
[RSI] NEAR: 35.97
[RSI] APT: 33.33
[RSI] CFX: 59.55
[RSI] CRV: 42.86
[RSI] STX: 28.21
[RSI] LDO: 43.55
[RSI] TAO: 59.79
[RSI] 成功采集 27/27 个币种，RSI之和: 1167.82
[保存] RSI数据已写入 /home/user/webapp/data/coin_change_tracker/rsi_20260316.jsonl
✅ [数据完整] 成功获取全部 27/27 个币种的数据
[保存] 数据已写入 /home/user/webapp/data/coin_change_tracker/coin_change_20260316.jsonl
[保存] 涨速数据已写入 /home/user/webapp/data/coin_change_tracker/velocity_20260316.jsonl
[统计] 总涨跌幅: 13.56%, 5分钟涨速: -0.54%, 币种数: 27, 上涨占比: 73.1% (19↑/7↓), RSI之和: 1167.82
[等待] 下次采集时间: 03:22:29

[2026-03-16 03:22:48] 开始采集...
[价格] BTC: 71454.7
[价格] ETH: 2108.84
[价格] XRP: 1.413
[价格] BNB: 659.4
[价格] SOL: 88.06
[价格] LTC: 55.1
[价格] DOGE: 0.09503
[价格] SUI: 1.0028
[价格] TRX: 0.29886
[价格] TON: 1.304
[价格] ETC: 8.296
[价格] BCH: 461.0
[价格] HBAR: 0.09532
[价格] XLM: 0.16677
[价格] FIL: 0.8862
[价格] LINK: 9.179
[价格] CRO: 0.07745
[价格] DOT: 1.412
[价格] AAVE: 114.89
[价格] UNI: 3.99
[价格] NEAR: 1.3366
[价格] APT: 0.9225
[价格] CFX: 0.06093
[价格] CRV: 0.2422
[价格] STX: 0.2534
[价格] LDO: 0.3037
[价格] TAO: 283.9
✅ [数据完整] 成功获取全部 27/27 个币种的数据
[保存] 数据已写入 /home/user/webapp/data/coin_change_tracker/coin_change_20260316.jsonl
[保存] 涨速数据已写入 /home/user/webapp/data/coin_change_tracker/velocity_20260316.jsonl
[统计] 总涨跌幅: 13.33%, 5分钟涨速: +0.08%, 币种数: 27, 上涨占比: 81.5% (22↑/5↓)
[等待] 下次采集时间: 03:23:48

[2026-03-16 03:23:57] 开始采集...
[价格] BTC: 71462.1
[价格] ETH: 2109.53
[价格] XRP: 1.4133
[价格] BNB: 659.3
[价格] SOL: 88.11
[价格] LTC: 55.11
[价格] DOGE: 0.09505
[价格] SUI: 1.003
[价格] TRX: 0.29886
[价格] TON: 1.303
[价格] ETC: 8.297
[价格] BCH: 461.0
[价格] HBAR: 0.09531
[价格] XLM: 0.16682
[价格] FIL: 0.8866
[价格] LINK: 9.185
[价格] CRO: 0.07734
[价格] DOT: 1.413
[价格] AAVE: 114.92
[价格] UNI: 3.991
[价格] NEAR: 1.3372
[价格] APT: 0.9228
[价格] CFX: 0.0608
[价格] CRV: 0.2424
[价格] STX: 0.2534
[价格] LDO: 0.3037
[价格] TAO: 284.0
✅ [数据完整] 成功获取全部 27/27 个币种的数据
[保存] 数据已写入 /home/user/webapp/data/coin_change_tracker/coin_change_20260316.jsonl
[保存] 涨速数据已写入 /home/user/webapp/data/coin_change_tracker/velocity_20260316.jsonl
[统计] 总涨跌幅: 13.53%, 5分钟涨速: +0.71%, 币种数: 27, 上涨占比: 81.5% (22↑/5↓)
[等待] 下次采集时间: 03:24:57

[2026-03-16 03:25:07] 开始采集...
[价格] BTC: 71466.8
[价格] ETH: 2109.85
[价格] XRP: 1.4135
[价格] BNB: 659.4
[价格] SOL: 88.15
[价格] LTC: 55.11
[价格] DOGE: 0.09505
[价格] SUI: 1.0033
[价格] TRX: 0.29886
[价格] TON: 1.303
[价格] ETC: 8.299
[价格] BCH: 461.0
[价格] HBAR: 0.09533
[价格] XLM: 0.16682
[价格] FIL: 0.8868
[价格] LINK: 9.189
[价格] CRO: 0.07734
[价格] DOT: 1.414
[价格] AAVE: 114.97
[价格] UNI: 3.991
[价格] NEAR: 1.3376
[价格] APT: 0.9233
[价格] CFX: 0.06073
[价格] CRV: 0.2425
[价格] STX: 0.2534
[价格] LDO: 0.3039
[价格] TAO: 284.6
✅ [数据完整] 成功获取全部 27/27 个币种的数据
[保存] 数据已写入 /home/user/webapp/data/coin_change_tracker/coin_change_20260316.jsonl
[保存] 涨速数据已写入 /home/user/webapp/data/coin_change_tracker/velocity_20260316.jsonl
[统计] 总涨跌幅: 14.16%, 5分钟涨速: +1.10%, 币种数: 27, 上涨占比: 81.5% (22↑/5↓)
[等待] 下次采集时间: 03:26:07

[2026-03-16 03:26:16] 开始采集...
[价格] BTC: 71474.0
[价格] ETH: 2110.14
[价格] XRP: 1.4136
[价格] BNB: 659.5
[价格] SOL: 88.12
[价格] LTC: 55.13
[价格] DOGE: 0.09508
[价格] SUI: 1.0035
[价格] TRX: 0.29879
[价格] TON: 1.303
[价格] ETC: 8.298
[价格] BCH: 461.1
[价格] HBAR: 0.09533
[价格] XLM: 0.1668
[价格] FIL: 0.8869
[价格] LINK: 9.188
[价格] CRO: 0.07734
[价格] DOT: 1.415
[价格] AAVE: 115.08
[价格] UNI: 3.993
[价格] NEAR: 1.3379
[价格] APT: 0.9239
[价格] CFX: 0.06068
[价格] CRV: 0.2424
[价格] STX: 0.2536
[价格] LDO: 0.304
[价格] TAO: 285.1
✅ [数据完整] 成功获取全部 27/27 个币种的数据
[保存] 数据已写入 /home/user/webapp/data/coin_change_tracker/coin_change_20260316.jsonl
[保存] 涨速数据已写入 /home/user/webapp/data/coin_change_tracker/velocity_20260316.jsonl
[统计] 总涨跌幅: 14.73%, 5分钟涨速: +1.17%, 币种数: 27, 上涨占比: 84.6% (22↑/4↓)
[等待] 下次采集时间: 03:27:16

[2026-03-16 03:27:26] 开始采集...
[价格] BTC: 71479.8
[价格] ETH: 2110.78
[价格] XRP: 1.4141
[价格] BNB: 659.7
[价格] SOL: 88.17
[价格] LTC: 55.17
[价格] DOGE: 0.09515
[价格] SUI: 1.0048
[价格] TRX: 0.29875
[价格] TON: 1.303
[价格] ETC: 8.307
[价格] BCH: 461.3
[价格] HBAR: 0.09536
[价格] XLM: 0.1669
[价格] FIL: 0.888
[价格] LINK: 9.196
[价格] CRO: 0.07734
[价格] DOT: 1.416
[价格] AAVE: 115.31
[价格] UNI: 3.997
[价格] NEAR: 1.3397
[价格] APT: 0.9248
[价格] CFX: 0.06069
[价格] CRV: 0.2426
[价格] STX: 0.2536
[价格] LDO: 0.3043
[警告] TAO 价格获取失败
[RSI] 开始采集5分钟RSI数据...
[RSI] BTC: 33.88
[RSI] ETH: 50.64
[RSI] XRP: 38.5
[RSI] BNB: 38.1
[RSI] SOL: 36.05
[RSI] LTC: 50.0
[RSI] DOGE: 48.32
[RSI] SUI: 43.27
[RSI] TRX: 72.22
[RSI] TON: 52.94
[RSI] ETC: 46.26
[RSI] BCH: 40.82
[RSI] HBAR: 38.01
[RSI] XLM: 40.07
[RSI] FIL: 50.65
[RSI] LINK: 46.71
[RSI] CRO: 53.92
[RSI] DOT: 42.42
[RSI] AAVE: 56.31
[RSI] UNI: 52.27
[RSI] NEAR: 41.52
[RSI] APT: 45.88
[RSI] CFX: 56.79
[RSI] CRV: 44.44
[RSI] STX: 36.59
[RSI] LDO: 52.17
[RSI] TAO: 52.41
[RSI] 成功采集 27/27 个币种，RSI之和: 1261.16
[保存] RSI数据已写入 /home/user/webapp/data/coin_change_tracker/rsi_20260316.jsonl
❌ [数据不完整] 只获取到 26/27 个币种，缺失: TAO
⚠️  [跳过保存] 数据不完整，跳过本次采集，等待下次重试...
[等待] 下次采集时间: 03:28:26

[2026-03-16 03:28:45] 开始采集...
[价格] BTC: 71510.0
[价格] ETH: 2111.7
[价格] XRP: 1.4145
[价格] BNB: 659.9
[价格] SOL: 88.23
[价格] LTC: 55.18
[价格] DOGE: 0.09526
[价格] SUI: 1.0053
[价格] TRX: 0.29883
[价格] TON: 1.303
[价格] ETC: 8.31
[价格] BCH: 461.4
[价格] HBAR: 0.09539
[价格] XLM: 0.16697
[价格] FIL: 0.8881
[价格] LINK: 9.197
[价格] CRO: 0.07732
[价格] DOT: 1.416
[价格] AAVE: 115.35
[价格] UNI: 3.998
[价格] NEAR: 1.3394
[价格] APT: 0.925
[价格] CFX: 0.06064
[价格] CRV: 0.2426
[价格] STX: 0.2536
[价格] LDO: 0.3044
[价格] TAO: 284.4
✅ [数据完整] 成功获取全部 27/27 个币种的数据
[保存] 数据已写入 /home/user/webapp/data/coin_change_tracker/coin_change_20260316.jsonl
[保存] 涨速数据已写入 /home/user/webapp/data/coin_change_tracker/velocity_20260316.jsonl
[统计] 总涨跌幅: 16.70%, 5分钟涨速: +3.17%, 币种数: 27, 上涨占比: 85.2% (23↑/4↓)
[等待] 下次采集时间: 03:29:45

[2026-03-16 03:29:54] 开始采集...
[价格] BTC: 71477.9
[价格] ETH: 2110.69
[价格] XRP: 1.4134
[价格] BNB: 659.6
[价格] SOL: 88.16
[价格] LTC: 55.18
[价格] DOGE: 0.09518
[价格] SUI: 1.0042
[价格] TRX: 0.29888
[价格] TON: 1.303
[价格] ETC: 8.307
[价格] BCH: 461.4
[价格] HBAR: 0.09537
[价格] XLM: 0.1669
[价格] FIL: 0.8878
[价格] LINK: 9.191
[价格] CRO: 0.07734
[价格] DOT: 1.415
[价格] AAVE: 115.22
[价格] UNI: 3.995
[价格] NEAR: 1.3382
[价格] APT: 0.9245
[价格] CFX: 0.06052
[价格] CRV: 0.2425
[价格] STX: 0.2537
[价格] LDO: 0.3041
[价格] TAO: 283.3
✅ [数据完整] 成功获取全部 27/27 个币种的数据
[保存] 数据已写入 /home/user/webapp/data/coin_change_tracker/coin_change_20260316.jsonl
[保存] 涨速数据已写入 /home/user/webapp/data/coin_change_tracker/velocity_20260316.jsonl
[统计] 总涨跌幅: 14.94%, 5分钟涨速: +0.78%, 币种数: 27, 上涨占比: 84.6% (22↑/4↓)
[等待] 下次采集时间: 03:30:54

[2026-03-16 03:31:04] 开始采集...
[价格] BTC: 71480.0
[价格] ETH: 2110.5
[价格] XRP: 1.4136
[价格] BNB: 659.5
[价格] SOL: 88.15
[价格] LTC: 55.2
[价格] DOGE: 0.09523
[价格] SUI: 1.0042
[价格] TRX: 0.29887
[价格] TON: 1.303
[价格] ETC: 8.309
[价格] BCH: 461.4
[价格] HBAR: 0.09536
[价格] XLM: 0.16693
[价格] FIL: 0.8886
[价格] LINK: 9.189
[价格] CRO: 0.07733
[价格] DOT: 1.417
[价格] AAVE: 115.28
[价格] UNI: 3.997
[价格] NEAR: 1.3381
[价格] APT: 0.9249
[价格] CFX: 0.0605
[价格] CRV: 0.2421
[价格] STX: 0.2537
[价格] LDO: 0.3041
[价格] TAO: 283.1
✅ [数据完整] 成功获取全部 27/27 个币种的数据
[保存] 数据已写入 /home/user/webapp/data/coin_change_tracker/coin_change_20260316.jsonl
[保存] 涨速数据已写入 /home/user/webapp/data/coin_change_tracker/velocity_20260316.jsonl
[统计] 总涨跌幅: 15.10%, 5分钟涨速: +0.37%, 币种数: 27, 上涨占比: 85.2% (23↑/4↓)
[等待] 下次采集时间: 03:32:04

[2026-03-16 03:32:13] 开始采集...
[价格] BTC: 71469.6
[价格] ETH: 2109.6
[价格] XRP: 1.4128
[价格] BNB: 659.4
[价格] SOL: 88.08
[价格] LTC: 55.19
[价格] DOGE: 0.09518
[价格] SUI: 1.0034
[价格] TRX: 0.29878
[价格] TON: 1.303
[价格] ETC: 8.306
[价格] BCH: 461.3
[价格] HBAR: 0.09531
[价格] XLM: 0.16678
[价格] FIL: 0.8889
[价格] LINK: 9.182
[价格] CRO: 0.07728
[价格] DOT: 1.416
[价格] AAVE: 115.22
[价格] UNI: 3.995
[价格] NEAR: 1.3379
[价格] APT: 0.9245
[价格] CFX: 0.06051
[价格] CRV: 0.2415
[价格] STX: 0.2537
[价格] LDO: 0.304
[价格] TAO: 281.9
✅ [数据完整] 成功获取全部 27/27 个币种的数据
[保存] 数据已写入 /home/user/webapp/data/coin_change_tracker/coin_change_20260316.jsonl
[保存] 涨速数据已写入 /home/user/webapp/data/coin_change_tracker/velocity_20260316.jsonl
[统计] 总涨跌幅: 13.47%, 5分钟涨速: -1.26%, 币种数: 27, 上涨占比: 85.2% (23↑/4↓)
[等待] 下次采集时间: 03:33:13

[2026-03-16 03:33:23] 开始采集...
[价格] BTC: 71494.1
[价格] ETH: 2111.24
[价格] XRP: 1.4137
[价格] BNB: 659.5
[价格] SOL: 88.11
[价格] LTC: 55.21
[价格] DOGE: 0.09522
[价格] SUI: 1.0034
[价格] TRX: 0.29878
[价格] TON: 1.303
[价格] ETC: 8.31
[价格] BCH: 461.4
[价格] HBAR: 0.09536
[价格] XLM: 0.16687
[价格] FIL: 0.8889
[价格] LINK: 9.187
[价格] CRO: 0.07728
[价格] DOT: 1.417
[价格] AAVE: 115.33
[价格] UNI: 3.998
[价格] NEAR: 1.3389
[价格] APT: 0.9248
[价格] CFX: 0.06065
[价格] CRV: 0.2418
[价格] STX: 0.2537
[价格] LDO: 0.3041
[价格] TAO: 283.3
[RSI] 开始采集5分钟RSI数据...
[RSI] BTC: 37.01
[RSI] ETH: 54.27
[RSI] XRP: 39.01
[RSI] BNB: 36.51
[RSI] SOL: 34.9
[RSI] LTC: 53.75
[RSI] DOGE: 49.34
[RSI] SUI: 42.78
[RSI] TRX: 72.09
[RSI] TON: 52.94
[RSI] ETC: 48.3
[RSI] BCH: 39.58
[RSI] HBAR: 39.29
[RSI] XLM: 44.76
[RSI] FIL: 56.86
[RSI] LINK: 48.67
[RSI] CRO: 50.47
[RSI] DOT: 50.0
[RSI] AAVE: 60.99
[RSI] UNI: 54.02
[RSI] NEAR: 44.58
[RSI] APT: 50.0
[RSI] CFX: 49.64
[RSI] CRV: 43.24
[RSI] STX: 43.59
[RSI] LDO: 54.69
[RSI] TAO: 50.78
[RSI] 成功采集 27/27 个币种，RSI之和: 1302.06
[保存] RSI数据已写入 /home/user/webapp/data/coin_change_tracker/rsi_20260316.jsonl
✅ [数据完整] 成功获取全部 27/27 个币种的数据
[保存] 数据已写入 /home/user/webapp/data/coin_change_tracker/coin_change_20260316.jsonl
[保存] 涨速数据已写入 /home/user/webapp/data/coin_change_tracker/velocity_20260316.jsonl
[统计] 总涨跌幅: 15.24%, 5分钟涨速: -1.46%, 币种数: 27, 上涨占比: 85.2% (23↑/4↓), RSI之和: 1302.06
[等待] 下次采集时间: 03:34:23

[2026-03-16 03:34:42] 开始采集...
[价格] BTC: 71505.4
[价格] ETH: 2111.56
[价格] XRP: 1.4139
[价格] BNB: 659.7
[价格] SOL: 88.16
[价格] LTC: 55.26
[价格] DOGE: 0.09521
[价格] SUI: 1.004
[价格] TRX: 0.29878
[价格] TON: 1.304
[价格] ETC: 8.317
[价格] BCH: 461.4
[价格] HBAR: 0.09542
[价格] XLM: 0.16694
[价格] FIL: 0.8901
[价格] LINK: 9.19
[价格] CRO: 0.07761
[价格] DOT: 1.418
[价格] AAVE: 115.34
[价格] UNI: 3.999
[价格] NEAR: 1.3396
[价格] APT: 0.9257
[价格] CFX: 0.06066
[价格] CRV: 0.2416
[价格] STX: 0.254
[价格] LDO: 0.3044
[价格] TAO: 282.1
✅ [数据完整] 成功获取全部 27/27 个币种的数据
[保存] 数据已写入 /home/user/webapp/data/coin_change_tracker/coin_change_20260316.jsonl
[保存] 涨速数据已写入 /home/user/webapp/data/coin_change_tracker/velocity_20260316.jsonl
[统计] 总涨跌幅: 16.37%, 5分钟涨速: +1.43%, 币种数: 27, 上涨占比: 88.5% (23↑/3↓)
[等待] 下次采集时间: 03:35:42

[2026-03-16 03:35:51] 开始采集...
[价格] BTC: 71467.8
[价格] ETH: 2110.21
[价格] XRP: 1.4132
[价格] BNB: 659.6
[价格] SOL: 88.13
[价格] LTC: 55.22
[价格] DOGE: 0.09514
[价格] SUI: 1.0049
[价格] TRX: 0.29883
[价格] TON: 1.304
[价格] ETC: 8.312
[价格] BCH: 461.3
[价格] HBAR: 0.0954
[价格] XLM: 0.16686
[价格] FIL: 0.8899
[价格] LINK: 9.185
[价格] CRO: 0.07758
[价格] DOT: 1.417
[价格] AAVE: 115.24
[价格] UNI: 3.998
[价格] NEAR: 1.3389
[价格] APT: 0.9248
[价格] CFX: 0.0606
[价格] CRV: 0.2414
[价格] STX: 0.2539
[价格] LDO: 0.3042
[价格] TAO: 282.4
✅ [数据完整] 成功获取全部 27/27 个币种的数据
[保存] 数据已写入 /home/user/webapp/data/coin_change_tracker/coin_change_20260316.jsonl
[保存] 涨速数据已写入 /home/user/webapp/data/coin_change_tracker/velocity_20260316.jsonl
[统计] 总涨跌幅: 15.32%, 5分钟涨速: +0.22%, 币种数: 27, 上涨占比: 85.2% (23↑/4↓)
[等待] 下次采集时间: 03:36:51

[2026-03-16 03:37:01] 开始采集...
[价格] BTC: 71474.7
[价格] ETH: 2110.27
[价格] XRP: 1.4134
[价格] BNB: 659.6
[价格] SOL: 88.15
[价格] LTC: 55.18
[价格] DOGE: 0.09517
[价格] SUI: 1.005
[价格] TRX: 0.29886
[价格] TON: 1.304
[价格] ETC: 8.315
[价格] BCH: 461.4
[价格] HBAR: 0.09539
[价格] XLM: 0.1668
[价格] FIL: 0.8899
[价格] LINK: 9.186
[价格] CRO: 0.07755
[价格] DOT: 1.417
[价格] AAVE: 115.08
[价格] UNI: 3.995
[价格] NEAR: 1.3391
[价格] APT: 0.925
[价格] CFX: 0.06059
[价格] CRV: 0.2414
[价格] STX: 0.2537
[价格] LDO: 0.3042
[价格] TAO: 283.0
✅ [数据完整] 成功获取全部 27/27 个币种的数据
[保存] 数据已写入 /home/user/webapp/data/coin_change_tracker/coin_change_20260316.jsonl
[保存] 涨速数据已写入 /home/user/webapp/data/coin_change_tracker/velocity_20260316.jsonl
[统计] 总涨跌幅: 15.28%, 5分钟涨速: +1.81%, 币种数: 27, 上涨占比: 85.2% (23↑/4↓)
[等待] 下次采集时间: 03:38:01

[2026-03-16 03:38:11] 开始采集...
[价格] BTC: 71457.0
[价格] ETH: 2109.86
[价格] XRP: 1.4125
[价格] BNB: 659.4
[价格] SOL: 88.09
[价格] LTC: 55.18
[价格] DOGE: 0.09512
[价格] SUI: 1.0041
[价格] TRX: 0.29886
[价格] TON: 1.303
[价格] ETC: 8.304
[价格] BCH: 461.2
[价格] HBAR: 0.09528
[价格] XLM: 0.16666
[价格] FIL: 0.8888
[价格] LINK: 9.179
[价格] CRO: 0.07757
[价格] DOT: 1.415
[价格] AAVE: 114.76
[价格] UNI: 3.989
[价格] NEAR: 1.3377
[价格] APT: 0.9238
[价格] CFX: 0.06056
[价格] CRV: 0.2414
[价格] STX: 0.2537
[价格] LDO: 0.3039
[价格] TAO: 281.1
✅ [数据完整] 成功获取全部 27/27 个币种的数据
[保存] 数据已写入 /home/user/webapp/data/coin_change_tracker/coin_change_20260316.jsonl
[保存] 涨速数据已写入 /home/user/webapp/data/coin_change_tracker/velocity_20260316.jsonl
[统计] 总涨跌幅: 12.64%, 5分钟涨速: -2.60%, 币种数: 27, 上涨占比: 84.6% (22↑/4↓)
[等待] 下次采集时间: 03:39:11

[2026-03-16 03:39:20] 开始采集...
[价格] BTC: 71458.8
[价格] ETH: 2110.24
[价格] XRP: 1.412
[价格] BNB: 659.4
[价格] SOL: 88.06
[价格] LTC: 55.18
[价格] DOGE: 0.0951
[价格] SUI: 1.0041
[价格] TRX: 0.29886
[价格] TON: 1.303
[价格] ETC: 8.305
[价格] BCH: 461.1
[价格] HBAR: 0.0953
[价格] XLM: 0.16663
[价格] FIL: 0.8895
[价格] LINK: 9.183
[价格] CRO: 0.07753
[价格] DOT: 1.416
[价格] AAVE: 114.76
[价格] UNI: 3.99
[价格] NEAR: 1.3378
[价格] APT: 0.9242
[价格] CFX: 0.06057
[价格] CRV: 0.2415
[价格] STX: 0.2536
[价格] LDO: 0.3042
[价格] TAO: 282.6
[RSI] 开始采集5分钟RSI数据...
[RSI] BTC: 34.57
[RSI] ETH: 53.53
[RSI] XRP: 36.36
[RSI] BNB: 37.5
[RSI] SOL: 34.9
[RSI] LTC: 51.69
[RSI] DOGE: 47.1
[RSI] SUI: 44.55
[RSI] TRX: 75.94
[RSI] TON: 50.0
[RSI] ETC: 46.67
[RSI] BCH: 38.0
[RSI] HBAR: 39.01
[RSI] XLM: 39.93
[RSI] FIL: 58.68
[RSI] LINK: 48.34
[RSI] CRO: 59.56
[RSI] DOT: 48.57
[RSI] AAVE: 52.55
[RSI] UNI: 49.48
[RSI] NEAR: 42.37
[RSI] APT: 48.04
[RSI] CFX: 46.67
[RSI] CRV: 36.27
[RSI] STX: 35.9
[RSI] LDO: 54.69
[RSI] TAO: 45.55
[RSI] 成功采集 27/27 个币种，RSI之和: 1256.42
[保存] RSI数据已写入 /home/user/webapp/data/coin_change_tracker/rsi_20260316.jsonl
✅ [数据完整] 成功获取全部 27/27 个币种的数据
[保存] 数据已写入 /home/user/webapp/data/coin_change_tracker/coin_change_20260316.jsonl
[保存] 涨速数据已写入 /home/user/webapp/data/coin_change_tracker/velocity_20260316.jsonl
[统计] 总涨跌幅: 13.46%, 5分钟涨速: -2.91%, 币种数: 27, 上涨占比: 85.2% (23↑/4↓), RSI之和: 1256.42
[等待] 下次采集时间: 03:40:20

[2026-03-16 03:40:39] 开始采集...
[价格] BTC: 71466.3
[价格] ETH: 2110.44
[价格] XRP: 1.4121
[价格] BNB: 659.5
[价格] SOL: 88.08
[价格] LTC: 55.2
[价格] DOGE: 0.0951
[价格] SUI: 1.0041
[价格] TRX: 0.29886
[价格] TON: 1.304
[价格] ETC: 8.308
[价格] BCH: 461.1
[价格] HBAR: 0.09535
[价格] XLM: 0.16654
[价格] FIL: 0.8897
[价格] LINK: 9.185
[价格] CRO: 0.07755
[价格] DOT: 1.417
[价格] AAVE: 114.75
[价格] UNI: 3.994
[价格] NEAR: 1.3384
[价格] APT: 0.9246
[价格] CFX: 0.06063
[价格] CRV: 0.2415
[价格] STX: 0.2536
[价格] LDO: 0.3044
[价格] TAO: 282.6
✅ [数据完整] 成功获取全部 27/27 个币种的数据
[保存] 数据已写入 /home/user/webapp/data/coin_change_tracker/coin_change_20260316.jsonl
[保存] 涨速数据已写入 /home/user/webapp/data/coin_change_tracker/velocity_20260316.jsonl
[统计] 总涨跌幅: 14.15%, 5分钟涨速: -1.17%, 币种数: 27, 上涨占比: 85.2% (23↑/4↓)
[等待] 下次采集时间: 03:41:39

[2026-03-16 03:41:49] 开始采集...
[价格] BTC: 71458.8
[价格] ETH: 2109.83
[价格] XRP: 1.4121
[价格] BNB: 659.5
[价格] SOL: 88.12
[价格] LTC: 55.19
[价格] DOGE: 0.09508
[价格] SUI: 1.0041
[价格] TRX: 0.29886
[价格] TON: 1.304
[价格] ETC: 8.309
[价格] BCH: 461.1
[价格] HBAR: 0.09534
[价格] XLM: 0.16654
[价格] FIL: 0.8898
[价格] LINK: 9.185
[价格] CRO: 0.07755
[价格] DOT: 1.417
[价格] AAVE: 114.81
[价格] UNI: 3.993
[价格] NEAR: 1.3388
[价格] APT: 0.9252
[价格] CFX: 0.06073
[价格] CRV: 0.2416
[价格] STX: 0.2536
[价格] LDO: 0.3044
[价格] TAO: 282.6
✅ [数据完整] 成功获取全部 27/27 个币种的数据
[保存] 数据已写入 /home/user/webapp/data/coin_change_tracker/coin_change_20260316.jsonl
[保存] 涨速数据已写入 /home/user/webapp/data/coin_change_tracker/velocity_20260316.jsonl
[统计] 总涨跌幅: 14.47%, 5分钟涨速: -0.81%, 币种数: 27, 上涨占比: 85.2% (23↑/4↓)
[等待] 下次采集时间: 03:42:49

[2026-03-16 03:42:58] 开始采集...
[价格] BTC: 71449.0
[价格] ETH: 2109.62
[价格] XRP: 1.412
[价格] BNB: 659.5
[价格] SOL: 88.09
[价格] LTC: 55.16
[价格] DOGE: 0.09507
[价格] SUI: 1.0041
[价格] TRX: 0.29888
[价格] TON: 1.305
[价格] ETC: 8.308
[价格] BCH: 461.1
[价格] HBAR: 0.09534
[价格] XLM: 0.16646
[价格] FIL: 0.8893
[价格] LINK: 9.185
[价格] CRO: 0.07752
[价格] DOT: 1.416
[价格] AAVE: 114.86
[价格] UNI: 3.993
[价格] NEAR: 1.3393
[价格] APT: 0.9251
[价格] CFX: 0.06063
[价格] CRV: 0.2417
[价格] STX: 0.2537
[价格] LDO: 0.3044
[价格] TAO: 281.2
✅ [数据完整] 成功获取全部 27/27 个币种的数据
[保存] 数据已写入 /home/user/webapp/data/coin_change_tracker/coin_change_20260316.jsonl
[保存] 涨速数据已写入 /home/user/webapp/data/coin_change_tracker/velocity_20260316.jsonl
[统计] 总涨跌幅: 13.65%, 5分钟涨速: +1.01%, 币种数: 27, 上涨占比: 84.6% (22↑/4↓)
[等待] 下次采集时间: 03:43:58

[2026-03-16 03:44:08] 开始采集...
[价格] BTC: 71480.0
[价格] ETH: 2109.9
[价格] XRP: 1.412
[价格] BNB: 659.7
[价格] SOL: 88.12
[价格] LTC: 55.15
[价格] DOGE: 0.09516
[价格] SUI: 1.0047
[价格] TRX: 0.29845
[价格] TON: 1.304
[价格] ETC: 8.309
[价格] BCH: 461.1
[价格] HBAR: 0.09528
[价格] XLM: 0.16644
[价格] FIL: 0.8893
[价格] LINK: 9.189
[价格] CRO: 0.07751
[价格] DOT: 1.416
[价格] AAVE: 114.91
[价格] UNI: 3.995
[价格] NEAR: 1.3395
[价格] APT: 0.9253
[价格] CFX: 0.06065
[价格] CRV: 0.2416
[价格] STX: 0.2538
[价格] LDO: 0.3044
[价格] TAO: 281.0
✅ [数据完整] 成功获取全部 27/27 个币种的数据
[保存] 数据已写入 /home/user/webapp/data/coin_change_tracker/coin_change_20260316.jsonl
[保存] 涨速数据已写入 /home/user/webapp/data/coin_change_tracker/velocity_20260316.jsonl
[统计] 总涨跌幅: 13.77%, 5分钟涨速: +0.31%, 币种数: 27, 上涨占比: 81.5% (22↑/5↓)
[等待] 下次采集时间: 03:45:08

[2026-03-16 03:45:18] 开始采集...
[价格] BTC: 71454.4
[价格] ETH: 2109.74
[价格] XRP: 1.4114
[价格] BNB: 659.5
[价格] SOL: 88.1
[价格] LTC: 55.16
[价格] DOGE: 0.09506
[价格] SUI: 1.004
[价格] TRX: 0.29847
[价格] TON: 1.304
[价格] ETC: 8.308
[价格] BCH: 461.1
[价格] HBAR: 0.09527
[价格] XLM: 0.16637
[价格] FIL: 0.8893
[价格] LINK: 9.185
[价格] CRO: 0.07754
[价格] DOT: 1.416
[价格] AAVE: 114.84
[价格] UNI: 3.995
[价格] NEAR: 1.3397
[价格] APT: 0.9254
[价格] CFX: 0.06066
[价格] CRV: 0.2415
[价格] STX: 0.2537
[价格] LDO: 0.3044
[价格] TAO: 281.3
[RSI] 开始采集5分钟RSI数据...
[RSI] BTC: 35.15
[RSI] ETH: 50.98
[RSI] XRP: 33.33
[RSI] BNB: 37.29
[RSI] SOL: 36.84
[RSI] LTC: 48.28
[RSI] DOGE: 42.57
[RSI] SUI: 37.93
[RSI] TRX: 61.08
[RSI] TON: 43.75
[RSI] ETC: 44.06
[RSI] BCH: 33.33
[RSI] HBAR: 35.91
[RSI] XLM: 30.29
[RSI] FIL: 54.25
[RSI] LINK: 46.32
[RSI] CRO: 58.33
[RSI] DOT: 46.88
[RSI] AAVE: 45.78
[RSI] UNI: 46.91
[RSI] NEAR: 43.43
[RSI] APT: 48.35
[RSI] CFX: 36.02
[RSI] CRV: 16.0
[RSI] STX: 35.71
[RSI] LDO: 52.54
[RSI] TAO: 32.95
[RSI] 成功采集 27/27 个币种，RSI之和: 1134.26
[保存] RSI数据已写入 /home/user/webapp/data/coin_change_tracker/rsi_20260316.jsonl
✅ [数据完整] 成功获取全部 27/27 个币种的数据
[保存] 数据已写入 /home/user/webapp/data/coin_change_tracker/coin_change_20260316.jsonl
[保存] 涨速数据已写入 /home/user/webapp/data/coin_change_tracker/velocity_20260316.jsonl
[统计] 总涨跌幅: 13.40%, 5分钟涨速: -0.75%, 币种数: 27, 上涨占比: 81.5% (22↑/5↓), RSI之和: 1134.26
[等待] 下次采集时间: 03:46:18

[2026-03-16 03:46:37] 开始采集...
[价格] BTC: 71420.8
[价格] ETH: 2108.57
[价格] XRP: 1.4107
[价格] BNB: 659.3
[价格] SOL: 88.03
[价格] LTC: 55.16
[价格] DOGE: 0.09501
[价格] SUI: 1.0031
[价格] TRX: 0.29845
[价格] TON: 1.304
[价格] ETC: 8.303
[价格] BCH: 460.8
[价格] HBAR: 0.09523
[价格] XLM: 0.16619
[价格] FIL: 0.8882
[价格] LINK: 9.181
[价格] CRO: 0.07752
[价格] DOT: 1.415
[价格] AAVE: 114.66
[价格] UNI: 3.991
[价格] NEAR: 1.3388
[价格] APT: 0.9249
[价格] CFX: 0.06053
[价格] CRV: 0.2412
[价格] STX: 0.2535
[价格] LDO: 0.3042
[价格] TAO: 280.9
✅ [数据完整] 成功获取全部 27/27 个币种的数据
[保存] 数据已写入 /home/user/webapp/data/coin_change_tracker/coin_change_20260316.jsonl
[保存] 涨速数据已写入 /home/user/webapp/data/coin_change_tracker/velocity_20260316.jsonl
[统计] 总涨跌幅: 11.43%, 5分钟涨速: -3.04%, 币种数: 27, 上涨占比: 76.9% (20↑/6↓)
[等待] 下次采集时间: 03:47:37

[2026-03-16 03:47:46] 开始采集...
[价格] BTC: 71456.8
[价格] ETH: 2109.34
[价格] XRP: 1.411
[价格] BNB: 659.3
[价格] SOL: 88.05
[价格] LTC: 55.16
[价格] DOGE: 0.09499
[价格] SUI: 1.0038
[价格] TRX: 0.29847
[价格] TON: 1.303
[价格] ETC: 8.304
[价格] BCH: 460.7
[价格] HBAR: 0.09525
[价格] XLM: 0.16619
[价格] FIL: 0.8889
[价格] LINK: 9.182
[价格] CRO: 0.07752
[价格] DOT: 1.415
[价格] AAVE: 114.58
[价格] UNI: 3.992
[价格] NEAR: 1.3389
[价格] APT: 0.9254
[价格] CFX: 0.06063
[价格] CRV: 0.2415
[价格] STX: 0.2535
[价格] LDO: 0.3044
[价格] TAO: 281.1
✅ [数据完整] 成功获取全部 27/27 个币种的数据
[保存] 数据已写入 /home/user/webapp/data/coin_change_tracker/coin_change_20260316.jsonl
[保存] 涨速数据已写入 /home/user/webapp/data/coin_change_tracker/velocity_20260316.jsonl
[统计] 总涨跌幅: 12.10%, 5分钟涨速: -1.55%, 币种数: 27, 上涨占比: 80.8% (21↑/5↓)
[等待] 下次采集时间: 03:48:46

[2026-03-16 03:48:56] 开始采集...
[价格] BTC: 71470.3
[价格] ETH: 2109.74
[价格] XRP: 1.411
[价格] BNB: 659.5
[价格] SOL: 88.04
[价格] LTC: 55.15
[价格] DOGE: 0.09501
[价格] SUI: 1.0035
[价格] TRX: 0.29847
[价格] TON: 1.303
[价格] ETC: 8.301
[价格] BCH: 460.8
[价格] HBAR: 0.09524
[价格] XLM: 0.16615
[价格] FIL: 0.8887
[价格] LINK: 9.178
[价格] CRO: 0.07752
[价格] DOT: 1.415
[价格] AAVE: 114.67
[价格] UNI: 3.991
[价格] NEAR: 1.339
[价格] APT: 0.9251
[价格] CFX: 0.06059
[价格] CRV: 0.2415
[价格] STX: 0.2535
[价格] LDO: 0.3044
[价格] TAO: 280.9
✅ [数据完整] 成功获取全部 27/27 个币种的数据
[保存] 数据已写入 /home/user/webapp/data/coin_change_tracker/coin_change_20260316.jsonl
[保存] 涨速数据已写入 /home/user/webapp/data/coin_change_tracker/velocity_20260316.jsonl
[统计] 总涨跌幅: 11.91%, 5分钟涨速: -1.86%, 币种数: 27, 上涨占比: 80.8% (21↑/5↓)
[等待] 下次采集时间: 03:49:56

[2026-03-16 03:50:05] 开始采集...
[价格] BTC: 71479.3
[价格] ETH: 2110.09
[价格] XRP: 1.411
[价格] BNB: 659.5
[价格] SOL: 88.05
[价格] LTC: 55.16
[价格] DOGE: 0.095
[价格] SUI: 1.0039
[价格] TRX: 0.29846
[价格] TON: 1.303
[价格] ETC: 8.302
[价格] BCH: 460.8
[价格] HBAR: 0.09526
[价格] XLM: 0.16614
[价格] FIL: 0.8892
[价格] LINK: 9.18
[价格] CRO: 0.07752
[价格] DOT: 1.415
[价格] AAVE: 114.71
[价格] UNI: 3.992
[价格] NEAR: 1.3396
[价格] APT: 0.9225
[价格] CFX: 0.06066
[价格] CRV: 0.2413
[价格] STX: 0.2535
[价格] LDO: 0.3045
[价格] TAO: 281.1
✅ [数据完整] 成功获取全部 27/27 个币种的数据
[保存] 数据已写入 /home/user/webapp/data/coin_change_tracker/coin_change_20260316.jsonl
[保存] 涨速数据已写入 /home/user/webapp/data/coin_change_tracker/velocity_20260316.jsonl
[统计] 总涨跌幅: 12.06%, 5分钟涨速: -1.34%, 币种数: 27, 上涨占比: 80.8% (21↑/5↓)
[等待] 下次采集时间: 03:51:05

[2026-03-16 03:51:15] 开始采集...
[价格] BTC: 71479.3
[价格] ETH: 2109.26
[价格] XRP: 1.4109
[价格] BNB: 659.5
[价格] SOL: 88.01
[价格] LTC: 55.17
[价格] DOGE: 0.09502
[价格] SUI: 1.0038
[价格] TRX: 0.29845
[价格] TON: 1.303
[价格] ETC: 8.306
[价格] BCH: 460.8
[价格] HBAR: 0.09528
[价格] XLM: 0.16629
[价格] FIL: 0.89
[价格] LINK: 9.18
[价格] CRO: 0.07752
[价格] DOT: 1.416
[价格] AAVE: 114.56
[价格] UNI: 3.991
[价格] NEAR: 1.3416
[价格] APT: 0.9222
[价格] CFX: 0.06056
[价格] CRV: 0.2414
[价格] STX: 0.2536
[价格] LDO: 0.3045
[价格] TAO: 281.4
[RSI] 开始采集5分钟RSI数据...
[RSI] BTC: 37.5
[RSI] ETH: 50.75
[RSI] XRP: 32.11
[RSI] BNB: 37.93
[RSI] SOL: 33.12
[RSI] LTC: 46.43
[RSI] DOGE: 42.48
[RSI] SUI: 38.15
[RSI] TRX: 60.71
[RSI] TON: 37.5
[RSI] ETC: 42.67
[RSI] BCH: 33.33
[RSI] HBAR: 31.4
[RSI] XLM: 31.8
[RSI] FIL: 59.35
[RSI] LINK: 44.6
[RSI] CRO: 57.14
[RSI] DOT: 45.45
[RSI] AAVE: 41.49
[RSI] UNI: 43.75
[RSI] NEAR: 50.19
[RSI] APT: 38.92
[RSI] CFX: 38.33
[RSI] CRV: 17.65
[RSI] STX: 37.21
[RSI] LDO: 54.24
[RSI] TAO: 26.45
[RSI] 成功采集 27/27 个币种，RSI之和: 1110.65
[保存] RSI数据已写入 /home/user/webapp/data/coin_change_tracker/rsi_20260316.jsonl
✅ [数据完整] 成功获取全部 27/27 个币种的数据
[保存] 数据已写入 /home/user/webapp/data/coin_change_tracker/coin_change_20260316.jsonl
[保存] 涨速数据已写入 /home/user/webapp/data/coin_change_tracker/velocity_20260316.jsonl
[统计] 总涨跌幅: 12.30%, 5分钟涨速: +0.87%, 币种数: 27, 上涨占比: 81.5% (22↑/5↓), RSI之和: 1110.65
[等待] 下次采集时间: 03:52:15

[2026-03-16 03:52:34] 开始采集...
[价格] BTC: 71479.3
[价格] ETH: 2109.12
[价格] XRP: 1.4108
[价格] BNB: 659.5
[价格] SOL: 87.98
[价格] LTC: 55.17
[价格] DOGE: 0.09502
[价格] SUI: 1.0037
[价格] TRX: 0.29845
[价格] TON: 1.303
[价格] ETC: 8.306
[价格] BCH: 460.8
[价格] HBAR: 0.09526
[价格] XLM: 0.16637
[价格] FIL: 0.8896
[价格] LINK: 9.181
[价格] CRO: 0.07752
[价格] DOT: 1.417
[价格] AAVE: 114.57
[价格] UNI: 3.991
[价格] NEAR: 1.3409
[价格] APT: 0.9225
[价格] CFX: 0.0606
[价格] CRV: 0.2413
[价格] STX: 0.2536
[价格] LDO: 0.3045
[价格] TAO: 281.3
✅ [数据完整] 成功获取全部 27/27 个币种的数据
[保存] 数据已写入 /home/user/webapp/data/coin_change_tracker/coin_change_20260316.jsonl
[保存] 涨速数据已写入 /home/user/webapp/data/coin_change_tracker/velocity_20260316.jsonl
[统计] 总涨跌幅: 12.26%, 5分钟涨速: +0.16%, 币种数: 27, 上涨占比: 81.5% (22↑/5↓)
[等待] 下次采集时间: 03:53:34

[2026-03-16 03:53:44] 开始采集...
[价格] BTC: 71459.1
[价格] ETH: 2108.51
[价格] XRP: 1.4108
[价格] BNB: 659.4
[价格] SOL: 87.95
[价格] LTC: 55.16
[价格] DOGE: 0.09501
[价格] SUI: 1.0038
[价格] TRX: 0.29845
[价格] TON: 1.303
[价格] ETC: 8.305
[价格] BCH: 460.7
[价格] HBAR: 0.09521
[价格] XLM: 0.16632
[价格] FIL: 0.8891
[价格] LINK: 9.179
[价格] CRO: 0.07752
[价格] DOT: 1.416
[价格] AAVE: 114.54
[价格] UNI: 3.99
[价格] NEAR: 1.3409
[价格] APT: 0.923
[价格] CFX: 0.06068
[价格] CRV: 0.2412
[价格] STX: 0.2536
[价格] LDO: 0.3045
[价格] TAO: 280.9
✅ [数据完整] 成功获取全部 27/27 个币种的数据
[保存] 数据已写入 /home/user/webapp/data/coin_change_tracker/coin_change_20260316.jsonl
[保存] 涨速数据已写入 /home/user/webapp/data/coin_change_tracker/velocity_20260316.jsonl
[统计] 总涨跌幅: 11.83%, 5分钟涨速: -0.08%, 币种数: 27, 上涨占比: 77.8% (21↑/6↓)
[等待] 下次采集时间: 03:54:44

[2026-03-16 03:54:53] 开始采集...
[价格] BTC: 71479.8
[价格] ETH: 2110.46
[价格] XRP: 1.4116
[价格] BNB: 659.8
[价格] SOL: 88.05
[价格] LTC: 55.2
[价格] DOGE: 0.0951
[价格] SUI: 1.0044
[价格] TRX: 0.29845
[价格] TON: 1.302
[价格] ETC: 8.311
[价格] BCH: 460.9
[价格] HBAR: 0.0952
[价格] XLM: 0.16648
[价格] FIL: 0.8901
[价格] LINK: 9.188
[价格] CRO: 0.07756
[价格] DOT: 1.417
[价格] AAVE: 114.63
[价格] UNI: 3.993
[价格] NEAR: 1.3415
[价格] APT: 0.9238
[价格] CFX: 0.06068
[价格] CRV: 0.2416
[价格] STX: 0.2538
[价格] LDO: 0.3048
[价格] TAO: 280.7
✅ [数据完整] 成功获取全部 27/27 个币种的数据
[保存] 数据已写入 /home/user/webapp/data/coin_change_tracker/coin_change_20260316.jsonl
[保存] 涨速数据已写入 /home/user/webapp/data/coin_change_tracker/velocity_20260316.jsonl
[统计] 总涨跌幅: 13.46%, 5分钟涨速: +1.40%, 币种数: 27, 上涨占比: 77.8% (21↑/6↓)
[等待] 下次采集时间: 03:55:53

[2026-03-16 03:56:03] 开始采集...
[价格] BTC: 71470.0
[价格] ETH: 2110.18
[价格] XRP: 1.4116
[价格] BNB: 659.7
[价格] SOL: 88.05
[价格] LTC: 55.2
[价格] DOGE: 0.09509
[价格] SUI: 1.0042
[价格] TRX: 0.29845
[价格] TON: 1.303
[价格] ETC: 8.309
[价格] BCH: 460.9
[价格] HBAR: 0.09512
[价格] XLM: 0.16647
[价格] FIL: 0.8897
[价格] LINK: 9.189
[价格] CRO: 0.07755
[价格] DOT: 1.417
[价格] AAVE: 114.61
[价格] UNI: 3.994
[价格] NEAR: 1.3405
[价格] APT: 0.9234
[价格] CFX: 0.06069
[价格] CRV: 0.2414
[价格] STX: 0.2538
[价格] LDO: 0.3048
[价格] TAO: 281.1
✅ [数据完整] 成功获取全部 27/27 个币种的数据
[保存] 数据已写入 /home/user/webapp/data/coin_change_tracker/coin_change_20260316.jsonl
[保存] 涨速数据已写入 /home/user/webapp/data/coin_change_tracker/velocity_20260316.jsonl
[统计] 总涨跌幅: 13.23%, 5分钟涨速: +0.93%, 币种数: 27, 上涨占比: 77.8% (21↑/6↓)
[等待] 下次采集时间: 03:57:03

[2026-03-16 03:57:12] 开始采集...
[价格] BTC: 71500.0
[价格] ETH: 2112.4
[价格] XRP: 1.4123
[价格] BNB: 659.9
[价格] SOL: 88.14
[价格] LTC: 55.21
[价格] DOGE: 0.09517
[价格] SUI: 1.0059
[价格] TRX: 0.29845
[价格] TON: 1.302
[价格] ETC: 8.317
[价格] BCH: 461.2
[价格] HBAR: 0.09534
[价格] XLM: 0.16665
[价格] FIL: 0.8903
[价格] LINK: 9.196
[价格] CRO: 0.07754
[价格] DOT: 1.42
[价格] AAVE: 114.8
[价格] UNI: 4.0
[价格] NEAR: 1.3426
[价格] APT: 0.9251
[价格] CFX: 0.06079
[价格] CRV: 0.2418
[价格] STX: 0.254
[价格] LDO: 0.3052
[价格] TAO: 281.2
[RSI] 开始采集5分钟RSI数据...
[RSI] BTC: 62.18
[RSI] ETH: 78.17
[RSI] XRP: 53.15
[RSI] BNB: 65.85
[RSI] SOL: 55.45
[RSI] LTC: 71.67
[RSI] DOGE: 68.03
[RSI] SUI: 72.13
[RSI] TRX: 66.03
[RSI] TON: 46.15
[RSI] ETC: 68.47
[RSI] BCH: 50.0
[RSI] HBAR: 59.83
[RSI] XLM: 56.2
[RSI] FIL: 75.81
[RSI] LINK: 72.22
[RSI] CRO: 67.92
[RSI] DOT: 65.52
[RSI] AAVE: 56.27
[RSI] UNI: 70.97
[RSI] NEAR: 72.59
[RSI] APT: 61.74
[RSI] CFX: 41.18
[RSI] CRV: 31.37
[RSI] STX: 58.82
[RSI] LDO: 79.59
[RSI] TAO: 28.97
[RSI] 成功采集 27/27 个币种，RSI之和: 1656.28
[保存] RSI数据已写入 /home/user/webapp/data/coin_change_tracker/rsi_20260316.jsonl
✅ [数据完整] 成功获取全部 27/27 个币种的数据
[保存] 数据已写入 /home/user/webapp/data/coin_change_tracker/coin_change_20260316.jsonl
[保存] 涨速数据已写入 /home/user/webapp/data/coin_change_tracker/velocity_20260316.jsonl
[统计] 总涨跌幅: 15.86%, 5分钟涨速: +3.60%, 币种数: 27, 上涨占比: 81.5% (22↑/5↓), RSI之和: 1656.28
[等待] 下次采集时间: 03:58:12

[2026-03-16 03:58:32] 开始采集...
[价格] BTC: 71512.1
[价格] ETH: 2112.55
[价格] XRP: 1.4127
[价格] BNB: 660.0
[价格] SOL: 88.16
[价格] LTC: 55.23
[价格] DOGE: 0.09517
[价格] SUI: 1.0061
[价格] TRX: 0.2985
[价格] TON: 1.303
[价格] ETC: 8.319
[价格] BCH: 461.1
[价格] HBAR: 0.09538
[价格] XLM: 0.16666
[价格] FIL: 0.8895
[价格] LINK: 9.197
[价格] CRO: 0.07762
[价格] DOT: 1.419
[价格] AAVE: 114.8
[价格] UNI: 4.002
[价格] NEAR: 1.3419
[价格] APT: 0.9251
[价格] CFX: 0.06087
[价格] CRV: 0.2418
[价格] STX: 0.254
[价格] LDO: 0.3052
[价格] TAO: 279.1
✅ [数据完整] 成功获取全部 27/27 个币种的数据
[保存] 数据已写入 /home/user/webapp/data/coin_change_tracker/coin_change_20260316.jsonl
[保存] 涨速数据已写入 /home/user/webapp/data/coin_change_tracker/velocity_20260316.jsonl
[统计] 总涨跌幅: 15.49%, 5分钟涨速: +3.66%, 币种数: 27, 上涨占比: 85.2% (23↑/4↓)
[等待] 下次采集时间: 03:59:32

[2026-03-16 03:59:42] 开始采集...
[价格] BTC: 71511.1
[价格] ETH: 2112.48
[价格] XRP: 1.4121
[价格] BNB: 660.0
[价格] SOL: 88.14
[价格] LTC: 55.2
[价格] DOGE: 0.09513
[价格] SUI: 1.0054
[价格] TRX: 0.29865
[价格] TON: 1.302
[价格] ETC: 8.315
[价格] BCH: 461.1
[价格] HBAR: 0.0953
[价格] XLM: 0.16658
[价格] FIL: 0.8887
[价格] LINK: 9.193
[价格] CRO: 0.0776
[价格] DOT: 1.419
[价格] AAVE: 114.78
[价格] UNI: 4.001
[价格] NEAR: 1.3406
[价格] APT: 0.9247
[价格] CFX: 0.06083
[价格] CRV: 0.2417
[价格] STX: 0.254
[价格] LDO: 0.305
[价格] TAO: 278.3
✅ [数据完整] 成功获取全部 27/27 个币种的数据
[保存] 数据已写入 /home/user/webapp/data/coin_change_tracker/coin_change_20260316.jsonl
[保存] 涨速数据已写入 /home/user/webapp/data/coin_change_tracker/velocity_20260316.jsonl
[统计] 总涨跌幅: 14.22%, 5分钟涨速: +0.76%, 币种数: 27, 上涨占比: 85.2% (23↑/4↓)
[等待] 下次采集时间: 04:00:42

[2026-03-16 04:00:51] 开始采集...
[价格] BTC: 71480.3
[价格] ETH: 2111.14
[价格] XRP: 1.4113
[价格] BNB: 659.9
[价格] SOL: 88.07
[价格] LTC: 55.19
[价格] DOGE: 0.09506
[价格] SUI: 1.0045
[价格] TRX: 0.29865
[价格] TON: 1.303
[价格] ETC: 8.314
[价格] BCH: 460.9
[价格] HBAR: 0.09525
[价格] XLM: 0.16648
[价格] FIL: 0.8889
[价格] LINK: 9.186
[价格] CRO: 0.07761
[价格] DOT: 1.419
[价格] AAVE: 114.75
[价格] UNI: 3.998
[价格] NEAR: 1.3397
[价格] APT: 0.9245
[价格] CFX: 0.06092
[价格] CRV: 0.2417
[价格] STX: 0.2539
[价格] LDO: 0.305
[价格] TAO: 278.5
✅ [数据完整] 成功获取全部 27/27 个币种的数据
[保存] 数据已写入 /home/user/webapp/data/coin_change_tracker/coin_change_20260316.jsonl
[保存] 涨速数据已写入 /home/user/webapp/data/coin_change_tracker/velocity_20260316.jsonl
[统计] 总涨跌幅: 13.62%, 5分钟涨速: +0.39%, 币种数: 27, 上涨占比: 88.5% (23↑/3↓)
[等待] 下次采集时间: 04:01:51

[2026-03-16 04:02:01] 开始采集...
[价格] BTC: 71500.0
[价格] ETH: 2111.85
[价格] XRP: 1.4115
[价格] BNB: 660.0
[价格] SOL: 88.12
[价格] LTC: 55.2
[价格] DOGE: 0.0951
[价格] SUI: 1.005
[价格] TRX: 0.29865
[价格] TON: 1.303
[价格] ETC: 8.317
[价格] BCH: 461.2
[价格] HBAR: 0.09529
[价格] XLM: 0.16653
[价格] FIL: 0.8894
[价格] LINK: 9.193
[价格] CRO: 0.07759
[价格] DOT: 1.42
[价格] AAVE: 115.12
[价格] UNI: 3.999
[价格] NEAR: 1.3397
[价格] APT: 0.9251
[价格] CFX: 0.06092
[价格] CRV: 0.2417
[价格] STX: 0.2539
[价格] LDO: 0.305
[价格] TAO: 280.1
✅ [数据完整] 成功获取全部 27/27 个币种的数据
[保存] 数据已写入 /home/user/webapp/data/coin_change_tracker/coin_change_20260316.jsonl
[保存] 涨速数据已写入 /home/user/webapp/data/coin_change_tracker/velocity_20260316.jsonl
[统计] 总涨跌幅: 15.24%, 5分钟涨速: -0.62%, 币种数: 27, 上涨占比: 85.2% (23↑/4↓)
[等待] 下次采集时间: 04:03:01

[2026-03-16 04:03:10] 开始采集...
[价格] BTC: 71468.0
[价格] ETH: 2110.78
[价格] XRP: 1.4108
[价格] BNB: 659.9
[价格] SOL: 88.06
[价格] LTC: 55.17
[价格] DOGE: 0.09503
[价格] SUI: 1.0041
[价格] TRX: 0.29851
[价格] TON: 1.303
[价格] ETC: 8.314
[价格] BCH: 461.1
[价格] HBAR: 0.09521
[价格] XLM: 0.16641
[价格] FIL: 0.8896
[价格] LINK: 9.188
[价格] CRO: 0.07754
[价格] DOT: 1.418
[价格] AAVE: 115.01
[价格] UNI: 3.997
[价格] NEAR: 1.3388
[价格] APT: 0.9244
[价格] CFX: 0.06082
[价格] CRV: 0.2415
[价格] STX: 0.254
[价格] LDO: 0.3048
[价格] TAO: 279.4
[RSI] 开始采集5分钟RSI数据...
[RSI] BTC: 60.81
[RSI] ETH: 74.11
[RSI] XRP: 52.94
[RSI] BNB: 70.0
[RSI] SOL: 57.28
[RSI] LTC: 67.21
[RSI] DOGE: 60.32
[RSI] SUI: 61.9
[RSI] TRX: 64.55
[RSI] TON: 50.0
[RSI] ETC: 71.84
[RSI] BCH: 51.28
[RSI] HBAR: 53.04
[RSI] XLM: 53.22
[RSI] FIL: 74.26
[RSI] LINK: 70.75
[RSI] CRO: 70.37
[RSI] DOT: 62.07
[RSI] AAVE: 62.4
[RSI] UNI: 66.67
[RSI] NEAR: 60.29
[RSI] APT: 63.04
[RSI] CFX: 45.61
[RSI] CRV: 33.33
[RSI] STX: 66.67
[RSI] LDO: 78.72
[RSI] TAO: 23.78
[RSI] 成功采集 27/27 个币种，RSI之和: 1626.46
[保存] RSI数据已写入 /home/user/webapp/data/coin_change_tracker/rsi_20260316.jsonl
✅ [数据完整] 成功获取全部 27/27 个币种的数据
[保存] 数据已写入 /home/user/webapp/data/coin_change_tracker/coin_change_20260316.jsonl
[保存] 涨速数据已写入 /home/user/webapp/data/coin_change_tracker/velocity_20260316.jsonl
[统计] 总涨跌幅: 13.50%, 5分钟涨速: -1.99%, 币种数: 27, 上涨占比: 77.8% (21↑/6↓), RSI之和: 1626.46
[等待] 下次采集时间: 04:04:10

[2026-03-16 04:04:29] 开始采集...
[价格] BTC: 71491.5
[价格] ETH: 2111.59
[价格] XRP: 1.4113
[价格] BNB: 659.8
[价格] SOL: 88.08
[价格] LTC: 55.17
[价格] DOGE: 0.09508
[价格] SUI: 1.0039
[价格] TRX: 0.29851
[价格] TON: 1.304
[价格] ETC: 8.315
[价格] BCH: 461.1
[价格] HBAR: 0.09519
[价格] XLM: 0.16653
[价格] FIL: 0.8897
[价格] LINK: 9.187
[价格] CRO: 0.07762
[价格] DOT: 1.419
[价格] AAVE: 115.04
[价格] UNI: 3.996
[价格] NEAR: 1.3396
[价格] APT: 0.9244
[价格] CFX: 0.06085
[价格] CRV: 0.2415
[价格] STX: 0.254
[价格] LDO: 0.305
[价格] TAO: 279.8
✅ [数据完整] 成功获取全部 27/27 个币种的数据
[保存] 数据已写入 /home/user/webapp/data/coin_change_tracker/coin_change_20260316.jsonl
[保存] 涨速数据已写入 /home/user/webapp/data/coin_change_tracker/velocity_20260316.jsonl
[统计] 总涨跌幅: 14.27%, 5分钟涨速: +0.05%, 币种数: 27, 上涨占比: 81.5% (22↑/5↓)
[等待] 下次采集时间: 04:05:29

[2026-03-16 04:05:39] 开始采集...
[价格] BTC: 71494.5
[价格] ETH: 2112.16
[价格] XRP: 1.4114
[价格] BNB: 660.0
[价格] SOL: 88.14
[价格] LTC: 55.2
[价格] DOGE: 0.0951
[价格] SUI: 1.0041
[价格] TRX: 0.29851
[价格] TON: 1.304
[价格] ETC: 8.319
[价格] BCH: 461.0
[价格] HBAR: 0.09518
[价格] XLM: 0.16659
[价格] FIL: 0.8894
[价格] LINK: 9.19
[价格] CRO: 0.07758
[价格] DOT: 1.42
[价格] AAVE: 115.07
[价格] UNI: 3.997
[价格] NEAR: 1.3407
[价格] APT: 0.925
[价格] CFX: 0.0609
[价格] CRV: 0.2414
[价格] STX: 0.254
[价格] LDO: 0.3052
[价格] TAO: 280.0
✅ [数据完整] 成功获取全部 27/27 个币种的数据
[保存] 数据已写入 /home/user/webapp/data/coin_change_tracker/coin_change_20260316.jsonl
[保存] 涨速数据已写入 /home/user/webapp/data/coin_change_tracker/velocity_20260316.jsonl
[统计] 总涨跌幅: 14.96%, 5分钟涨速: +1.34%, 币种数: 27, 上涨占比: 77.8% (21↑/6↓)
[等待] 下次采集时间: 04:06:39

[2026-03-16 04:06:48] 开始采集...
[价格] BTC: 71501.9
[价格] ETH: 2112.03
[价格] XRP: 1.4114
[价格] BNB: 660.0
[价格] SOL: 88.12
[价格] LTC: 55.19
[价格] DOGE: 0.09507
[价格] SUI: 1.0036
[价格] TRX: 0.29851
[价格] TON: 1.303
[价格] ETC: 8.312
[价格] BCH: 461.1
[价格] HBAR: 0.09516
[价格] XLM: 0.16657
[价格] FIL: 0.8891
[价格] LINK: 9.187
[价格] CRO: 0.07759
[价格] DOT: 1.42
[价格] AAVE: 115.13
[价格] UNI: 3.996
[价格] NEAR: 1.3405
[价格] APT: 0.9246
[价格] CFX: 0.06089
[价格] CRV: 0.2414
[价格] STX: 0.2541
[价格] LDO: 0.305
[价格] TAO: 280.1
✅ [数据完整] 成功获取全部 27/27 个币种的数据
[保存] 数据已写入 /home/user/webapp/data/coin_change_tracker/coin_change_20260316.jsonl
[保存] 涨速数据已写入 /home/user/webapp/data/coin_change_tracker/velocity_20260316.jsonl
[统计] 总涨跌幅: 14.54%, 5分钟涨速: -0.70%, 币种数: 27, 上涨占比: 77.8% (21↑/6↓)
[等待] 下次采集时间: 04:07:48

[2026-03-16 04:07:58] 开始采集...
[价格] BTC: 71513.2
[价格] ETH: 2112.81
[价格] XRP: 1.4114
[价格] BNB: 660.3
[价格] SOL: 88.18
[价格] LTC: 55.2
[价格] DOGE: 0.09512
[价格] SUI: 1.0039
[价格] TRX: 0.2985
[价格] TON: 1.303
[价格] ETC: 8.317
[价格] BCH: 461.1
[价格] HBAR: 0.09518
[价格] XLM: 0.16664
[价格] FIL: 0.89
[价格] LINK: 9.192
[价格] CRO: 0.07763
[价格] DOT: 1.423
[价格] AAVE: 115.3
[价格] UNI: 3.997
[价格] NEAR: 1.3408
[价格] APT: 0.9255
[价格] CFX: 0.06091
[价格] CRV: 0.2416
[价格] STX: 0.2542
[价格] LDO: 0.3052
[价格] TAO: 281.2
✅ [数据完整] 成功获取全部 27/27 个币种的数据
[保存] 数据已写入 /home/user/webapp/data/coin_change_tracker/coin_change_20260316.jsonl
[保存] 涨速数据已写入 /home/user/webapp/data/coin_change_tracker/velocity_20260316.jsonl
[统计] 总涨跌幅: 16.31%, 5分钟涨速: +2.81%, 币种数: 27, 上涨占比: 81.5% (22↑/5↓)
[等待] 下次采集时间: 04:08:58

[2026-03-16 04:09:07] 开始采集...
[价格] BTC: 71482.4
[价格] ETH: 2111.25
[价格] XRP: 1.4106
[价格] BNB: 660.0
[价格] SOL: 88.08
[价格] LTC: 55.17
[价格] DOGE: 0.09508
[价格] SUI: 1.0033
[价格] TRX: 0.2985
[价格] TON: 1.303
[价格] ETC: 8.315
[价格] BCH: 461.0
[价格] HBAR: 0.09516
[价格] XLM: 0.16648
[价格] FIL: 0.8897
[价格] LINK: 9.188
[价格] CRO: 0.07762
[价格] DOT: 1.421
[价格] AAVE: 115.2
[价格] UNI: 3.994
[价格] NEAR: 1.3405
[价格] APT: 0.9261
[价格] CFX: 0.06081
[价格] CRV: 0.2415
[价格] STX: 0.2544
[价格] LDO: 0.3052
[价格] TAO: 282.6
[RSI] 开始采集5分钟RSI数据...
[RSI] BTC: 63.66
[RSI] ETH: 74.8
[RSI] XRP: 51.08
[RSI] BNB: 76.92
[RSI] SOL: 62.11
[RSI] LTC: 66.13
[RSI] DOGE: 63.33
[RSI] SUI: 59.54
[RSI] TRX: 59.04
[RSI] TON: 61.54
[RSI] ETC: 69.61
[RSI] BCH: 50.0
[RSI] HBAR: 50.0
[RSI] XLM: 53.78
[RSI] FIL: 74.07
[RSI] LINK: 68.57
[RSI] CRO: 78.0
[RSI] DOT: 68.97
[RSI] AAVE: 66.84
[RSI] UNI: 64.71
[RSI] NEAR: 65.03
[RSI] APT: 68.24
[RSI] CFX: 49.3
[RSI] CRV: 50.0
[RSI] STX: 70.59
[RSI] LDO: 79.55
[RSI] TAO: 28.57
[RSI] 成功采集 27/27 个币种，RSI之和: 1693.98
[保存] RSI数据已写入 /home/user/webapp/data/coin_change_tracker/rsi_20260316.jsonl
✅ [数据完整] 成功获取全部 27/27 个币种的数据
[保存] 数据已写入 /home/user/webapp/data/coin_change_tracker/coin_change_20260316.jsonl
[保存] 涨速数据已写入 /home/user/webapp/data/coin_change_tracker/velocity_20260316.jsonl
[统计] 总涨跌幅: 15.66%, 5分钟涨速: +1.39%, 币种数: 27, 上涨占比: 81.5% (22↑/5↓), RSI之和: 1693.98
[等待] 下次采集时间: 04:10:07

[2026-03-16 04:10:27] 开始采集...
[价格] BTC: 71495.0
[价格] ETH: 2112.31
[价格] XRP: 1.4105
[价格] BNB: 660.2
[价格] SOL: 88.1
[价格] LTC: 55.16
[价格] DOGE: 0.09511
[价格] SUI: 1.0035
[价格] TRX: 0.2985
[价格] TON: 1.304
[价格] ETC: 8.317
[价格] BCH: 461.0
[价格] HBAR: 0.09516
[价格] XLM: 0.16652
[价格] FIL: 0.8898
[价格] LINK: 9.189
[价格] CRO: 0.07762
[价格] DOT: 1.422
[价格] AAVE: 115.23
[价格] UNI: 3.994
[价格] NEAR: 1.3401
[价格] APT: 0.9257
[价格] CFX: 0.06118
[价格] CRV: 0.2417
[价格] STX: 0.254
[价格] LDO: 0.3051
[价格] TAO: 283.6
✅ [数据完整] 成功获取全部 27/27 个币种的数据
[保存] 数据已写入 /home/user/webapp/data/coin_change_tracker/coin_change_20260316.jsonl
[保存] 涨速数据已写入 /home/user/webapp/data/coin_change_tracker/velocity_20260316.jsonl
[统计] 总涨跌幅: 16.84%, 5分钟涨速: +1.88%, 币种数: 27, 上涨占比: 81.5% (22↑/5↓)
[等待] 下次采集时间: 04:11:27

[2026-03-16 04:11:36] 开始采集...
[价格] BTC: 71490.8
[价格] ETH: 2111.55
[价格] XRP: 1.4099
[价格] BNB: 660.2
[价格] SOL: 88.05
[价格] LTC: 55.11
[价格] DOGE: 0.09503
[价格] SUI: 1.0026
[价格] TRX: 0.2985
[价格] TON: 1.302
[价格] ETC: 8.311
[价格] BCH: 460.5
[价格] HBAR: 0.09511
[价格] XLM: 0.16647
[价格] FIL: 0.8888
[价格] LINK: 9.185
[价格] CRO: 0.07762
[价格] DOT: 1.421
[价格] AAVE: 115.25
[价格] UNI: 3.999
[价格] NEAR: 1.3397
[价格] APT: 0.9245
[价格] CFX: 0.06103
[价格] CRV: 0.2415
[价格] STX: 0.254
[价格] LDO: 0.3051
[价格] TAO: 283.8
✅ [数据完整] 成功获取全部 27/27 个币种的数据
[保存] 数据已写入 /home/user/webapp/data/coin_change_tracker/coin_change_20260316.jsonl
[保存] 涨速数据已写入 /home/user/webapp/data/coin_change_tracker/velocity_20260316.jsonl
[统计] 总涨跌幅: 15.53%, 5分钟涨速: +0.99%, 币种数: 27, 上涨占比: 81.5% (22↑/5↓)
[等待] 下次采集时间: 04:12:36

[2026-03-16 04:12:46] 开始采集...
[价格] BTC: 71490.8
[价格] ETH: 2111.97
[价格] XRP: 1.4106
[价格] BNB: 660.1
[价格] SOL: 88.08
[价格] LTC: 55.13
[价格] DOGE: 0.09504
[价格] SUI: 1.0029
[价格] TRX: 0.29845
[价格] TON: 1.302
[价格] ETC: 8.309
[价格] BCH: 460.7
[价格] HBAR: 0.0951
[价格] XLM: 0.16649
[价格] FIL: 0.8887
[价格] LINK: 9.187
[价格] CRO: 0.0776
[价格] DOT: 1.42
[价格] AAVE: 115.28
[价格] UNI: 3.995
[价格] NEAR: 1.3395
[价格] APT: 0.9243
[价格] CFX: 0.06102
[价格] CRV: 0.2415
[价格] STX: 0.254
[价格] LDO: 0.305
[价格] TAO: 283.6
✅ [数据完整] 成功获取全部 27/27 个币种的数据
[保存] 数据已写入 /home/user/webapp/data/coin_change_tracker/coin_change_20260316.jsonl
[保存] 涨速数据已写入 /home/user/webapp/data/coin_change_tracker/velocity_20260316.jsonl
[统计] 总涨跌幅: 15.37%, 5分钟涨速: -0.94%, 币种数: 27, 上涨占比: 77.8% (21↑/6↓)
[等待] 下次采集时间: 04:13:46

[2026-03-16 04:13:55] 开始采集...
[价格] BTC: 71485.1
[价格] ETH: 2111.2
[价格] XRP: 1.4099
[价格] BNB: 659.7
[价格] SOL: 88.01
[价格] LTC: 55.11
[价格] DOGE: 0.09501
[价格] SUI: 1.0024
[价格] TRX: 0.29829
[价格] TON: 1.302
[价格] ETC: 8.306
[价格] BCH: 460.8
[价格] HBAR: 0.09508
[价格] XLM: 0.16643
[价格] FIL: 0.8877
[价格] LINK: 9.182
[价格] CRO: 0.0776
[价格] DOT: 1.419
[价格] AAVE: 115.15
[价格] UNI: 3.993
[价格] NEAR: 1.3394
[价格] APT: 0.9237
[价格] CFX: 0.06102
[价格] CRV: 0.2412
[价格] STX: 0.254
[价格] LDO: 0.3047
[价格] TAO: 283.9
✅ [数据完整] 成功获取全部 27/27 个币种的数据
[保存] 数据已写入 /home/user/webapp/data/coin_change_tracker/coin_change_20260316.jsonl
[保存] 涨速数据已写入 /home/user/webapp/data/coin_change_tracker/velocity_20260316.jsonl
[统计] 总涨跌幅: 14.30%, 5分钟涨速: -1.36%, 币种数: 27, 上涨占比: 77.8% (21↑/6↓)
[等待] 下次采集时间: 04:14:55

[2026-03-16 04:15:05] 开始采集...
[价格] BTC: 71494.0
[价格] ETH: 2110.79
[价格] XRP: 1.4099
[价格] BNB: 659.6
[价格] SOL: 87.99
[价格] LTC: 55.1
[价格] DOGE: 0.095
[价格] SUI: 1.0022
[价格] TRX: 0.29831
[价格] TON: 1.302
[价格] ETC: 8.305
[价格] BCH: 460.6
[价格] HBAR: 0.09506
[价格] XLM: 0.16644
[价格] FIL: 0.8875
[价格] LINK: 9.183
[价格] CRO: 0.07756
[价格] DOT: 1.419
[价格] AAVE: 115.13
[价格] UNI: 3.99
[价格] NEAR: 1.3395
[价格] APT: 0.924
[价格] CFX: 0.06108
[价格] CRV: 0.2415
[价格] STX: 0.2538
[价格] LDO: 0.3045
[价格] TAO: 283.1
[RSI] 开始采集5分钟RSI数据...
[RSI] BTC: 71.68
[RSI] ETH: 74.85
[RSI] XRP: 53.85
[RSI] BNB: 68.57
[RSI] SOL: 57.89
[RSI] LTC: 60.71
[RSI] DOGE: 65.14
[RSI] SUI: 50.0
[RSI] TRX: 46.91
[RSI] TON: 53.85
[RSI] ETC: 62.11
[RSI] BCH: 50.0
[RSI] HBAR: 38.46
[RSI] XLM: 50.0
[RSI] FIL: 60.0
[RSI] LINK: 67.9
[RSI] CRO: 75.31
[RSI] DOT: 73.91
[RSI] AAVE: 60.98
[RSI] UNI: 61.02
[RSI] NEAR: 65.82
[RSI] APT: 62.75
[RSI] CFX: 57.95
[RSI] CRV: 50.0
[RSI] STX: 62.16
[RSI] LDO: 75.61
[RSI] TAO: 34.76
[RSI] 成功采集 27/27 个币种，RSI之和: 1612.19
[保存] RSI数据已写入 /home/user/webapp/data/coin_change_tracker/rsi_20260316.jsonl
✅ [数据完整] 成功获取全部 27/27 个币种的数据
[保存] 数据已写入 /home/user/webapp/data/coin_change_tracker/coin_change_20260316.jsonl
[保存] 涨速数据已写入 /home/user/webapp/data/coin_change_tracker/velocity_20260316.jsonl
[统计] 总涨跌幅: 13.82%, 5分钟涨速: -3.02%, 币种数: 27, 上涨占比: 77.8% (21↑/6↓), RSI之和: 1612.19
[等待] 下次采集时间: 04:16:05

[2026-03-16 04:16:24] 开始采集...
[价格] BTC: 71520.0
[价格] ETH: 2112.42
[价格] XRP: 1.4113
[价格] BNB: 660.0
[价格] SOL: 88.11
[价格] LTC: 55.12
[价格] DOGE: 0.09508
[价格] SUI: 1.0032
[价格] TRX: 0.29831
[价格] TON: 1.303
[价格] ETC: 8.307
[价格] BCH: 460.7
[价格] HBAR: 0.09509
[价格] XLM: 0.16658
[价格] FIL: 0.8879
[价格] LINK: 9.189
[价格] CRO: 0.07756
[价格] DOT: 1.42
[价格] AAVE: 115.29
[价格] UNI: 3.995
[价格] NEAR: 1.3407
[价格] APT: 0.9242
[价格] CFX: 0.06124
[价格] CRV: 0.2417
[价格] STX: 0.2538
[价格] LDO: 0.3048
[价格] TAO: 284.6
✅ [数据完整] 成功获取全部 27/27 个币种的数据
[保存] 数据已写入 /home/user/webapp/data/coin_change_tracker/coin_change_20260316.jsonl
[保存] 涨速数据已写入 /home/user/webapp/data/coin_change_tracker/velocity_20260316.jsonl
[统计] 总涨跌幅: 16.26%, 5分钟涨速: +0.73%, 币种数: 27, 上涨占比: 77.8% (21↑/6↓)
[等待] 下次采集时间: 04:17:24

[2026-03-16 04:17:34] 开始采集...
[价格] BTC: 71501.5
[价格] ETH: 2110.8
[价格] XRP: 1.4105
[价格] BNB: 659.7
[价格] SOL: 88.05
[价格] LTC: 55.09
[价格] DOGE: 0.09494
[价格] SUI: 1.0018
[价格] TRX: 0.29832
[价格] TON: 1.303
[价格] ETC: 8.298
[价格] BCH: 460.4
[价格] HBAR: 0.09501
[价格] XLM: 0.16644
[价格] FIL: 0.8864
[价格] LINK: 9.183
[价格] CRO: 0.07756
[价格] DOT: 1.418
[价格] AAVE: 114.93
[价格] UNI: 3.99
[价格] NEAR: 1.3376
[价格] APT: 0.9232
[价格] CFX: 0.06112
[价格] CRV: 0.2418
[价格] STX: 0.2537
[价格] LDO: 0.3042
[价格] TAO: 284.1
✅ [数据完整] 成功获取全部 27/27 个币种的数据
[保存] 数据已写入 /home/user/webapp/data/coin_change_tracker/coin_change_20260316.jsonl
[保存] 涨速数据已写入 /home/user/webapp/data/coin_change_tracker/velocity_20260316.jsonl
[统计] 总涨跌幅: 13.55%, 5分钟涨速: -1.82%, 币种数: 27, 上涨占比: 77.8% (21↑/6↓)
[等待] 下次采集时间: 04:18:34

[2026-03-16 04:18:43] 开始采集...
[价格] BTC: 71502.3
[价格] ETH: 2111.21
[价格] XRP: 1.4111
[价格] BNB: 659.6
[价格] SOL: 88.05
[价格] LTC: 55.09
[价格] DOGE: 0.09497
[价格] SUI: 1.0021
[价格] TRX: 0.29831
[价格] TON: 1.303
[价格] ETC: 8.298
[价格] BCH: 460.4
[价格] HBAR: 0.09503
[价格] XLM: 0.16653
[价格] FIL: 0.8868
[价格] LINK: 9.185
[价格] CRO: 0.07754
[价格] DOT: 1.419
[价格] AAVE: 115.02
[价格] UNI: 3.992
[价格] NEAR: 1.3384
[价格] APT: 0.9235
[价格] CFX: 0.0612
[价格] CRV: 0.2418
[价格] STX: 0.2537
[价格] LDO: 0.3043
[价格] TAO: 283.9
✅ [数据完整] 成功获取全部 27/27 个币种的数据
[保存] 数据已写入 /home/user/webapp/data/coin_change_tracker/coin_change_20260316.jsonl
[保存] 涨速数据已写入 /home/user/webapp/data/coin_change_tracker/velocity_20260316.jsonl
[统计] 总涨跌幅: 14.14%, 5分钟涨速: -0.16%, 币种数: 27, 上涨占比: 77.8% (21↑/6↓)
[等待] 下次采集时间: 04:19:43

[2026-03-16 04:19:53] 开始采集...
[价格] BTC: 71475.0
[价格] ETH: 2110.35
[价格] XRP: 1.4108
[价格] BNB: 659.4
[价格] SOL: 88.0
[价格] LTC: 55.08
[价格] DOGE: 0.09494
[价格] SUI: 1.0018
[价格] TRX: 0.29832
[价格] TON: 1.303
[价格] ETC: 8.297
[价格] BCH: 460.4
[价格] HBAR: 0.09503
[价格] XLM: 0.16647
[价格] FIL: 0.8868
[价格] LINK: 9.18
[价格] CRO: 0.07757
[价格] DOT: 1.419
[价格] AAVE: 114.94
[价格] UNI: 3.99
[价格] NEAR: 1.3386
[价格] APT: 0.9233
[价格] CFX: 0.06101
[价格] CRV: 0.2417
[价格] STX: 0.2536
[价格] LDO: 0.3042
[价格] TAO: 284.0
✅ [数据完整] 成功获取全部 27/27 个币种的数据
[保存] 数据已写入 /home/user/webapp/data/coin_change_tracker/coin_change_20260316.jsonl
[保存] 涨速数据已写入 /home/user/webapp/data/coin_change_tracker/velocity_20260316.jsonl
[统计] 总涨跌幅: 13.30%, 5分钟涨速: -0.52%, 币种数: 27, 上涨占比: 77.8% (21↑/6↓)
[等待] 下次采集时间: 04:20:53

[2026-03-16 04:21:02] 开始采集...
[价格] BTC: 71475.9
[价格] ETH: 2110.77
[价格] XRP: 1.4114
[价格] BNB: 659.4
[价格] SOL: 88.02
[价格] LTC: 55.08
[价格] DOGE: 0.09496
[价格] SUI: 1.0021
[价格] TRX: 0.29814
[价格] TON: 1.303
[价格] ETC: 8.296
[价格] BCH: 460.4
[价格] HBAR: 0.09502
[价格] XLM: 0.16653
[价格] FIL: 0.8869
[价格] LINK: 9.18
[价格] CRO: 0.07752
[价格] DOT: 1.419
[价格] AAVE: 114.88
[价格] UNI: 3.99
[价格] NEAR: 1.3376
[价格] APT: 0.9229
[价格] CFX: 0.06097
[价格] CRV: 0.2417
[价格] STX: 0.2536
[价格] LDO: 0.3041
[价格] TAO: 284.0
[RSI] 开始采集5分钟RSI数据...
[RSI] BTC: 56.65
[RSI] ETH: 53.22
[RSI] XRP: 41.46
[RSI] BNB: 51.72
[RSI] SOL: 45.76
[RSI] LTC: 47.83
[RSI] DOGE: 47.62
[RSI] SUI: 40.0
[RSI] TRX: 33.33
[RSI] TON: 45.45
[RSI] ETC: 50.59
[RSI] BCH: 33.33
[RSI] HBAR: 28.57
[RSI] XLM: 40.72
[RSI] FIL: 52.42
[RSI] LINK: 48.21
[RSI] CRO: 69.33
[RSI] DOT: 62.5
[RSI] AAVE: 47.08
[RSI] UNI: 52.08
[RSI] NEAR: 51.66
[RSI] APT: 48.89
[RSI] CFX: 46.25
[RSI] CRV: 40.91
[RSI] STX: 52.94
[RSI] LDO: 56.25
[RSI] TAO: 43.66
[RSI] 成功采集 27/27 个币种，RSI之和: 1288.43
[保存] RSI数据已写入 /home/user/webapp/data/coin_change_tracker/rsi_20260316.jsonl
✅ [数据完整] 成功获取全部 27/27 个币种的数据
[保存] 数据已写入 /home/user/webapp/data/coin_change_tracker/coin_change_20260316.jsonl
[保存] 涨速数据已写入 /home/user/webapp/data/coin_change_tracker/velocity_20260316.jsonl
[统计] 总涨跌幅: 13.09%, 5分钟涨速: -3.17%, 币种数: 27, 上涨占比: 77.8% (21↑/6↓), RSI之和: 1288.43
[等待] 下次采集时间: 04:22:02

[2026-03-16 04:22:22] 开始采集...
[价格] BTC: 71472.5
[价格] ETH: 2110.95
[价格] XRP: 1.4111
[价格] BNB: 659.5
[价格] SOL: 88.03
[价格] LTC: 55.08
[价格] DOGE: 0.09499
[价格] SUI: 1.0023
[价格] TRX: 0.29814
[价格] TON: 1.303
[价格] ETC: 8.296
[价格] BCH: 460.4
[价格] HBAR: 0.09503
[价格] XLM: 0.16654
[价格] FIL: 0.887
[价格] LINK: 9.18
[价格] CRO: 0.07755
[价格] DOT: 1.419
[价格] AAVE: 114.85
[价格] UNI: 3.991
[价格] NEAR: 1.3377
[价格] APT: 0.9231
[价格] CFX: 0.06091
[价格] CRV: 0.2417
[价格] STX: 0.2536
[价格] LDO: 0.3041
[价格] TAO: 281.5
✅ [数据完整] 成功获取全部 27/27 个币种的数据
[保存] 数据已写入 /home/user/webapp/data/coin_change_tracker/coin_change_20260316.jsonl
[保存] 涨速数据已写入 /home/user/webapp/data/coin_change_tracker/velocity_20260316.jsonl
[统计] 总涨跌幅: 12.21%, 5分钟涨速: -1.34%, 币种数: 27, 上涨占比: 77.8% (21↑/6↓)
[等待] 下次采集时间: 04:23:22

[2026-03-16 04:23:31] 开始采集...
[价格] BTC: 71490.6
[价格] ETH: 2111.85
[价格] XRP: 1.4118
[价格] BNB: 659.6
[价格] SOL: 88.09
[价格] LTC: 55.11
[价格] DOGE: 0.09502
[价格] SUI: 1.0027
[价格] TRX: 0.29819
[价格] TON: 1.303
[价格] ETC: 8.3
[价格] BCH: 460.9
[价格] HBAR: 0.09508
[价格] XLM: 0.1666
[价格] FIL: 0.8871
[价格] LINK: 9.184
[价格] CRO: 0.07757
[价格] DOT: 1.42
[价格] AAVE: 114.99
[价格] UNI: 3.994
[价格] NEAR: 1.3386
[价格] APT: 0.9237
[价格] CFX: 0.06087
[价格] CRV: 0.2417
[价格] STX: 0.2539
[价格] LDO: 0.3044
[价格] TAO: 282.4
✅ [数据完整] 成功获取全部 27/27 个币种的数据
[保存] 数据已写入 /home/user/webapp/data/coin_change_tracker/coin_change_20260316.jsonl
[保存] 涨速数据已写入 /home/user/webapp/data/coin_change_tracker/velocity_20260316.jsonl
[统计] 总涨跌幅: 13.77%, 5分钟涨速: -0.37%, 币种数: 27, 上涨占比: 77.8% (21↑/6↓)
[等待] 下次采集时间: 04:24:31

[2026-03-16 04:24:41] 开始采集...
[价格] BTC: 71476.1
[价格] ETH: 2111.85
[价格] XRP: 1.4116
[价格] BNB: 659.5
[价格] SOL: 88.04
[价格] LTC: 55.09
[价格] DOGE: 0.09497
[价格] SUI: 1.002
[价格] TRX: 0.29819
[价格] TON: 1.303
[价格] ETC: 8.296
[价格] BCH: 460.8
[价格] HBAR: 0.09504
[价格] XLM: 0.16656
[价格] FIL: 0.8866
[价格] LINK: 9.181
[价格] CRO: 0.07757
[价格] DOT: 1.419
[价格] AAVE: 114.9
[价格] UNI: 3.993
[价格] NEAR: 1.3376
[价格] APT: 0.9233
[价格] CFX: 0.06085
[价格] CRV: 0.2418
[价格] STX: 0.2538
[价格] LDO: 0.3041
[价格] TAO: 282.7
✅ [数据完整] 成功获取全部 27/27 个币种的数据
[保存] 数据已写入 /home/user/webapp/data/coin_change_tracker/coin_change_20260316.jsonl
[保存] 涨速数据已写入 /home/user/webapp/data/coin_change_tracker/velocity_20260316.jsonl
[统计] 总涨跌幅: 12.98%, 5分钟涨速: -0.32%, 币种数: 27, 上涨占比: 77.8% (21↑/6↓)
[等待] 下次采集时间: 04:25:41

[2026-03-16 04:25:50] 开始采集...
[价格] BTC: 71425.1
[价格] ETH: 2110.04
[价格] XRP: 1.4109
[价格] BNB: 659.5
[价格] SOL: 88.02
[价格] LTC: 55.07
[价格] DOGE: 0.09494
[价格] SUI: 1.0015
[价格] TRX: 0.29819
[价格] TON: 1.303
[价格] ETC: 8.293
[价格] BCH: 460.7
[价格] HBAR: 0.09499
[价格] XLM: 0.16648
[价格] FIL: 0.8866
[价格] LINK: 9.176
[价格] CRO: 0.07756
[价格] DOT: 1.418
[价格] AAVE: 114.78
[价格] UNI: 3.99
[价格] NEAR: 1.3363
[价格] APT: 0.9224
[价格] CFX: 0.06083
[价格] CRV: 0.2416
[价格] STX: 0.2537
[价格] LDO: 0.3042
[价格] TAO: 282.7
✅ [数据完整] 成功获取全部 27/27 个币种的数据
[保存] 数据已写入 /home/user/webapp/data/coin_change_tracker/coin_change_20260316.jsonl
[保存] 涨速数据已写入 /home/user/webapp/data/coin_change_tracker/velocity_20260316.jsonl
[统计] 总涨跌幅: 11.84%, 5分钟涨速: -1.25%, 币种数: 27, 上涨占比: 73.1% (19↑/7↓)
[等待] 下次采集时间: 04:26:50

[2026-03-16 04:27:00] 开始采集...
[价格] BTC: 71409.4
[价格] ETH: 2109.55
[价格] XRP: 1.4109
[价格] BNB: 659.5
[价格] SOL: 88.01
[价格] LTC: 55.06
[价格] DOGE: 0.09492
[价格] SUI: 1.0008
[价格] TRX: 0.29819
[价格] TON: 1.303
[价格] ETC: 8.292
[价格] BCH: 460.6
[价格] HBAR: 0.09498
[价格] XLM: 0.16644
[价格] FIL: 0.8861
[价格] LINK: 9.173
[价格] CRO: 0.07755
[价格] DOT: 1.418
[价格] AAVE: 114.73
[价格] UNI: 3.99
[价格] NEAR: 1.3371
[价格] APT: 0.9221
[价格] CFX: 0.06082
[价格] CRV: 0.2416
[价格] STX: 0.2538
[价格] LDO: 0.3042
[价格] TAO: 282.5
[RSI] 开始采集5分钟RSI数据...
[RSI] BTC: 41.43
[RSI] ETH: 51.2
[RSI] XRP: 38.95
[RSI] BNB: 51.43
[RSI] SOL: 46.15
[RSI] LTC: 48.98
[RSI] DOGE: 45.35
[RSI] SUI: 37.25
[RSI] TRX: 30.77
[RSI] TON: 50.0
[RSI] ETC: 49.43
[RSI] BCH: 43.75
[RSI] HBAR: 31.71
[RSI] XLM: 40.0
[RSI] FIL: 51.61
[RSI] LINK: 42.65
[RSI] CRO: 66.1
[RSI] DOT: 58.82
[RSI] AAVE: 49.46
[RSI] UNI: 51.92
[RSI] NEAR: 55.32
[RSI] APT: 48.89
[RSI] CFX: 42.29
[RSI] CRV: 28.57
[RSI] STX: 58.82
[RSI] LDO: 63.33
[RSI] TAO: 37.01
[RSI] 成功采集 27/27 个币种，RSI之和: 1261.19
[保存] RSI数据已写入 /home/user/webapp/data/coin_change_tracker/rsi_20260316.jsonl
✅ [数据完整] 成功获取全部 27/27 个币种的数据
[保存] 数据已写入 /home/user/webapp/data/coin_change_tracker/coin_change_20260316.jsonl
[保存] 涨速数据已写入 /home/user/webapp/data/coin_change_tracker/velocity_20260316.jsonl
[统计] 总涨跌幅: 11.42%, 5分钟涨速: -0.79%, 币种数: 27, 上涨占比: 70.4% (19↑/8↓), RSI之和: 1261.19
[等待] 下次采集时间: 04:28:00

[2026-03-16 04:28:19] 开始采集...
[价格] BTC: 71409.4
[价格] ETH: 2110.97
[价格] XRP: 1.4113
[价格] BNB: 659.5
[价格] SOL: 87.99
[价格] LTC: 55.07
[价格] DOGE: 0.09494
[价格] SUI: 1.0012
[价格] TRX: 0.29819
[价格] TON: 1.303
[价格] ETC: 8.292
[价格] BCH: 460.7
[价格] HBAR: 0.09497
[价格] XLM: 0.16643
[价格] FIL: 0.8861
[价格] LINK: 9.176
[价格] CRO: 0.07756
[价格] DOT: 1.419
[价格] AAVE: 114.73
[价格] UNI: 3.991
[价格] NEAR: 1.3379
[价格] APT: 0.9219
[价格] CFX: 0.06087
[价格] CRV: 0.2415
[价格] STX: 0.2538
[价格] LDO: 0.3044
[价格] TAO: 283.6
✅ [数据完整] 成功获取全部 27/27 个币种的数据
[保存] 数据已写入 /home/user/webapp/data/coin_change_tracker/coin_change_20260316.jsonl
[保存] 涨速数据已写入 /home/user/webapp/data/coin_change_tracker/velocity_20260316.jsonl
[统计] 总涨跌幅: 12.27%, 5分钟涨速: -1.50%, 币种数: 27, 上涨占比: 74.1% (20↑/7↓)
[等待] 下次采集时间: 04:29:19

[2026-03-16 04:29:28] 开始采集...
[价格] BTC: 71430.0
[价格] ETH: 2111.79
[价格] XRP: 1.4117
[价格] BNB: 659.6
[价格] SOL: 88.04
[价格] LTC: 55.09
[价格] DOGE: 0.09495
[价格] SUI: 1.0016
[价格] TRX: 0.29819
[价格] TON: 1.303
[价格] ETC: 8.294
[价格] BCH: 460.8
[价格] HBAR: 0.09499
[价格] XLM: 0.16645
[价格] FIL: 0.8861
[价格] LINK: 9.179
[价格] CRO: 0.07756
[价格] DOT: 1.42
[价格] AAVE: 114.78
[价格] UNI: 3.992
[价格] NEAR: 1.3382
[价格] APT: 0.9222
[价格] CFX: 0.06088
[价格] CRV: 0.2416
[价格] STX: 0.2538
[价格] LDO: 0.3043
[价格] TAO: 284.4
✅ [数据完整] 成功获取全部 27/27 个币种的数据
[保存] 数据已写入 /home/user/webapp/data/coin_change_tracker/coin_change_20260316.jsonl
[保存] 涨速数据已写入 /home/user/webapp/data/coin_change_tracker/velocity_20260316.jsonl
[统计] 总涨跌幅: 13.15%, 5分钟涨速: +0.17%, 币种数: 27, 上涨占比: 74.1% (20↑/7↓)
[等待] 下次采集时间: 04:30:28

[2026-03-16 04:30:38] 开始采集...
[价格] BTC: 71556.6
[价格] ETH: 2118.43
[价格] XRP: 1.4158
[价格] BNB: 661.2
[价格] SOL: 88.36
[价格] LTC: 55.23
[价格] DOGE: 0.09533
[价格] SUI: 1.0061
[价格] TRX: 0.29819
[价格] TON: 1.305
[价格] ETC: 8.322
[价格] BCH: 461.7
[价格] HBAR: 0.0953
[价格] XLM: 0.16704
[价格] FIL: 0.889
[价格] LINK: 9.217
[价格] CRO: 0.07773
[价格] DOT: 1.42
[价格] AAVE: 115.37
[价格] UNI: 4.006
[价格] NEAR: 1.34
[价格] APT: 0.925
[价格] CFX: 0.06078
[价格] CRV: 0.242
[价格] STX: 0.2544
[价格] LDO: 0.3055
[价格] TAO: 285.2
✅ [数据完整] 成功获取全部 27/27 个币种的数据
[保存] 数据已写入 /home/user/webapp/data/coin_change_tracker/coin_change_20260316.jsonl
[保存] 涨速数据已写入 /home/user/webapp/data/coin_change_tracker/velocity_20260316.jsonl
[统计] 总涨跌幅: 20.18%, 5分钟涨速: +8.34%, 币种数: 27, 上涨占比: 92.6% (25↑/2↓)
[等待] 下次采集时间: 04:31:38

[2026-03-16 04:31:48] 开始采集...
[价格] BTC: 71620.2
[价格] ETH: 2123.08
[价格] XRP: 1.4165
[价格] BNB: 662.5
[价格] SOL: 88.45
[价格] LTC: 55.25
[价格] DOGE: 0.09542
[价格] SUI: 1.0065
[价格] TRX: 0.29833
[价格] TON: 1.305
[价格] ETC: 8.324
[价格] BCH: 461.9
[价格] HBAR: 0.09541
[价格] XLM: 0.16728
[价格] FIL: 0.8899
[价格] LINK: 9.228
[价格] CRO: 0.07782
[价格] DOT: 1.42
[价格] AAVE: 115.53
[价格] UNI: 4.01
[价格] NEAR: 1.3429
[价格] APT: 0.9262
[价格] CFX: 0.06074
[价格] CRV: 0.2424
[价格] STX: 0.2548
[价格] LDO: 0.3061
[价格] TAO: 284.8
✅ [数据完整] 成功获取全部 27/27 个币种的数据
[保存] 数据已写入 /home/user/webapp/data/coin_change_tracker/coin_change_20260316.jsonl
[保存] 涨速数据已写入 /home/user/webapp/data/coin_change_tracker/velocity_20260316.jsonl
[统计] 总涨跌幅: 22.68%, 5分钟涨速: +11.26%, 币种数: 27, 上涨占比: 92.6% (25↑/2↓)
[等待] 下次采集时间: 04:32:48

[2026-03-16 04:32:57] 开始采集...
[价格] BTC: 71639.4
[价格] ETH: 2123.84
[价格] XRP: 1.4164
[价格] BNB: 662.5
[价格] SOL: 88.48
[价格] LTC: 55.26
[价格] DOGE: 0.09537
[价格] SUI: 1.0067
[价格] TRX: 0.29832
[价格] TON: 1.304
[价格] ETC: 8.327
[价格] BCH: 462.0
[价格] HBAR: 0.09538
[价格] XLM: 0.16734
[价格] FIL: 0.8909
[价格] LINK: 9.231
[价格] CRO: 0.07782
[价格] DOT: 1.42
[价格] AAVE: 115.6
[价格] UNI: 4.012
[价格] NEAR: 1.3428
[价格] APT: 0.9262
[价格] CFX: 0.06078
[价格] CRV: 0.2425
[价格] STX: 0.2548
[价格] LDO: 0.3061
[价格] TAO: 285.1
[RSI] 开始采集5分钟RSI数据...
[RSI] BTC: 72.14
[RSI] ETH: 81.3
[RSI] XRP: 61.6
[RSI] BNB: 77.42
[RSI] SOL: 69.32
[RSI] LTC: 65.52
[RSI] DOGE: 63.06
[RSI] SUI: 64.03
[RSI] TRX: 31.25
[RSI] TON: 58.33
[RSI] ETC: 63.37
[RSI] BCH: 61.9
[RSI] HBAR: 51.89
[RSI] XLM: 60.66
[RSI] FIL: 63.76
[RSI] LINK: 72.63
[RSI] CRO: 82.05
[RSI] DOT: 66.67
[RSI] AAVE: 59.75
[RSI] UNI: 66.67
[RSI] NEAR: 65.48
[RSI] APT: 58.48
[RSI] CFX: 52.38
[RSI] CRV: 53.13
[RSI] STX: 66.67
[RSI] LDO: 76.09
[RSI] TAO: 51.32
[RSI] 成功采集 27/27 个币种，RSI之和: 1716.87
[保存] RSI数据已写入 /home/user/webapp/data/coin_change_tracker/rsi_20260316.jsonl
✅ [数据完整] 成功获取全部 27/27 个币种的数据
[保存] 数据已写入 /home/user/webapp/data/coin_change_tracker/coin_change_20260316.jsonl
[保存] 涨速数据已写入 /home/user/webapp/data/coin_change_tracker/velocity_20260316.jsonl
[统计] 总涨跌幅: 23.22%, 5分钟涨速: +10.95%, 币种数: 27, 上涨占比: 92.6% (25↑/2↓), RSI之和: 1716.87
[等待] 下次采集时间: 04:33:57

[2026-03-16 04:34:16] 开始采集...
[价格] BTC: 71593.9
[价格] ETH: 2122.56
[价格] XRP: 1.4161
[价格] BNB: 662.4
[价格] SOL: 88.5
[价格] LTC: 55.25
[价格] DOGE: 0.09534
[价格] SUI: 1.0067
[价格] TRX: 0.29832
[价格] TON: 1.305
[价格] ETC: 8.322
[价格] BCH: 461.8
[价格] HBAR: 0.09543
[价格] XLM: 0.16724
[价格] FIL: 0.8902
[价格] LINK: 9.239
[价格] CRO: 0.0778
[价格] DOT: 1.419
[价格] AAVE: 115.55
[价格] UNI: 4.011
[价格] NEAR: 1.3418
[价格] APT: 0.9254
[价格] CFX: 0.06071
[价格] CRV: 0.2427
[价格] STX: 0.2548
[价格] LDO: 0.306
[价格] TAO: 284.2
✅ [数据完整] 成功获取全部 27/27 个币种的数据
[保存] 数据已写入 /home/user/webapp/data/coin_change_tracker/coin_change_20260316.jsonl
[保存] 涨速数据已写入 /home/user/webapp/data/coin_change_tracker/velocity_20260316.jsonl
[统计] 总涨跌幅: 22.23%, 5分钟涨速: +9.08%, 币种数: 27, 上涨占比: 92.6% (25↑/2↓)
[等待] 下次采集时间: 04:35:16

[2026-03-16 04:35:25] 开始采集...
[价格] BTC: 71628.8
[价格] ETH: 2124.01
[价格] XRP: 1.4176
[价格] BNB: 662.5
[价格] SOL: 88.53
[价格] LTC: 55.27
[价格] DOGE: 0.0954
[价格] SUI: 1.0072
[价格] TRX: 0.29832
[价格] TON: 1.305
[价格] ETC: 8.326
[价格] BCH: 461.9
[价格] HBAR: 0.09539
[价格] XLM: 0.1673
[价格] FIL: 0.8909
[价格] LINK: 9.232
[价格] CRO: 0.0778
[价格] DOT: 1.42
[价格] AAVE: 115.65
[价格] UNI: 4.013
[价格] NEAR: 1.3423
[价格] APT: 0.9264
[价格] CFX: 0.06082
[价格] CRV: 0.2428
[价格] STX: 0.255
[价格] LDO: 0.3062
[价格] TAO: 284.1
✅ [数据完整] 成功获取全部 27/27 个币种的数据
[保存] 数据已写入 /home/user/webapp/data/coin_change_tracker/coin_change_20260316.jsonl
[保存] 涨速数据已写入 /home/user/webapp/data/coin_change_tracker/velocity_20260316.jsonl
[统计] 总涨跌幅: 23.44%, 5分钟涨速: +3.26%, 币种数: 27, 上涨占比: 92.6% (25↑/2↓)
[等待] 下次采集时间: 04:36:25

[2026-03-16 04:36:35] 开始采集...
[价格] BTC: 71630.9
[价格] ETH: 2124.16
[价格] XRP: 1.4175
[价格] BNB: 662.8
[价格] SOL: 88.55
[价格] LTC: 55.27
[价格] DOGE: 0.09534
[价格] SUI: 1.0068
[价格] TRX: 0.29832
[价格] TON: 1.305
[价格] ETC: 8.324
[价格] BCH: 462.0
[价格] HBAR: 0.09535
[价格] XLM: 0.16732
[价格] FIL: 0.891
[价格] LINK: 9.23
[价格] CRO: 0.07781
[价格] DOT: 1.42
[价格] AAVE: 115.58
[价格] UNI: 4.012
[价格] NEAR: 1.3427
[价格] APT: 0.9262
[价格] CFX: 0.06078
[价格] CRV: 0.2427
[价格] STX: 0.2551
[价格] LDO: 0.3062
[价格] TAO: 285.0
✅ [数据完整] 成功获取全部 27/27 个币种的数据
[保存] 数据已写入 /home/user/webapp/data/coin_change_tracker/coin_change_20260316.jsonl
[保存] 涨速数据已写入 /home/user/webapp/data/coin_change_tracker/velocity_20260316.jsonl
[统计] 总涨跌幅: 23.55%, 5分钟涨速: +0.87%, 币种数: 27, 上涨占比: 92.6% (25↑/2↓)
[等待] 下次采集时间: 04:37:35

[2026-03-16 04:37:45] 开始采集...
[价格] BTC: 71739.3
[价格] ETH: 2133.1
[价格] XRP: 1.4198
[价格] BNB: 664.0
[价格] SOL: 88.82
[价格] LTC: 55.4
[价格] DOGE: 0.09568
[价格] SUI: 1.0099
[价格] TRX: 0.29849
[价格] TON: 1.305
[价格] ETC: 8.342
[价格] BCH: 462.8
[价格] HBAR: 0.09569
[价格] XLM: 0.1678
[价格] FIL: 0.8939
[价格] LINK: 9.262
[价格] CRO: 0.07791
[价格] DOT: 1.423
[价格] AAVE: 115.86
[价格] UNI: 4.022
[价格] NEAR: 1.3461
[价格] APT: 0.9286
[价格] CFX: 0.06088
[价格] CRV: 0.2436
[价格] STX: 0.2556
[价格] LDO: 0.3073
[价格] TAO: 286.0
✅ [数据完整] 成功获取全部 27/27 个币种的数据
[保存] 数据已写入 /home/user/webapp/data/coin_change_tracker/coin_change_20260316.jsonl
[保存] 涨速数据已写入 /home/user/webapp/data/coin_change_tracker/velocity_20260316.jsonl
[统计] 总涨跌幅: 30.28%, 5分钟涨速: +7.06%, 币种数: 27, 上涨占比: 96.3% (26↑/1↓)
[等待] 下次采集时间: 04:38:45

[2026-03-16 04:38:54] 开始采集...
[价格] BTC: 71725.1
[价格] ETH: 2131.7
[价格] XRP: 1.4205
[价格] BNB: 664.0
[价格] SOL: 88.73
[价格] LTC: 55.4
[价格] DOGE: 0.09558
[价格] SUI: 1.0096
[价格] TRX: 0.29833
[价格] TON: 1.305
[价格] ETC: 8.343
[价格] BCH: 462.8
[价格] HBAR: 0.09568
[价格] XLM: 0.16781
[价格] FIL: 0.8934
[价格] LINK: 9.263
[价格] CRO: 0.07789
[价格] DOT: 1.424
[价格] AAVE: 115.88
[价格] UNI: 4.022
[价格] NEAR: 1.3452
[价格] APT: 0.9283
[价格] CFX: 0.06088
[价格] CRV: 0.2432
[价格] STX: 0.2557
[价格] LDO: 0.3072
[价格] TAO: 285.5
[RSI] 开始采集5分钟RSI数据...
[RSI] BTC: 76.06
[RSI] ETH: 85.44
[RSI] XRP: 72.05
[RSI] BNB: 80.28
[RSI] SOL: 75.45
[RSI] LTC: 67.21
[RSI] DOGE: 65.83
[RSI] SUI: 67.74
[RSI] TRX: 31.25
[RSI] TON: 58.33
[RSI] ETC: 66.36
[RSI] BCH: 65.22
[RSI] HBAR: 60.47
[RSI] XLM: 65.71
[RSI] FIL: 66.87
[RSI] LINK: 78.69
[RSI] CRO: 83.33
[RSI] DOT: 73.68
[RSI] AAVE: 59.75
[RSI] UNI: 69.12
[RSI] NEAR: 67.42
[RSI] APT: 60.11
[RSI] CFX: 65.71
[RSI] CRV: 59.46
[RSI] STX: 70.21
[RSI] LDO: 78.43
[RSI] TAO: 60.0
[RSI] 成功采集 27/27 个币种，RSI之和: 1830.18
[保存] RSI数据已写入 /home/user/webapp/data/coin_change_tracker/rsi_20260316.jsonl
✅ [数据完整] 成功获取全部 27/27 个币种的数据
[保存] 数据已写入 /home/user/webapp/data/coin_change_tracker/coin_change_20260316.jsonl
[保存] 涨速数据已写入 /home/user/webapp/data/coin_change_tracker/velocity_20260316.jsonl
[统计] 总涨跌幅: 29.54%, 5分钟涨速: +7.31%, 币种数: 27, 上涨占比: 96.3% (26↑/1↓), RSI之和: 1830.18
[等待] 下次采集时间: 04:39:54

[2026-03-16 04:40:13] 开始采集...
[价格] BTC: 71832.4
[价格] ETH: 2136.04
[价格] XRP: 1.4217
[价格] BNB: 664.5
[价格] SOL: 88.86
[价格] LTC: 55.42
[价格] DOGE: 0.09566
[价格] SUI: 1.0104
[价格] TRX: 0.29842
[价格] TON: 1.305
[价格] ETC: 8.351
[价格] BCH: 462.9
[价格] HBAR: 0.09569
[价格] XLM: 0.168
[价格] FIL: 0.8945
[价格] LINK: 9.28
[价格] CRO: 0.07798
[价格] DOT: 1.427
[价格] AAVE: 115.91
[价格] UNI: 4.024
[价格] NEAR: 1.348
[价格] APT: 0.9284
[价格] CFX: 0.06089
[价格] CRV: 0.2436
[价格] STX: 0.256
[价格] LDO: 0.3074
[价格] TAO: 285.6
✅ [数据完整] 成功获取全部 27/27 个币种的数据
[保存] 数据已写入 /home/user/webapp/data/coin_change_tracker/coin_change_20260316.jsonl
[保存] 涨速数据已写入 /home/user/webapp/data/coin_change_tracker/velocity_20260316.jsonl
[统计] 总涨跌幅: 32.03%, 5分钟涨速: +8.59%, 币种数: 27, 上涨占比: 96.3% (26↑/1↓)
[等待] 下次采集时间: 04:41:13

[2026-03-16 04:41:23] 开始采集...
[价格] BTC: 71739.9
[价格] ETH: 2129.32
[价格] XRP: 1.4197
[价格] BNB: 663.5
[价格] SOL: 88.7
[价格] LTC: 55.33
[价格] DOGE: 0.09544
[价格] SUI: 1.0072
[价格] TRX: 0.29842
[价格] TON: 1.305
[价格] ETC: 8.331
[价格] BCH: 462.4
[价格] HBAR: 0.09542
[价格] XLM: 0.16757
[价格] FIL: 0.8926
[价格] LINK: 9.261
[价格] CRO: 0.07792
[价格] DOT: 1.425
[价格] AAVE: 115.76
[价格] UNI: 4.018
[价格] NEAR: 1.3468
[价格] APT: 0.9265
[价格] CFX: 0.06075
[价格] CRV: 0.2434
[价格] STX: 0.2555
[价格] LDO: 0.3067
[价格] TAO: 284.8
✅ [数据完整] 成功获取全部 27/27 个币种的数据
[保存] 数据已写入 /home/user/webapp/data/coin_change_tracker/coin_change_20260316.jsonl
[保存] 涨速数据已写入 /home/user/webapp/data/coin_change_tracker/velocity_20260316.jsonl
[统计] 总涨跌幅: 27.24%, 5分钟涨速: +3.69%, 币种数: 27, 上涨占比: 96.3% (26↑/1↓)
[等待] 下次采集时间: 04:42:23

[2026-03-16 04:42:32] 开始采集...
[价格] BTC: 71808.0
[价格] ETH: 2130.55
[价格] XRP: 1.4197
[价格] BNB: 663.7
[价格] SOL: 88.79
[价格] LTC: 55.33
[价格] DOGE: 0.09543
[价格] SUI: 1.0078
[价格] TRX: 0.29848
[价格] TON: 1.305
[价格] ETC: 8.335
[价格] BCH: 462.6
[价格] HBAR: 0.09552
[价格] XLM: 0.16767
[价格] FIL: 0.8931
[价格] LINK: 9.256
[价格] CRO: 0.07788
[价格] DOT: 1.424
[价格] AAVE: 115.7
[价格] UNI: 4.015
[价格] NEAR: 1.3457
[价格] APT: 0.9267
[价格] CFX: 0.06062
[价格] CRV: 0.2434
[价格] STX: 0.2556
[价格] LDO: 0.3065
[价格] TAO: 284.3
✅ [数据完整] 成功获取全部 27/27 个币种的数据
[保存] 数据已写入 /home/user/webapp/data/coin_change_tracker/coin_change_20260316.jsonl
[保存] 涨速数据已写入 /home/user/webapp/data/coin_change_tracker/velocity_20260316.jsonl
[统计] 总涨跌幅: 27.14%, 5分钟涨速: -3.14%, 币种数: 27, 上涨占比: 96.3% (26↑/1↓)
[等待] 下次采集时间: 04:43:32

[2026-03-16 04:43:42] 开始采集...
[价格] BTC: 71797.0
[价格] ETH: 2129.32
[价格] XRP: 1.4194
[价格] BNB: 663.7
[价格] SOL: 88.74
[价格] LTC: 55.35
[价格] DOGE: 0.09544
[价格] SUI: 1.0077
[价格] TRX: 0.29848
[价格] TON: 1.305
[价格] ETC: 8.338
[价格] BCH: 462.6
[价格] HBAR: 0.09543
[价格] XLM: 0.16759
[价格] FIL: 0.8932
[价格] LINK: 9.254
[价格] CRO: 0.07787
[价格] DOT: 1.424
[价格] AAVE: 115.69
[价格] UNI: 4.016
[价格] NEAR: 1.3459
[价格] APT: 0.9265
[价格] CFX: 0.06068
[价格] CRV: 0.2435
[价格] STX: 0.2556
[价格] LDO: 0.3065
[价格] TAO: 285.1
✅ [数据完整] 成功获取全部 27/27 个币种的数据
[保存] 数据已写入 /home/user/webapp/data/coin_change_tracker/coin_change_20260316.jsonl
[保存] 涨速数据已写入 /home/user/webapp/data/coin_change_tracker/velocity_20260316.jsonl
[统计] 总涨跌幅: 27.34%, 5分钟涨速: -2.20%, 币种数: 27, 上涨占比: 96.3% (26↑/1↓)
[等待] 下次采集时间: 04:44:42

[2026-03-16 04:44:51] 开始采集...
[价格] BTC: 71806.5
[价格] ETH: 2129.81
[价格] XRP: 1.4192
[价格] BNB: 663.9
[价格] SOL: 88.75
[价格] LTC: 55.34
[价格] DOGE: 0.09545
[价格] SUI: 1.0071
[价格] TRX: 0.29848
[价格] TON: 1.305
[价格] ETC: 8.336
[价格] BCH: 462.6
[价格] HBAR: 0.09543
[价格] XLM: 0.16756
[价格] FIL: 0.8929
[价格] LINK: 9.255
[价格] CRO: 0.07786
[价格] DOT: 1.423
[价格] AAVE: 115.86
[价格] UNI: 4.015
[价格] NEAR: 1.3452
[价格] APT: 0.9259
[价格] CFX: 0.06064
[价格] CRV: 0.2431
[价格] STX: 0.2557
[价格] LDO: 0.3065
[价格] TAO: 284.4
[RSI] 开始采集5分钟RSI数据...
[RSI] BTC: 83.88
[RSI] ETH: 77.2
[RSI] XRP: 72.46
[RSI] BNB: 78.75
[RSI] SOL: 79.03
[RSI] LTC: 62.3
[RSI] DOGE: 62.33
[RSI] SUI: 60.34
[RSI] TRX: 39.86
[RSI] TON: 60.0
[RSI] ETC: 63.55
[RSI] BCH: 60.78
[RSI] HBAR: 50.31
[RSI] XLM: 67.47
[RSI] FIL: 58.48
[RSI] LINK: 74.36
[RSI] CRO: 72.22
[RSI] DOT: 66.67
[RSI] AAVE: 75.38
[RSI] UNI: 66.22
[RSI] NEAR: 69.39
[RSI] APT: 56.12
[RSI] CFX: 52.24
[RSI] CRV: 71.79
[RSI] STX: 71.43
[RSI] LDO: 67.69
[RSI] TAO: 56.02
[RSI] 成功采集 27/27 个币种，RSI之和: 1776.27
[保存] RSI数据已写入 /home/user/webapp/data/coin_change_tracker/rsi_20260316.jsonl
✅ [数据完整] 成功获取全部 27/27 个币种的数据
[保存] 数据已写入 /home/user/webapp/data/coin_change_tracker/coin_change_20260316.jsonl
[保存] 涨速数据已写入 /home/user/webapp/data/coin_change_tracker/velocity_20260316.jsonl
[统计] 总涨跌幅: 26.72%, 5分钟涨速: -5.31%, 币种数: 27, 上涨占比: 96.3% (26↑/1↓), RSI之和: 1776.27
[等待] 下次采集时间: 04:45:51

[2026-03-16 04:46:11] 开始采集...
[价格] BTC: 71732.9
[价格] ETH: 2128.24
[价格] XRP: 1.4181
[价格] BNB: 663.6
[价格] SOL: 88.72
[价格] LTC: 55.31
[价格] DOGE: 0.09532
[价格] SUI: 1.0061
[价格] TRX: 0.29832
[价格] TON: 1.305
[价格] ETC: 8.327
[价格] BCH: 462.0
[价格] HBAR: 0.09527
[价格] XLM: 0.16729
[价格] FIL: 0.8909
[价格] LINK: 9.248
[价格] CRO: 0.07775
[价格] DOT: 1.42
[价格] AAVE: 115.59
[价格] UNI: 4.013
[价格] NEAR: 1.3425
[价格] APT: 0.9252
[价格] CFX: 0.0606
[价格] CRV: 0.2434
[价格] STX: 0.2551
[价格] LDO: 0.3059
[价格] TAO: 283.5
✅ [数据完整] 成功获取全部 27/27 个币种的数据
[保存] 数据已写入 /home/user/webapp/data/coin_change_tracker/coin_change_20260316.jsonl
[保存] 涨速数据已写入 /home/user/webapp/data/coin_change_tracker/velocity_20260316.jsonl
[统计] 总涨跌幅: 23.53%, 5分钟涨速: -3.71%, 币种数: 27, 上涨占比: 92.6% (25↑/2↓)
[等待] 下次采集时间: 04:47:11

[2026-03-16 04:47:20] 开始采集...
[价格] BTC: 71732.0
[价格] ETH: 2128.26
[价格] XRP: 1.4172
[价格] BNB: 663.6
[价格] SOL: 88.7
[价格] LTC: 55.32
[价格] DOGE: 0.09531
[价格] SUI: 1.0057
[价格] TRX: 0.29832
[价格] TON: 1.304
[价格] ETC: 8.327
[价格] BCH: 462.0
[价格] HBAR: 0.09533
[价格] XLM: 0.16724
[价格] FIL: 0.8912
[价格] LINK: 9.246
[价格] CRO: 0.07773
[价格] DOT: 1.421
[价格] AAVE: 115.59
[价格] UNI: 4.012
[价格] NEAR: 1.3426
[价格] APT: 0.9249
[价格] CFX: 0.0606
[价格] CRV: 0.2435
[价格] STX: 0.2552
[价格] LDO: 0.3059
[价格] TAO: 283.6
✅ [数据完整] 成功获取全部 27/27 个币种的数据
[保存] 数据已写入 /home/user/webapp/data/coin_change_tracker/coin_change_20260316.jsonl
[保存] 涨速数据已写入 /home/user/webapp/data/coin_change_tracker/velocity_20260316.jsonl
[统计] 总涨跌幅: 23.49%, 5分钟涨速: -3.65%, 币种数: 27, 上涨占比: 92.6% (25↑/2↓)
[等待] 下次采集时间: 04:48:20

[2026-03-16 04:48:30] 开始采集...
[价格] BTC: 71751.9
[价格] ETH: 2129.34
[价格] XRP: 1.4184
[价格] BNB: 663.7
[价格] SOL: 88.74
[价格] LTC: 55.33
[价格] DOGE: 0.09536
[价格] SUI: 1.0065
[价格] TRX: 0.29829
[价格] TON: 1.304
[价格] ETC: 8.33
[价格] BCH: 461.9
[价格] HBAR: 0.0954
[价格] XLM: 0.16731
[价格] FIL: 0.8909
[价格] LINK: 9.248
[价格] CRO: 0.07777
[价格] DOT: 1.421
[价格] AAVE: 115.58
[价格] UNI: 4.015
[价格] NEAR: 1.3437
[价格] APT: 0.9253
[价格] CFX: 0.06063
[价格] CRV: 0.2436
[价格] STX: 0.2552
[价格] LDO: 0.3062
[价格] TAO: 284.2
✅ [数据完整] 成功获取全部 27/27 个币种的数据
[保存] 数据已写入 /home/user/webapp/data/coin_change_tracker/coin_change_20260316.jsonl
[保存] 涨速数据已写入 /home/user/webapp/data/coin_change_tracker/velocity_20260316.jsonl
[统计] 总涨跌幅: 24.65%, 5分钟涨速: -2.69%, 币种数: 27, 上涨占比: 92.6% (25↑/2↓)
[等待] 下次采集时间: 04:49:30

[2026-03-16 04:49:39] 开始采集...
[价格] BTC: 71758.9
[价格] ETH: 2129.2
[价格] XRP: 1.4185
[价格] BNB: 663.7
[价格] SOL: 88.76
[价格] LTC: 55.33
[价格] DOGE: 0.09534
[价格] SUI: 1.0065
[价格] TRX: 0.29829
[价格] TON: 1.304
[价格] ETC: 8.329
[价格] BCH: 462.0
[价格] HBAR: 0.09539
[价格] XLM: 0.1673
[价格] FIL: 0.8906
[价格] LINK: 9.249
[价格] CRO: 0.07775
[价格] DOT: 1.422
[价格] AAVE: 115.44
[价格] UNI: 4.013
[价格] NEAR: 1.3433
[价格] APT: 0.926
[价格] CFX: 0.06067
[价格] CRV: 0.2445
[价格] STX: 0.2552
[价格] LDO: 0.306
[价格] TAO: 284.0
✅ [数据完整] 成功获取全部 27/27 个币种的数据
[保存] 数据已写入 /home/user/webapp/data/coin_change_tracker/coin_change_20260316.jsonl
[保存] 涨速数据已写入 /home/user/webapp/data/coin_change_tracker/velocity_20260316.jsonl
[统计] 总涨跌幅: 24.84%, 5分钟涨速: -1.88%, 币种数: 27, 上涨占比: 92.6% (25↑/2↓)
[等待] 下次采集时间: 04:50:39

[2026-03-16 04:50:49] 开始采集...
[价格] BTC: 71742.6
[价格] ETH: 2128.57
[价格] XRP: 1.4179
[价格] BNB: 663.6
[价格] SOL: 88.7
[价格] LTC: 55.34
[价格] DOGE: 0.09536
[价格] SUI: 1.0065
[价格] TRX: 0.29829
[价格] TON: 1.305
[价格] ETC: 8.334
[价格] BCH: 461.9
[价格] HBAR: 0.09543
[价格] XLM: 0.16731
[价格] FIL: 0.8912
[价格] LINK: 9.247
[价格] CRO: 0.07775
[价格] DOT: 1.423
[价格] AAVE: 115.39
[价格] UNI: 4.014
[价格] NEAR: 1.3435
[价格] APT: 0.9259
[价格] CFX: 0.06076
[价格] CRV: 0.2444
[价格] STX: 0.2554
[价格] LDO: 0.3062
[价格] TAO: 284.2
[RSI] 开始采集5分钟RSI数据...
[RSI] BTC: 74.72
[RSI] ETH: 74.87
[RSI] XRP: 68.36
[RSI] BNB: 75.31
[RSI] SOL: 74.22
[RSI] LTC: 65.0
[RSI] DOGE: 59.74
[RSI] SUI: 57.14
[RSI] TRX: 43.33
[RSI] TON: 58.33
[RSI] ETC: 59.29
[RSI] BCH: 56.86
[RSI] HBAR: 54.67
[RSI] XLM: 65.77
[RSI] FIL: 54.64
[RSI] LINK: 69.37
[RSI] CRO: 63.41
[RSI] DOT: 65.22
[RSI] AAVE: 59.66
[RSI] UNI: 63.51
[RSI] NEAR: 60.59
[RSI] APT: 51.41
[RSI] CFX: 53.52
[RSI] CRV: 78.0
[RSI] STX: 64.81
[RSI] LDO: 62.32
[RSI] TAO: 57.83
[RSI] 成功采集 27/27 个币种，RSI之和: 1691.9
[保存] RSI数据已写入 /home/user/webapp/data/coin_change_tracker/rsi_20260316.jsonl
✅ [数据完整] 成功获取全部 27/27 个币种的数据
[保存] 数据已写入 /home/user/webapp/data/coin_change_tracker/coin_change_20260316.jsonl
[保存] 涨速数据已写入 /home/user/webapp/data/coin_change_tracker/velocity_20260316.jsonl
[统计] 总涨跌幅: 25.30%, 5分钟涨速: +1.77%, 币种数: 27, 上涨占比: 92.6% (25↑/2↓), RSI之和: 1691.9
[等待] 下次采集时间: 04:51:49

[2026-03-16 04:52:08] 开始采集...
[价格] BTC: 71745.0
[价格] ETH: 2128.4
[价格] XRP: 1.4177
[价格] BNB: 663.5
[价格] SOL: 88.71
[价格] LTC: 55.34
[价格] DOGE: 0.09532
[价格] SUI: 1.0062
[价格] TRX: 0.2983
[价格] TON: 1.305
[价格] ETC: 8.328
[价格] BCH: 462.0
[价格] HBAR: 0.09546
[价格] XLM: 0.16751
[价格] FIL: 0.891
[价格] LINK: 9.247
[价格] CRO: 0.07779
[价格] DOT: 1.422
[价格] AAVE: 115.42
[价格] UNI: 4.014
[价格] NEAR: 1.3425
[价格] APT: 0.9253
[价格] CFX: 0.06074
[价格] CRV: 0.2438
[价格] STX: 0.2552
[价格] LDO: 0.3061
[价格] TAO: 283.9
✅ [数据完整] 成功获取全部 27/27 个币种的数据
[保存] 数据已写入 /home/user/webapp/data/coin_change_tracker/coin_change_20260316.jsonl
[保存] 涨速数据已写入 /home/user/webapp/data/coin_change_tracker/velocity_20260316.jsonl
[统计] 总涨跌幅: 24.63%, 5分钟涨速: +1.14%, 币种数: 27, 上涨占比: 92.6% (25↑/2↓)
[等待] 下次采集时间: 04:53:08

[2026-03-16 04:53:17] 开始采集...
[价格] BTC: 71752.1
[价格] ETH: 2128.96
[价格] XRP: 1.4183
[价格] BNB: 663.6
[价格] SOL: 88.74
[价格] LTC: 55.34
[价格] DOGE: 0.09539
[价格] SUI: 1.0067
[价格] TRX: 0.2983
[价格] TON: 1.305
[价格] ETC: 8.33
[价格] BCH: 462.0
[价格] HBAR: 0.09544
[价格] XLM: 0.16749
[价格] FIL: 0.8915
[价格] LINK: 9.249
[价格] CRO: 0.0778
[价格] DOT: 1.423
[价格] AAVE: 115.44
[价格] UNI: 4.016
[价格] NEAR: 1.3449
[价格] APT: 0.9258
[价格] CFX: 0.06075
[价格] CRV: 0.2438
[价格] STX: 0.2552
[价格] LDO: 0.3061
[价格] TAO: 283.8
✅ [数据完整] 成功获取全部 27/27 个币种的数据
[保存] 数据已写入 /home/user/webapp/data/coin_change_tracker/coin_change_20260316.jsonl
[保存] 涨速数据已写入 /home/user/webapp/data/coin_change_tracker/velocity_20260316.jsonl
[统计] 总涨跌幅: 25.32%, 5分钟涨速: +0.67%, 币种数: 27, 上涨占比: 92.6% (25↑/2↓)
[等待] 下次采集时间: 04:54:17

[2026-03-16 04:54:27] 开始采集...
[价格] BTC: 71732.1
[价格] ETH: 2128.0
[价格] XRP: 1.4177
[价格] BNB: 663.5
[价格] SOL: 88.7
[价格] LTC: 55.33
[价格] DOGE: 0.09532
[价格] SUI: 1.0064
[价格] TRX: 0.29821
[价格] TON: 1.305
[价格] ETC: 8.328
[价格] BCH: 461.9
[价格] HBAR: 0.09543
[价格] XLM: 0.1673
[价格] FIL: 0.8912
[价格] LINK: 9.242
[价格] CRO: 0.07778
[价格] DOT: 1.422
[价格] AAVE: 115.43
[价格] UNI: 4.015
[价格] NEAR: 1.3438
[价格] APT: 0.9256
[价格] CFX: 0.06076
[价格] CRV: 0.2437
[价格] STX: 0.255
[价格] LDO: 0.3058
[价格] TAO: 283.7
✅ [数据完整] 成功获取全部 27/27 个币种的数据
[保存] 数据已写入 /home/user/webapp/data/coin_change_tracker/coin_change_20260316.jsonl
[保存] 涨速数据已写入 /home/user/webapp/data/coin_change_tracker/velocity_20260316.jsonl
[统计] 总涨跌幅: 24.24%, 5分钟涨速: -0.60%, 币种数: 27, 上涨占比: 92.6% (25↑/2↓)
[等待] 下次采集时间: 04:55:27

[2026-03-16 04:55:36] 开始采集...
[价格] BTC: 71731.0
[价格] ETH: 2128.16
[价格] XRP: 1.4177
[价格] BNB: 663.6
[价格] SOL: 88.7
[价格] LTC: 55.32
[价格] DOGE: 0.09531
[价格] SUI: 1.0063
[价格] TRX: 0.2983
[价格] TON: 1.305
[价格] ETC: 8.326
[价格] BCH: 461.8
[价格] HBAR: 0.09541
[价格] XLM: 0.16729
[价格] FIL: 0.8908
[价格] LINK: 9.242
[价格] CRO: 0.07777
[价格] DOT: 1.422
[价格] AAVE: 115.39
[价格] UNI: 4.013
[价格] NEAR: 1.3439
[价格] APT: 0.9254
[价格] CFX: 0.06085
[价格] CRV: 0.2434
[价格] STX: 0.2549
[价格] LDO: 0.3057
[价格] TAO: 284.5
✅ [数据完整] 成功获取全部 27/27 个币种的数据
[保存] 数据已写入 /home/user/webapp/data/coin_change_tracker/coin_change_20260316.jsonl
[保存] 涨速数据已写入 /home/user/webapp/data/coin_change_tracker/velocity_20260316.jsonl
[统计] 总涨跌幅: 24.26%, 5分钟涨速: -1.04%, 币种数: 27, 上涨占比: 92.6% (25↑/2↓)
[等待] 下次采集时间: 04:56:36

[2026-03-16 04:56:46] 开始采集...
[价格] BTC: 71731.9
[价格] ETH: 2129.18
[价格] XRP: 1.4177
[价格] BNB: 663.7
[价格] SOL: 88.73
[价格] LTC: 55.33
[价格] DOGE: 0.0953
[价格] SUI: 1.0064
[价格] TRX: 0.29821
[价格] TON: 1.305
[价格] ETC: 8.326
[价格] BCH: 461.7
[价格] HBAR: 0.09542
[价格] XLM: 0.16725
[价格] FIL: 0.8908
[价格] LINK: 9.243
[价格] CRO: 0.07778
[价格] DOT: 1.421
[价格] AAVE: 115.5
[价格] UNI: 4.015
[价格] NEAR: 1.3426
[价格] APT: 0.9256
[价格] CFX: 0.06096
[价格] CRV: 0.2434
[价格] STX: 0.2549
[价格] LDO: 0.3057
[价格] TAO: 284.2
[RSI] 开始采集5分钟RSI数据...
[RSI] BTC: 71.48
[RSI] ETH: 74.03
[RSI] XRP: 69.14
[RSI] BNB: 75.0
[RSI] SOL: 76.98
[RSI] LTC: 63.93
[RSI] DOGE: 60.54
[RSI] SUI: 56.91
[RSI] TRX: 39.68
[RSI] TON: 60.0
[RSI] ETC: 60.91
[RSI] BCH: 59.18
[RSI] HBAR: 55.78
[RSI] XLM: 69.89
[RSI] FIL: 54.08
[RSI] LINK: 68.86
[RSI] CRO: 65.48
[RSI] DOT: 63.64
[RSI] AAVE: 63.89
[RSI] UNI: 65.75
[RSI] NEAR: 55.61
[RSI] APT: 51.12
[RSI] CFX: 61.54
[RSI] CRV: 67.24
[RSI] STX: 62.96
[RSI] LDO: 58.57
[RSI] TAO: 59.01
[RSI] 成功采集 27/27 个币种，RSI之和: 1691.2
[保存] RSI数据已写入 /home/user/webapp/data/coin_change_tracker/rsi_20260316.jsonl
✅ [数据完整] 成功获取全部 27/27 个币种的数据
[保存] 数据已写入 /home/user/webapp/data/coin_change_tracker/coin_change_20260316.jsonl
[保存] 涨速数据已写入 /home/user/webapp/data/coin_change_tracker/velocity_20260316.jsonl
[统计] 总涨跌幅: 24.40%, 5分钟涨速: -0.23%, 币种数: 27, 上涨占比: 92.6% (25↑/2↓), RSI之和: 1691.2
[等待] 下次采集时间: 04:57:46

[2026-03-16 04:58:04] 开始采集...
[价格] BTC: 71717.4
[价格] ETH: 2129.22
[价格] XRP: 1.4176
[价格] BNB: 663.6
[价格] SOL: 88.73
[价格] LTC: 55.33
[价格] DOGE: 0.0953
[价格] SUI: 1.0064
[价格] TRX: 0.29823
[价格] TON: 1.305
[价格] ETC: 8.327
[价格] BCH: 461.9
[价格] HBAR: 0.09544
[价格] XLM: 0.16734
[价格] FIL: 0.891
[价格] LINK: 9.243
[价格] CRO: 0.07779
[价格] DOT: 1.421
[价格] AAVE: 115.48
[价格] UNI: 4.016
[价格] NEAR: 1.3433
[价格] APT: 0.9258
[价格] CFX: 0.06104
[价格] CRV: 0.2435
[价格] STX: 0.2549
[价格] LDO: 0.3059
[价格] TAO: 282.8
✅ [数据完整] 成功获取全部 27/27 个币种的数据
[保存] 数据已写入 /home/user/webapp/data/coin_change_tracker/coin_change_20260316.jsonl
[保存] 涨速数据已写入 /home/user/webapp/data/coin_change_tracker/velocity_20260316.jsonl
[统计] 总涨跌幅: 24.35%, 5分钟涨速: -0.97%, 币种数: 27, 上涨占比: 92.6% (25↑/2↓)
[等待] 下次采集时间: 04:59:04

[2026-03-16 04:59:14] 开始采集...
[价格] BTC: 71706.2
[价格] ETH: 2128.39
[价格] XRP: 1.4174
[价格] BNB: 663.5
[价格] SOL: 88.69
[价格] LTC: 55.33
[价格] DOGE: 0.09529
[价格] SUI: 1.006
[价格] TRX: 0.29823
[价格] TON: 1.305
[价格] ETC: 8.326
[价格] BCH: 461.6
[价格] HBAR: 0.09541
[价格] XLM: 0.16723
[价格] FIL: 0.891
[价格] LINK: 9.239
[价格] CRO: 0.07775
[价格] DOT: 1.421
[价格] AAVE: 115.44
[价格] UNI: 4.014
[价格] NEAR: 1.343
[价格] APT: 0.9254
[价格] CFX: 0.0611
[价格] CRV: 0.2435
[价格] STX: 0.2546
[价格] LDO: 0.3059
[价格] TAO: 284.7
✅ [数据完整] 成功获取全部 27/27 个币种的数据
[保存] 数据已写入 /home/user/webapp/data/coin_change_tracker/coin_change_20260316.jsonl
[保存] 涨速数据已写入 /home/user/webapp/data/coin_change_tracker/velocity_20260316.jsonl
[统计] 总涨跌幅: 24.44%, 5分钟涨速: +0.20%, 币种数: 27, 上涨占比: 92.6% (25↑/2↓)
[等待] 下次采集时间: 05:00:14

[2026-03-16 05:00:23] 开始采集...
[价格] BTC: 71707.0
[价格] ETH: 2129.3
[价格] XRP: 1.4177
[价格] BNB: 663.7
[价格] SOL: 88.79
[价格] LTC: 55.34
[价格] DOGE: 0.09533
[价格] SUI: 1.0062
[价格] TRX: 0.29818
[价格] TON: 1.305
[价格] ETC: 8.323
[价格] BCH: 461.9
[价格] HBAR: 0.09539
[价格] XLM: 0.16727
[价格] FIL: 0.8911
[价格] LINK: 9.244
[价格] CRO: 0.07776
[价格] DOT: 1.421
[价格] AAVE: 115.42
[价格] UNI: 4.013
[价格] NEAR: 1.344
[价格] APT: 0.9255
[价格] CFX: 0.0611
[价格] CRV: 0.2435
[价格] STX: 0.2545
[价格] LDO: 0.306
[价格] TAO: 285.1
✅ [数据完整] 成功获取全部 27/27 个币种的数据
[保存] 数据已写入 /home/user/webapp/data/coin_change_tracker/coin_change_20260316.jsonl
[保存] 涨速数据已写入 /home/user/webapp/data/coin_change_tracker/velocity_20260316.jsonl
[统计] 总涨跌幅: 25.01%, 5分钟涨速: +0.75%, 币种数: 27, 上涨占比: 92.6% (25↑/2↓)
[等待] 下次采集时间: 05:01:23

[2026-03-16 05:01:33] 开始采集...
[价格] BTC: 71670.4
[价格] ETH: 2128.18
[价格] XRP: 1.4167
[价格] BNB: 663.3
[价格] SOL: 88.7
[价格] LTC: 55.32
[价格] DOGE: 0.09524
[价格] SUI: 1.0051
[价格] TRX: 0.29818
[价格] TON: 1.304
[价格] ETC: 8.318
[价格] BCH: 461.6
[价格] HBAR: 0.09539
[价格] XLM: 0.16716
[价格] FIL: 0.8899
[价格] LINK: 9.242
[价格] CRO: 0.07771
[价格] DOT: 1.419
[价格] AAVE: 115.43
[价格] UNI: 4.009
[价格] NEAR: 1.3445
[价格] APT: 0.9251
[价格] CFX: 0.06121
[价格] CRV: 0.2434
[价格] STX: 0.2543
[价格] LDO: 0.3056
[价格] TAO: 285.7
✅ [数据完整] 成功获取全部 27/27 个币种的数据
[保存] 数据已写入 /home/user/webapp/data/coin_change_tracker/coin_change_20260316.jsonl
[保存] 涨速数据已写入 /home/user/webapp/data/coin_change_tracker/velocity_20260316.jsonl
[统计] 总涨跌幅: 23.85%, 5分钟涨速: -0.55%, 币种数: 27, 上涨占比: 92.6% (25↑/2↓)
[等待] 下次采集时间: 05:02:33

[2026-03-16 05:02:43] 开始采集...
[价格] BTC: 71685.2
[价格] ETH: 2130.0
[价格] XRP: 1.4172
[价格] BNB: 663.7
[价格] SOL: 88.83
[价格] LTC: 55.34
[价格] DOGE: 0.09525
[价格] SUI: 1.0055
[价格] TRX: 0.29814
[价格] TON: 1.304
[价格] ETC: 8.317
[价格] BCH: 461.7
[价格] HBAR: 0.09542
[价格] XLM: 0.16724
[价格] FIL: 0.89
[价格] LINK: 9.247
[价格] CRO: 0.07774
[价格] DOT: 1.421
[价格] AAVE: 115.53
[价格] UNI: 4.011
[价格] NEAR: 1.3446
[价格] APT: 0.925
[价格] CFX: 0.06114
[价格] CRV: 0.2434
[价格] STX: 0.2541
[价格] LDO: 0.3056
[价格] TAO: 285.1
[RSI] 开始采集5分钟RSI数据...
[RSI] BTC: 68.62
[RSI] ETH: 74.33
[RSI] XRP: 65.73
[RSI] BNB: 74.07
[RSI] SOL: 78.26
[RSI] LTC: 62.07
[RSI] DOGE: 56.03
[RSI] SUI: 52.97
[RSI] TRX: 38.17
[RSI] TON: 60.0
[RSI] ETC: 52.73
[RSI] BCH: 58.0
[RSI] HBAR: 57.43
[RSI] XLM: 65.18
[RSI] FIL: 52.41
[RSI] LINK: 68.45
[RSI] CRO: 60.71
[RSI] DOT: 60.0
[RSI] AAVE: 65.84
[RSI] UNI: 61.84
[RSI] NEAR: 57.64
[RSI] APT: 53.85
[RSI] CFX: 63.41
[RSI] CRV: 67.27
[RSI] STX: 53.45
[RSI] LDO: 55.56
[RSI] TAO: 63.64
[RSI] 成功采集 27/27 个币种，RSI之和: 1647.66
[保存] RSI数据已写入 /home/user/webapp/data/coin_change_tracker/rsi_20260316.jsonl
✅ [数据完整] 成功获取全部 27/27 个币种的数据
[保存] 数据已写入 /home/user/webapp/data/coin_change_tracker/coin_change_20260316.jsonl
[保存] 涨速数据已写入 /home/user/webapp/data/coin_change_tracker/velocity_20260316.jsonl
[统计] 总涨跌幅: 24.34%, 5分钟涨速: -0.01%, 币种数: 27, 上涨占比: 92.6% (25↑/2↓), RSI之和: 1647.66
[等待] 下次采集时间: 05:03:43

[2026-03-16 05:04:02] 开始采集...
[价格] BTC: 71684.2
[价格] ETH: 2129.47
[价格] XRP: 1.4173
[价格] BNB: 663.7
[价格] SOL: 88.77
[价格] LTC: 55.33
[价格] DOGE: 0.09523
[价格] SUI: 1.005
[价格] TRX: 0.29814
[价格] TON: 1.304
[价格] ETC: 8.32
[价格] BCH: 461.8
[价格] HBAR: 0.09546
[价格] XLM: 0.16723
[价格] FIL: 0.891
[价格] LINK: 9.246
[价格] CRO: 0.07775
[价格] DOT: 1.42
[价格] AAVE: 115.45
[价格] UNI: 4.012
[价格] NEAR: 1.3446
[价格] APT: 0.925
[价格] CFX: 0.06122
[价格] CRV: 0.2432
[价格] STX: 0.2542
[价格] LDO: 0.3058
[价格] TAO: 285.0
✅ [数据完整] 成功获取全部 27/27 个币种的数据
[保存] 数据已写入 /home/user/webapp/data/coin_change_tracker/coin_change_20260316.jsonl
[保存] 涨速数据已写入 /home/user/webapp/data/coin_change_tracker/velocity_20260316.jsonl
[统计] 总涨跌幅: 24.35%, 5分钟涨速: -0.09%, 币种数: 27, 上涨占比: 92.6% (25↑/2↓)
[等待] 下次采集时间: 05:05:02

[2026-03-16 05:05:11] 开始采集...
[价格] BTC: 71644.9
[价格] ETH: 2127.56
[价格] XRP: 1.4168
[价格] BNB: 663.6
[价格] SOL: 88.7
[价格] LTC: 55.31
[价格] DOGE: 0.09515
[价格] SUI: 1.0043
[价格] TRX: 0.29815
[价格] TON: 1.304
[价格] ETC: 8.316
[价格] BCH: 461.6
[价格] HBAR: 0.09547
[价格] XLM: 0.16733
[价格] FIL: 0.8913
[价格] LINK: 9.251
[价格] CRO: 0.07776
[价格] DOT: 1.42
[价格] AAVE: 115.4
[价格] UNI: 4.012
[价格] NEAR: 1.3443
[价格] APT: 0.9246
[价格] CFX: 0.06132
[价格] CRV: 0.2433
[价格] STX: 0.2541
[价格] LDO: 0.3057
[价格] TAO: 285.9
✅ [数据完整] 成功获取全部 27/27 个币种的数据
[保存] 数据已写入 /home/user/webapp/data/coin_change_tracker/coin_change_20260316.jsonl
[保存] 涨速数据已写入 /home/user/webapp/data/coin_change_tracker/velocity_20260316.jsonl
[统计] 总涨跌幅: 24.29%, 5分钟涨速: -0.72%, 币种数: 27, 上涨占比: 92.6% (25↑/2↓)
[等待] 下次采集时间: 05:06:11

[2026-03-16 05:06:21] 开始采集...
[价格] BTC: 71650.0
[价格] ETH: 2127.91
[价格] XRP: 1.4174
[价格] BNB: 663.6
[价格] SOL: 88.77
[价格] LTC: 55.34
[价格] DOGE: 0.0952
[价格] SUI: 1.0046
[价格] TRX: 0.29816
[价格] TON: 1.304
[价格] ETC: 8.317
[价格] BCH: 461.6
[价格] HBAR: 0.09547
[价格] XLM: 0.16727
[价格] FIL: 0.8907
[价格] LINK: 9.245
[价格] CRO: 0.07774
[价格] DOT: 1.42
[价格] AAVE: 115.4
[价格] UNI: 4.011
[价格] NEAR: 1.3442
[价格] APT: 0.9245
[价格] CFX: 0.06109
[价格] CRV: 0.2433
[价格] STX: 0.2541
[价格] LDO: 0.3056
[价格] TAO: 286.6
✅ [数据完整] 成功获取全部 27/27 个币种的数据
[保存] 数据已写入 /home/user/webapp/data/coin_change_tracker/coin_change_20260316.jsonl
[保存] 涨速数据已写入 /home/user/webapp/data/coin_change_tracker/velocity_20260316.jsonl
[统计] 总涨跌幅: 24.22%, 5分钟涨速: +0.37%, 币种数: 27, 上涨占比: 92.6% (25↑/2↓)
[等待] 下次采集时间: 05:07:21

[2026-03-16 05:07:43] 开始采集...
[价格] BTC: 71619.5
[价格] ETH: 2126.09
[价格] XRP: 1.4166
[价格] BNB: 663.4
[价格] SOL: 88.71
[价格] LTC: 55.29
[价格] DOGE: 0.09512
[价格] SUI: 1.0038
[价格] TRX: 0.29817
[价格] TON: 1.304
[价格] ETC: 8.309
[价格] BCH: 461.5
[价格] HBAR: 0.09538
[价格] XLM: 0.16714
[价格] FIL: 0.8897
[价格] LINK: 9.235
[价格] CRO: 0.07772
[价格] DOT: 1.418
[价格] AAVE: 115.29
[价格] UNI: 4.005
[价格] NEAR: 1.343
[价格] APT: 0.9237
[价格] CFX: 0.06084
[价格] CRV: 0.2431
[价格] STX: 0.254
[价格] LDO: 0.3054
[价格] TAO: 286.8
[RSI] 开始采集5分钟RSI数据...
[RSI] BTC: 58.78
[RSI] ETH: 67.46
[RSI] XRP: 61.45
[RSI] BNB: 70.89
[RSI] SOL: 74.38
[RSI] LTC: 57.38
[RSI] DOGE: 49.03
[RSI] SUI: 45.6
[RSI] TRX: 28.95
[RSI] TON: 60.0
[RSI] ETC: 47.37
[RSI] BCH: 53.19
[RSI] HBAR: 51.97
[RSI] XLM: 60.4
[RSI] FIL: 52.69
[RSI] LINK: 61.9
[RSI] CRO: 55.29
[RSI] DOT: 47.62
[RSI] AAVE: 59.14
[RSI] UNI: 52.7
[RSI] NEAR: 55.88
[RSI] APT: 46.89
[RSI] CFX: 50.0
[RSI] CRV: 62.07
[RSI] STX: 50.0
[RSI] LDO: 52.78
[RSI] TAO: 75.48
[RSI] 成功采集 27/27 个币种，RSI之和: 1509.29
[保存] RSI数据已写入 /home/user/webapp/data/coin_change_tracker/rsi_20260316.jsonl
✅ [数据完整] 成功获取全部 27/27 个币种的数据
[保存] 数据已写入 /home/user/webapp/data/coin_change_tracker/coin_change_20260316.jsonl
[保存] 涨速数据已写入 /home/user/webapp/data/coin_change_tracker/velocity_20260316.jsonl
[统计] 总涨跌幅: 22.04%, 5分钟涨速: -2.30%, 币种数: 27, 上涨占比: 92.6% (25↑/2↓), RSI之和: 1509.29
[等待] 下次采集时间: 05:08:43

[2026-03-16 05:09:02] 开始采集...
[价格] BTC: 71610.6
[价格] ETH: 2124.76
[价格] XRP: 1.4157
[价格] BNB: 662.8
[价格] SOL: 88.64
[价格] LTC: 55.26
[价格] DOGE: 0.09509
[价格] SUI: 1.0031
[价格] TRX: 0.29814
[价格] TON: 1.304
[价格] ETC: 8.305
[价格] BCH: 461.3
[价格] HBAR: 0.09529
[价格] XLM: 0.167
[价格] FIL: 0.8896
[价格] LINK: 9.229
[价格] CRO: 0.07762
[价格] DOT: 1.417
[价格] AAVE: 115.29
[价格] UNI: 4.005
[价格] NEAR: 1.3426
[价格] APT: 0.9235
[价格] CFX: 0.06086
[价格] CRV: 0.2433
[价格] STX: 0.2539
[价格] LDO: 0.3053
[价格] TAO: 286.6
✅ [数据完整] 成功获取全部 27/27 个币种的数据
[保存] 数据已写入 /home/user/webapp/data/coin_change_tracker/coin_change_20260316.jsonl
[保存] 涨速数据已写入 /home/user/webapp/data/coin_change_tracker/velocity_20260316.jsonl
[统计] 总涨跌幅: 20.94%, 5分钟涨速: -3.41%, 币种数: 27, 上涨占比: 88.9% (24↑/3↓)
[等待] 下次采集时间: 05:10:02

[2026-03-16 05:10:11] 开始采集...
[价格] BTC: 71628.7
[价格] ETH: 2125.1
[价格] XRP: 1.4161
[价格] BNB: 663.1
[价格] SOL: 88.65
[价格] LTC: 55.28
[价格] DOGE: 0.0951
[价格] SUI: 1.0032
[价格] TRX: 0.29812
[价格] TON: 1.304
[价格] ETC: 8.312
[价格] BCH: 461.3
[价格] HBAR: 0.09535
[价格] XLM: 0.16704
[价格] FIL: 0.8904
[价格] LINK: 9.235
[价格] CRO: 0.07762
[价格] DOT: 1.42
[价格] AAVE: 115.29
[价格] UNI: 4.006
[价格] NEAR: 1.3488
[价格] APT: 0.9242
[价格] CFX: 0.06091
[价格] CRV: 0.2433
[价格] STX: 0.254
[价格] LDO: 0.3055
[价格] TAO: 288.5
✅ [数据完整] 成功获取全部 27/27 个币种的数据
[保存] 数据已写入 /home/user/webapp/data/coin_change_tracker/coin_change_20260316.jsonl
[保存] 涨速数据已写入 /home/user/webapp/data/coin_change_tracker/velocity_20260316.jsonl
[统计] 总涨跌幅: 23.12%, 5分钟涨速: -1.17%, 币种数: 27, 上涨占比: 92.6% (25↑/2↓)
[等待] 下次采集时间: 05:11:11

[2026-03-16 05:11:21] 开始采集...
[价格] BTC: 71615.5
[价格] ETH: 2124.45
[价格] XRP: 1.4157
[价格] BNB: 662.9
[价格] SOL: 88.64
[价格] LTC: 55.29
[价格] DOGE: 0.09506
[价格] SUI: 1.0027
[价格] TRX: 0.29813
[价格] TON: 1.303
[价格] ETC: 8.307
[价格] BCH: 461.2
[价格] HBAR: 0.09535
[价格] XLM: 0.16701
[价格] FIL: 0.8901
[价格] LINK: 9.235
[价格] CRO: 0.07761
[价格] DOT: 1.42
[价格] AAVE: 115.18
[价格] UNI: 4.004
[价格] NEAR: 1.3471
[价格] APT: 0.9235
[价格] CFX: 0.0609
[价格] CRV: 0.2432
[价格] STX: 0.254
[价格] LDO: 0.3053
[价格] TAO: 289.2
✅ [数据完整] 成功获取全部 27/27 个币种的数据
[保存] 数据已写入 /home/user/webapp/data/coin_change_tracker/coin_change_20260316.jsonl
[保存] 涨速数据已写入 /home/user/webapp/data/coin_change_tracker/velocity_20260316.jsonl
[统计] 总涨跌幅: 22.47%, 5分钟涨速: -1.75%, 币种数: 27, 上涨占比: 88.5% (23↑/3↓)
[等待] 下次采集时间: 05:12:21

[2026-03-16 05:12:57] 开始采集...
[价格] BTC: 71595.6
[价格] ETH: 2123.96
[价格] XRP: 1.4147
[价格] BNB: 662.7
[价格] SOL: 88.59
[价格] LTC: 55.29
[价格] DOGE: 0.09502
[价格] SUI: 1.0022
[价格] TRX: 0.29815
[价格] TON: 1.303
[价格] ETC: 8.302
[价格] BCH: 461.2
[价格] HBAR: 0.09531
[价格] XLM: 0.16699
[价格] FIL: 0.8894
[价格] LINK: 9.234
[价格] CRO: 0.07755
[价格] DOT: 1.419
[价格] AAVE: 115.25
[价格] UNI: 4.001
[价格] NEAR: 1.3464
[价格] APT: 0.9236
[价格] CFX: 0.06095
[价格] CRV: 0.2424
[价格] STX: 0.2539
[价格] LDO: 0.3054
[价格] TAO: 288.3
[RSI] 开始采集5分钟RSI数据...
[RSI] BTC: 57.29
[RSI] ETH: 63.94
[RSI] XRP: 56.99
[RSI] BNB: 65.12
[RSI] SOL: 65.69
[RSI] LTC: 56.45
[RSI] DOGE: 48.1
[RSI] SUI: 44.44
[RSI] TRX: 30.0
[RSI] TON: 40.0
[RSI] ETC: 44.35
[RSI] BCH: 50.0
[RSI] HBAR: 51.3
[RSI] XLM: 57.59
[RSI] FIL: 48.09
[RSI] LINK: 62.28
[RSI] CRO: 45.0
[RSI] DOT: 50.0
[RSI] AAVE: 52.99
[RSI] UNI: 51.32
[RSI] NEAR: 60.84
[RSI] APT: 44.69
[RSI] CFX: 51.4
[RSI] CRV: 56.92
[RSI] STX: 47.54
[RSI] LDO: 52.11
[RSI] TAO: 72.88
[RSI] 成功采集 27/27 个币种，RSI之和: 1427.32
[保存] RSI数据已写入 /home/user/webapp/data/coin_change_tracker/rsi_20260316.jsonl
✅ [数据完整] 成功获取全部 27/27 个币种的数据
[保存] 数据已写入 /home/user/webapp/data/coin_change_tracker/coin_change_20260316.jsonl
[保存] 涨速数据已写入 /home/user/webapp/data/coin_change_tracker/velocity_20260316.jsonl
[统计] 总涨跌幅: 21.16%, 5分钟涨速: -0.88%, 币种数: 27, 上涨占比: 81.5% (22↑/5↓), RSI之和: 1427.32
[等待] 下次采集时间: 05:13:57

[2026-03-16 05:14:16] 开始采集...
[价格] BTC: 71631.2
[价格] ETH: 2123.1
[价格] XRP: 1.4153
[价格] BNB: 662.7
[价格] SOL: 88.55
[价格] LTC: 55.28
[价格] DOGE: 0.09499
[价格] SUI: 1.0028
[价格] TRX: 0.29816
[价格] TON: 1.302
[价格] ETC: 8.301
[价格] BCH: 461.4
[价格] HBAR: 0.09526
[价格] XLM: 0.16704
[价格] FIL: 0.8896
[价格] LINK: 9.229
[价格] CRO: 0.07748
[价格] DOT: 1.419
[价格] AAVE: 115.08
[价格] UNI: 4.002
[价格] NEAR: 1.3457
[价格] APT: 0.9234
[价格] CFX: 0.06101
[价格] CRV: 0.2424
[价格] STX: 0.2539
[价格] LDO: 0.3054
[价格] TAO: 289.0
✅ [数据完整] 成功获取全部 27/27 个币种的数据
[保存] 数据已写入 /home/user/webapp/data/coin_change_tracker/coin_change_20260316.jsonl
[保存] 涨速数据已写入 /home/user/webapp/data/coin_change_tracker/velocity_20260316.jsonl
[统计] 总涨跌幅: 21.15%, 5分钟涨速: +0.21%, 币种数: 27, 上涨占比: 88.9% (24↑/3↓)
[等待] 下次采集时间: 05:15:16

[2026-03-16 05:15:26] 开始采集...
[价格] BTC: 71639.7
[价格] ETH: 2124.27
[价格] XRP: 1.4158
[价格] BNB: 662.7
[价格] SOL: 88.61
[价格] LTC: 55.28
[价格] DOGE: 0.09506
[价格] SUI: 1.0033
[价格] TRX: 0.2981
[价格] TON: 1.302
[价格] ETC: 8.301
[价格] BCH: 461.5
[价格] HBAR: 0.09535
[价格] XLM: 0.16713
[价格] FIL: 0.8898
[价格] LINK: 9.227
[价格] CRO: 0.07746
[价格] DOT: 1.42
[价格] AAVE: 115.16
[价格] UNI: 4.002
[价格] NEAR: 1.3459
[价格] APT: 0.9241
[价格] CFX: 0.06091
[价格] CRV: 0.2423
[价格] STX: 0.254
[价格] LDO: 0.3053
[价格] TAO: 289.2
✅ [数据完整] 成功获取全部 27/27 个币种的数据
[保存] 数据已写入 /home/user/webapp/data/coin_change_tracker/coin_change_20260316.jsonl
[保存] 涨速数据已写入 /home/user/webapp/data/coin_change_tracker/velocity_20260316.jsonl
[统计] 总涨跌幅: 21.70%, 5分钟涨速: -1.42%, 币种数: 27, 上涨占比: 88.9% (24↑/3↓)
[等待] 下次采集时间: 05:16:26

[2026-03-16 05:16:35] 开始采集...
[价格] BTC: 71677.1
[价格] ETH: 2125.12
[价格] XRP: 1.4156
[价格] BNB: 662.8
[价格] SOL: 88.67
[价格] LTC: 55.32
[价格] DOGE: 0.09507
[价格] SUI: 1.0034
[价格] TRX: 0.2981
[价格] TON: 1.303
[价格] ETC: 8.301
[价格] BCH: 461.6
[价格] HBAR: 0.09539
[价格] XLM: 0.16716
[价格] FIL: 0.8902
[价格] LINK: 9.23
[价格] CRO: 0.07747
[价格] DOT: 1.421
[价格] AAVE: 115.24
[价格] UNI: 4.004
[价格] NEAR: 1.3457
[价格] APT: 0.9244
[价格] CFX: 0.06095
[价格] CRV: 0.2423
[价格] STX: 0.2541
[价格] LDO: 0.3054
[价格] TAO: 288.6
✅ [数据完整] 成功获取全部 27/27 个币种的数据
[保存] 数据已写入 /home/user/webapp/data/coin_change_tracker/coin_change_20260316.jsonl
[保存] 涨速数据已写入 /home/user/webapp/data/coin_change_tracker/velocity_20260316.jsonl
[统计] 总涨跌幅: 22.32%, 5分钟涨速: -0.15%, 币种数: 27, 上涨占比: 88.9% (24↑/3↓)
[等待] 下次采集时间: 05:17:35

[2026-03-16 05:17:45] 开始采集...
[价格] BTC: 71656.2
[价格] ETH: 2124.9
[价格] XRP: 1.4159
[价格] BNB: 663.1
[价格] SOL: 88.69
[价格] LTC: 55.32
[价格] DOGE: 0.09508
[价格] SUI: 1.0038
[价格] TRX: 0.2981
[价格] TON: 1.303
[价格] ETC: 8.299
[价格] BCH: 461.7
[价格] HBAR: 0.09535
[价格] XLM: 0.1671
[价格] FIL: 0.89
[价格] LINK: 9.231
[价格] CRO: 0.07748
[价格] DOT: 1.42
[价格] AAVE: 115.22
[价格] UNI: 4.0
[价格] NEAR: 1.3447
[价格] APT: 0.9241
[价格] CFX: 0.06096
[价格] CRV: 0.2424
[价格] STX: 0.2543
[价格] LDO: 0.3053
[价格] TAO: 288.4
✅ [数据完整] 成功获取全部 27/27 个币种的数据
[保存] 数据已写入 /home/user/webapp/data/coin_change_tracker/coin_change_20260316.jsonl
[保存] 涨速数据已写入 /home/user/webapp/data/coin_change_tracker/velocity_20260316.jsonl
[统计] 总涨跌幅: 22.07%, 5分钟涨速: +0.91%, 币种数: 27, 上涨占比: 88.9% (24↑/3↓)
[等待] 下次采集时间: 05:18:45

[2026-03-16 05:18:54] 开始采集...
[价格] BTC: 71674.0
[价格] ETH: 2125.7
[价格] XRP: 1.4158
[价格] BNB: 663.4
[价格] SOL: 88.7
[价格] LTC: 55.32
[价格] DOGE: 0.09507
[价格] SUI: 1.004
[价格] TRX: 0.2981
[价格] TON: 1.304
[价格] ETC: 8.301
[价格] BCH: 461.9
[价格] HBAR: 0.09537
[价格] XLM: 0.1671
[价格] FIL: 0.89
[价格] LINK: 9.236
[价格] CRO: 0.07745
[价格] DOT: 1.42
[价格] AAVE: 115.19
[价格] UNI: 4.001
[价格] NEAR: 1.3449
[价格] APT: 0.9239
[价格] CFX: 0.06096
[价格] CRV: 0.2424
[价格] STX: 0.2543
[价格] LDO: 0.3052
[价格] TAO: 287.7
[RSI] 开始采集5分钟RSI数据...
[RSI] BTC: 63.88
[RSI] ETH: 66.06
[RSI] XRP: 65.78
[RSI] BNB: 67.78
[RSI] SOL: 71.05
[RSI] LTC: 62.5
[RSI] DOGE: 50.0
[RSI] SUI: 51.24
[RSI] TRX: 30.0
[RSI] TON: 50.0
[RSI] ETC: 46.83
[RSI] BCH: 58.18
[RSI] HBAR: 56.6
[RSI] XLM: 61.51
[RSI] FIL: 51.55
[RSI] LINK: 63.59
[RSI] CRO: 41.67
[RSI] DOT: 47.37
[RSI] AAVE: 49.04
[RSI] UNI: 56.0
[RSI] NEAR: 58.82
[RSI] APT: 45.09
[RSI] CFX: 51.14
[RSI] CRV: 57.14
[RSI] STX: 50.82
[RSI] LDO: 50.68
[RSI] TAO: 62.91
[RSI] 成功采集 27/27 个币种，RSI之和: 1487.23
[保存] RSI数据已写入 /home/user/webapp/data/coin_change_tracker/rsi_20260316.jsonl
✅ [数据完整] 成功获取全部 27/27 个币种的数据
[保存] 数据已写入 /home/user/webapp/data/coin_change_tracker/coin_change_20260316.jsonl
[保存] 涨速数据已写入 /home/user/webapp/data/coin_change_tracker/velocity_20260316.jsonl
[统计] 总涨跌幅: 22.07%, 5分钟涨速: +0.92%, 币种数: 27, 上涨占比: 88.9% (24↑/3↓), RSI之和: 1487.23
[等待] 下次采集时间: 05:19:54

[2026-03-16 05:20:13] 开始采集...
[价格] BTC: 71686.0
[价格] ETH: 2126.41
[价格] XRP: 1.4163
[价格] BNB: 663.4
[价格] SOL: 88.75
[价格] LTC: 55.33
[价格] DOGE: 0.09509
[价格] SUI: 1.0042
[价格] TRX: 0.2981
[价格] TON: 1.303
[价格] ETC: 8.308
[价格] BCH: 462.1
[价格] HBAR: 0.09531
[价格] XLM: 0.1672
[价格] FIL: 0.8898
[价格] LINK: 9.238
[价格] CRO: 0.07743
[价格] DOT: 1.42
[价格] AAVE: 115.19
[价格] UNI: 4.003
[价格] NEAR: 1.3451
[价格] APT: 0.9244
[价格] CFX: 0.06089
[价格] CRV: 0.2425
[价格] STX: 0.2545
[价格] LDO: 0.3052
[价格] TAO: 287.5
✅ [数据完整] 成功获取全部 27/27 个币种的数据
[保存] 数据已写入 /home/user/webapp/data/coin_change_tracker/coin_change_20260316.jsonl
[保存] 涨速数据已写入 /home/user/webapp/data/coin_change_tracker/velocity_20260316.jsonl
[统计] 总涨跌幅: 22.34%, 5分钟涨速: +0.64%, 币种数: 27, 上涨占比: 88.9% (24↑/3↓)
[等待] 下次采集时间: 05:21:13

[2026-03-16 05:21:23] 开始采集...
[价格] BTC: 71690.5
[价格] ETH: 2127.07
[价格] XRP: 1.4178
[价格] BNB: 663.8
[价格] SOL: 88.78
[价格] LTC: 55.37
[价格] DOGE: 0.09525
[价格] SUI: 1.0057
[价格] TRX: 0.2981
[价格] TON: 1.303
[价格] ETC: 8.318
[价格] BCH: 462.1
[价格] HBAR: 0.09541
[价格] XLM: 0.16739
[价格] FIL: 0.8904
[价格] LINK: 9.245
[价格] CRO: 0.07745
[价格] DOT: 1.421
[价格] AAVE: 115.3
[价格] UNI: 4.007
[价格] NEAR: 1.3461
[价格] APT: 0.9256
[价格] CFX: 0.06092
[价格] CRV: 0.2427
[价格] STX: 0.2546
[价格] LDO: 0.3056
[价格] TAO: 290.4
✅ [数据完整] 成功获取全部 27/27 个币种的数据
[保存] 数据已写入 /home/user/webapp/data/coin_change_tracker/coin_change_20260316.jsonl
[保存] 涨速数据已写入 /home/user/webapp/data/coin_change_tracker/velocity_20260316.jsonl
[统计] 总涨跌幅: 25.32%, 5分钟涨速: +3.00%, 币种数: 27, 上涨占比: 88.9% (24↑/3↓)
[等待] 下次采集时间: 05:22:23

[2026-03-16 05:22:32] 开始采集...
[价格] BTC: 71687.9
[价格] ETH: 2126.9
[价格] XRP: 1.418
[价格] BNB: 663.8
[价格] SOL: 88.79
[价格] LTC: 55.37
[价格] DOGE: 0.09526
[价格] SUI: 1.0056
[价格] TRX: 0.2981
[价格] TON: 1.303
[价格] ETC: 8.318
[价格] BCH: 462.1
[价格] HBAR: 0.0954
[价格] XLM: 0.16745
[价格] FIL: 0.8904
[价格] LINK: 9.245
[价格] CRO: 0.07745
[价格] DOT: 1.422
[价格] AAVE: 115.41
[价格] UNI: 4.008
[价格] NEAR: 1.3462
[价格] APT: 0.9253
[价格] CFX: 0.06093
[价格] CRV: 0.2426
[价格] STX: 0.2547
[价格] LDO: 0.3054
[价格] TAO: 290.9
✅ [数据完整] 成功获取全部 27/27 个币种的数据
[保存] 数据已写入 /home/user/webapp/data/coin_change_tracker/coin_change_20260316.jsonl
[保存] 涨速数据已写入 /home/user/webapp/data/coin_change_tracker/velocity_20260316.jsonl
[统计] 总涨跌幅: 25.63%, 5分钟涨速: +3.56%, 币种数: 27, 上涨占比: 88.9% (24↑/3↓)
[等待] 下次采集时间: 05:23:32

[2026-03-16 05:23:42] 开始采集...
[价格] BTC: 71688.1
[价格] ETH: 2128.0
[价格] XRP: 1.4181
[价格] BNB: 663.7
[价格] SOL: 88.8
[价格] LTC: 55.38
[价格] DOGE: 0.09523
[价格] SUI: 1.0058
[价格] TRX: 0.29818
[价格] TON: 1.303
[价格] ETC: 8.319
[价格] BCH: 462.1
[价格] HBAR: 0.09541
[价格] XLM: 0.16746
[价格] FIL: 0.8902
[价格] LINK: 9.243
[价格] CRO: 0.07745
[价格] DOT: 1.422
[价格] AAVE: 115.31
[价格] UNI: 4.008
[价格] NEAR: 1.3464
[价格] APT: 0.9254
[价格] CFX: 0.06081
[价格] CRV: 0.2426
[价格] STX: 0.2547
[价格] LDO: 0.3055
[价格] TAO: 291.4
✅ [数据完整] 成功获取全部 27/27 个币种的数据
[保存] 数据已写入 /home/user/webapp/data/coin_change_tracker/coin_change_20260316.jsonl
[保存] 涨速数据已写入 /home/user/webapp/data/coin_change_tracker/velocity_20260316.jsonl
[统计] 总涨跌幅: 25.68%, 5分钟涨速: +3.61%, 币种数: 27, 上涨占比: 88.9% (24↑/3↓)
[等待] 下次采集时间: 05:24:42

[2026-03-16 05:24:51] 开始采集...
[价格] BTC: 71692.6
[价格] ETH: 2127.81
[价格] XRP: 1.4178
[价格] BNB: 663.7
[价格] SOL: 88.78
[价格] LTC: 55.39
[价格] DOGE: 0.09526
[价格] SUI: 1.0058
[价格] TRX: 0.29818
[价格] TON: 1.303
[价格] ETC: 8.315
[价格] BCH: 462.1
[价格] HBAR: 0.09534
[价格] XLM: 0.16753
[价格] FIL: 0.8905
[价格] LINK: 9.242
[价格] CRO: 0.07745
[价格] DOT: 1.422
[价格] AAVE: 115.3
[价格] UNI: 4.008
[价格] NEAR: 1.3462
[价格] APT: 0.9253
[价格] CFX: 0.06074
[价格] CRV: 0.2426
[价格] STX: 0.2547
[价格] LDO: 0.3055
[价格] TAO: 290.9
[RSI] 开始采集5分钟RSI数据...
[RSI] BTC: 66.08
[RSI] ETH: 69.84
[RSI] XRP: 67.34
[RSI] BNB: 76.19
[RSI] SOL: 77.03
[RSI] LTC: 74.6
[RSI] DOGE: 60.12
[RSI] SUI: 60.2
[RSI] TRX: 42.05
[RSI] TON: 50.0
[RSI] ETC: 58.82
[RSI] BCH: 66.04
[RSI] HBAR: 61.38
[RSI] XLM: 68.28
[RSI] FIL: 61.45
[RSI] LINK: 67.22
[RSI] CRO: 44.23
[RSI] DOT: 63.64
[RSI] AAVE: 57.5
[RSI] UNI: 62.16
[RSI] NEAR: 65.0
[RSI] APT: 57.59
[RSI] CFX: 42.65
[RSI] CRV: 55.56
[RSI] STX: 60.0
[RSI] LDO: 60.61
[RSI] TAO: 68.65
[RSI] 成功采集 27/27 个币种，RSI之和: 1664.23
[保存] RSI数据已写入 /home/user/webapp/data/coin_change_tracker/rsi_20260316.jsonl
✅ [数据完整] 成功获取全部 27/27 个币种的数据
[保存] 数据已写入 /home/user/webapp/data/coin_change_tracker/coin_change_20260316.jsonl
[保存] 涨速数据已写入 /home/user/webapp/data/coin_change_tracker/velocity_20260316.jsonl
[统计] 总涨跌幅: 25.31%, 5分钟涨速: +2.97%, 币种数: 27, 上涨占比: 88.9% (24↑/3↓), RSI之和: 1664.23
[等待] 下次采集时间: 05:25:51

[2026-03-16 05:26:10] 开始采集...
[价格] BTC: 71744.7
[价格] ETH: 2130.3
[价格] XRP: 1.4193
[价格] BNB: 664.1
[价格] SOL: 88.89
[价格] LTC: 55.43
[价格] DOGE: 0.09537
[价格] SUI: 1.0074
[价格] TRX: 0.29818
[价格] TON: 1.304
[价格] ETC: 8.329
[价格] BCH: 462.5
[价格] HBAR: 0.09546
[价格] XLM: 0.16784
[价格] FIL: 0.8918
[价格] LINK: 9.258
[价格] CRO: 0.07739
[价格] DOT: 1.427
[价格] AAVE: 115.5
[价格] UNI: 4.013
[价格] NEAR: 1.3477
[价格] APT: 0.927
[价格] CFX: 0.06076
[价格] CRV: 0.2434
[价格] STX: 0.2551
[价格] LDO: 0.3059
[价格] TAO: 290.5
✅ [数据完整] 成功获取全部 27/27 个币种的数据
[保存] 数据已写入 /home/user/webapp/data/coin_change_tracker/coin_change_20260316.jsonl
[保存] 涨速数据已写入 /home/user/webapp/data/coin_change_tracker/velocity_20260316.jsonl
[统计] 总涨跌幅: 28.48%, 5分钟涨速: +3.16%, 币种数: 27, 上涨占比: 92.6% (25↑/2↓)
[等待] 下次采集时间: 05:27:10

[2026-03-16 05:27:20] 开始采集...
[价格] BTC: 71758.7
[价格] ETH: 2129.95
[价格] XRP: 1.4196
[价格] BNB: 664.2
[价格] SOL: 88.93
[价格] LTC: 55.45
[价格] DOGE: 0.09537
[价格] SUI: 1.0079
[价格] TRX: 0.29822
[价格] TON: 1.304
[价格] ETC: 8.332
[价格] BCH: 462.4
[价格] HBAR: 0.09549
[价格] XLM: 0.16794
[价格] FIL: 0.8921
[价格] LINK: 9.257
[价格] CRO: 0.07742
[价格] DOT: 1.428
[价格] AAVE: 115.44
[价格] UNI: 4.015
[价格] NEAR: 1.3475
[价格] APT: 0.9276
[价格] CFX: 0.06075
[价格] CRV: 0.2435
[价格] STX: 0.2552
[价格] LDO: 0.306
[价格] TAO: 290.2
✅ [数据完整] 成功获取全部 27/27 个币种的数据
[保存] 数据已写入 /home/user/webapp/data/coin_change_tracker/coin_change_20260316.jsonl
[保存] 涨速数据已写入 /home/user/webapp/data/coin_change_tracker/velocity_20260316.jsonl
[统计] 总涨跌幅: 28.95%, 5分钟涨速: +3.32%, 币种数: 27, 上涨占比: 92.6% (25↑/2↓)
[等待] 下次采集时间: 05:28:20

[2026-03-16 05:28:29] 开始采集...
[价格] BTC: 71747.5
[价格] ETH: 2129.05
[价格] XRP: 1.4186
[价格] BNB: 664.1
[价格] SOL: 88.91
[价格] LTC: 55.43
[价格] DOGE: 0.0953
[价格] SUI: 1.007
[价格] TRX: 0.29821
[价格] TON: 1.304
[价格] ETC: 8.33
[价格] BCH: 462.2
[价格] HBAR: 0.09544
[价格] XLM: 0.16791
[价格] FIL: 0.8913
[价格] LINK: 9.253
[价格] CRO: 0.07742
[价格] DOT: 1.425
[价格] AAVE: 115.38
[价格] UNI: 4.013
[价格] NEAR: 1.3468
[价格] APT: 0.9269
[价格] CFX: 0.06085
[价格] CRV: 0.2434
[价格] STX: 0.2551
[价格] LDO: 0.3057
[价格] TAO: 288.9
✅ [数据完整] 成功获取全部 27/27 个币种的数据
[保存] 数据已写入 /home/user/webapp/data/coin_change_tracker/coin_change_20260316.jsonl
[保存] 涨速数据已写入 /home/user/webapp/data/coin_change_tracker/velocity_20260316.jsonl
[统计] 总涨跌幅: 27.40%, 5分钟涨速: +1.72%, 币种数: 27, 上涨占比: 92.3% (24↑/2↓)
[等待] 下次采集时间: 05:29:29

[2026-03-16 05:29:39] 开始采集...
[价格] BTC: 71722.9
[价格] ETH: 2128.8
[价格] XRP: 1.4182
[价格] BNB: 664.0
[价格] SOL: 88.81
[价格] LTC: 55.42
[价格] DOGE: 0.09523
[价格] SUI: 1.0058
[价格] TRX: 0.29822
[价格] TON: 1.303
[价格] ETC: 8.328
[价格] BCH: 462.0
[价格] HBAR: 0.09535
[价格] XLM: 0.16783
[价格] FIL: 0.8907
[价格] LINK: 9.248
[价格] CRO: 0.07742
[价格] DOT: 1.425
[价格] AAVE: 115.33
[价格] UNI: 4.014
[价格] NEAR: 1.3468
[价格] APT: 0.9264
[价格] CFX: 0.06079
[价格] CRV: 0.2432
[价格] STX: 0.2549
[价格] LDO: 0.3058
[价格] TAO: 288.3
✅ [数据完整] 成功获取全部 27/27 个币种的数据
[保存] 数据已写入 /home/user/webapp/data/coin_change_tracker/coin_change_20260316.jsonl
[保存] 涨速数据已写入 /home/user/webapp/data/coin_change_tracker/velocity_20260316.jsonl
[统计] 总涨跌幅: 26.05%, 5分钟涨速: +0.74%, 币种数: 27, 上涨占比: 88.9% (24↑/3↓)
[等待] 下次采集时间: 05:30:39

[2026-03-16 05:30:48] 开始采集...
[价格] BTC: 71754.0
[价格] ETH: 2129.86
[价格] XRP: 1.4187
[价格] BNB: 664.2
[价格] SOL: 88.84
[价格] LTC: 55.43
[价格] DOGE: 0.09526
[价格] SUI: 1.0062
[价格] TRX: 0.29822
[价格] TON: 1.303
[价格] ETC: 8.331
[价格] BCH: 462.3
[价格] HBAR: 0.09535
[价格] XLM: 0.16785
[价格] FIL: 0.8911
[价格] LINK: 9.257
[价格] CRO: 0.07748
[价格] DOT: 1.425
[价格] AAVE: 115.46
[价格] UNI: 4.016
[价格] NEAR: 1.3468
[价格] APT: 0.9267
[价格] CFX: 0.06082
[价格] CRV: 0.2434
[价格] STX: 0.2549
[价格] LDO: 0.306
[价格] TAO: 288.3
[RSI] 开始采集5分钟RSI数据...
[RSI] BTC: 69.14
[RSI] ETH: 69.91
[RSI] XRP: 67.68
[RSI] BNB: 76.47
[RSI] SOL: 76.55
[RSI] LTC: 75.38
[RSI] DOGE: 57.71
[RSI] SUI: 60.1
[RSI] TRX: 51.9
[RSI] TON: 50.0
[RSI] ETC: 62.88
[RSI] BCH: 64.15
[RSI] HBAR: 60.56
[RSI] XLM: 70.79
[RSI] FIL: 62.94
[RSI] LINK: 69.43
[RSI] CRO: 46.02
[RSI] DOT: 65.22
[RSI] AAVE: 61.45
[RSI] UNI: 64.56
[RSI] NEAR: 68.11
[RSI] APT: 60.61
[RSI] CFX: 49.22
[RSI] CRV: 59.49
[RSI] STX: 60.0
[RSI] LDO: 63.38
[RSI] TAO: 62.56
[RSI] 成功采集 27/27 个币种，RSI之和: 1706.21
[保存] RSI数据已写入 /home/user/webapp/data/coin_change_tracker/rsi_20260316.jsonl
✅ [数据完整] 成功获取全部 27/27 个币种的数据
[保存] 数据已写入 /home/user/webapp/data/coin_change_tracker/coin_change_20260316.jsonl
[保存] 涨速数据已写入 /home/user/webapp/data/coin_change_tracker/velocity_20260316.jsonl
[统计] 总涨跌幅: 27.05%, 5分钟涨速: -1.43%, 币种数: 27, 上涨占比: 92.6% (25↑/2↓), RSI之和: 1706.21
[等待] 下次采集时间: 05:31:48

[2026-03-16 05:32:07] 开始采集...
[价格] BTC: 71784.1
[价格] ETH: 2130.57
[价格] XRP: 1.4189
[价格] BNB: 664.3
[价格] SOL: 88.88
[价格] LTC: 55.43
[价格] DOGE: 0.09528
[价格] SUI: 1.006
[价格] TRX: 0.29821
[价格] TON: 1.303
[价格] ETC: 8.329
[价格] BCH: 462.2
[价格] HBAR: 0.09538
[价格] XLM: 0.1678
[价格] FIL: 0.8909
[价格] LINK: 9.253
[价格] CRO: 0.0775
[价格] DOT: 1.425
[价格] AAVE: 115.35
[价格] UNI: 4.014
[价格] NEAR: 1.3476
[价格] APT: 0.9266
[价格] CFX: 0.06079
[价格] CRV: 0.2431
[价格] STX: 0.2549
[价格] LDO: 0.3059
[价格] TAO: 288.6
✅ [数据完整] 成功获取全部 27/27 个币种的数据
[保存] 数据已写入 /home/user/webapp/data/coin_change_tracker/coin_change_20260316.jsonl
[保存] 涨速数据已写入 /home/user/webapp/data/coin_change_tracker/velocity_20260316.jsonl
[统计] 总涨跌幅: 26.95%, 5分钟涨速: -2.00%, 币种数: 27, 上涨占比: 92.3% (24↑/2↓)
[等待] 下次采集时间: 05:33:07

[2026-03-16 05:33:16] 开始采集...
[价格] BTC: 71876.5
[价格] ETH: 2134.29
[价格] XRP: 1.4217
[价格] BNB: 665.4
[价格] SOL: 89.36
[价格] LTC: 55.48
[价格] DOGE: 0.09547
[价格] SUI: 1.0078
[价格] TRX: 0.29832
[价格] TON: 1.304
[价格] ETC: 8.34
[价格] BCH: 462.9
[价格] HBAR: 0.09556
[价格] XLM: 0.16816
[价格] FIL: 0.8921
[价格] LINK: 9.277
[价格] CRO: 0.07755
[价格] DOT: 1.427
[价格] AAVE: 115.55
[价格] UNI: 4.018
[价格] NEAR: 1.3499
[价格] APT: 0.9273
[价格] CFX: 0.06084
[价格] CRV: 0.2429
[价格] STX: 0.2553
[价格] LDO: 0.3063
[价格] TAO: 289.5
✅ [数据完整] 成功获取全部 27/27 个币种的数据
[保存] 数据已写入 /home/user/webapp/data/coin_change_tracker/coin_change_20260316.jsonl
[保存] 涨速数据已写入 /home/user/webapp/data/coin_change_tracker/velocity_20260316.jsonl
[统计] 总涨跌幅: 31.16%, 5分钟涨速: +3.76%, 币种数: 27, 上涨占比: 92.6% (25↑/2↓)
[等待] 下次采集时间: 05:34:16

[2026-03-16 05:34:26] 开始采集...
[价格] BTC: 71943.8
[价格] ETH: 2133.89
[价格] XRP: 1.4232
[价格] BNB: 666.1
[价格] SOL: 89.65
[价格] LTC: 55.55
[价格] DOGE: 0.09557
[价格] SUI: 1.0094
[价格] TRX: 0.29837
[价格] TON: 1.305
[价格] ETC: 8.352
[价格] BCH: 463.4
[价格] HBAR: 0.0957
[价格] XLM: 0.16823
[价格] FIL: 0.8929
[价格] LINK: 9.29
[价格] CRO: 0.07756
[价格] DOT: 1.428
[价格] AAVE: 115.72
[价格] UNI: 4.027
[价格] NEAR: 1.3506
[价格] APT: 0.9283
[价格] CFX: 0.06092
[价格] CRV: 0.2427
[价格] STX: 0.2557
[价格] LDO: 0.3066
[价格] TAO: 289.0
✅ [数据完整] 成功获取全部 27/27 个币种的数据
[保存] 数据已写入 /home/user/webapp/data/coin_change_tracker/coin_change_20260316.jsonl
[保存] 涨速数据已写入 /home/user/webapp/data/coin_change_tracker/velocity_20260316.jsonl
[统计] 总涨跌幅: 33.68%, 5分钟涨速: +7.63%, 币种数: 27, 上涨占比: 92.6% (25↑/2↓)
[等待] 下次采集时间: 05:35:26

[2026-03-16 05:35:35] 开始采集...
[价格] BTC: 71940.0
[价格] ETH: 2133.86
[价格] XRP: 1.4229
[价格] BNB: 665.8
[价格] SOL: 89.57
[价格] LTC: 55.53
[价格] DOGE: 0.09554
[价格] SUI: 1.0093
[价格] TRX: 0.29829
[价格] TON: 1.305
[价格] ETC: 8.353
[价格] BCH: 463.3
[价格] HBAR: 0.09564
[价格] XLM: 0.16799
[价格] FIL: 0.8922
[价格] LINK: 9.286
[价格] CRO: 0.07757
[价格] DOT: 1.428
[价格] AAVE: 115.7
[价格] UNI: 4.028
[价格] NEAR: 1.3509
[价格] APT: 0.9278
[价格] CFX: 0.06112
[价格] CRV: 0.2426
[价格] STX: 0.2555
[价格] LDO: 0.3066
[价格] TAO: 288.4
✅ [数据完整] 成功获取全部 27/27 个币种的数据
[保存] 数据已写入 /home/user/webapp/data/coin_change_tracker/coin_change_20260316.jsonl
[保存] 涨速数据已写入 /home/user/webapp/data/coin_change_tracker/velocity_20260316.jsonl
[统计] 总涨跌幅: 33.05%, 5分钟涨速: +6.00%, 币种数: 27, 上涨占比: 92.6% (25↑/2↓)
[等待] 下次采集时间: 05:36:35

[2026-03-16 05:36:45] 开始采集...
[价格] BTC: 71911.3
[价格] ETH: 2133.81
[价格] XRP: 1.4235
[价格] BNB: 665.8
[价格] SOL: 89.62
[价格] LTC: 55.58
[价格] DOGE: 0.09568
[价格] SUI: 1.0098
[价格] TRX: 0.29827
[价格] TON: 1.305
[价格] ETC: 8.355
[价格] BCH: 463.5
[价格] HBAR: 0.09565
[价格] XLM: 0.16834
[价格] FIL: 0.8925
[价格] LINK: 9.29
[价格] CRO: 0.07763
[价格] DOT: 1.427
[价格] AAVE: 115.74
[价格] UNI: 4.03
[价格] NEAR: 1.3528
[价格] APT: 0.9281
[价格] CFX: 0.06101
[价格] CRV: 0.2424
[价格] STX: 0.2557
[价格] LDO: 0.3065
[价格] TAO: 288.3
[RSI] 开始采集5分钟RSI数据...
[RSI] BTC: 76.18
[RSI] ETH: 71.69
[RSI] XRP: 73.77
[RSI] BNB: 79.8
[RSI] SOL: 84.47
[RSI] LTC: 80.25
[RSI] DOGE: 66.2
[RSI] SUI: 66.53
[RSI] TRX: 54.37
[RSI] TON: 60.0
[RSI] ETC: 68.39
[RSI] BCH: 69.84
[RSI] HBAR: 68.24
[RSI] XLM: 75.62
[RSI] FIL: 65.38
[RSI] LINK: 73.66
[RSI] CRO: 51.97
[RSI] DOT: 65.38
[RSI] AAVE: 66.29
[RSI] UNI: 69.89
[RSI] NEAR: 73.87
[RSI] APT: 68.45
[RSI] CFX: 56.65
[RSI] CRV: 54.65
[RSI] STX: 65.08
[RSI] LDO: 64.0
[RSI] TAO: 59.41
[RSI] 成功采集 27/27 个币种，RSI之和: 1830.03
[保存] RSI数据已写入 /home/user/webapp/data/coin_change_tracker/rsi_20260316.jsonl
✅ [数据完整] 成功获取全部 27/27 个币种的数据
[保存] 数据已写入 /home/user/webapp/data/coin_change_tracker/coin_change_20260316.jsonl
[保存] 涨速数据已写入 /home/user/webapp/data/coin_change_tracker/velocity_20260316.jsonl
[统计] 总涨跌幅: 33.77%, 5分钟涨速: +6.82%, 币种数: 27, 上涨占比: 96.3% (26↑/1↓), RSI之和: 1830.03
[等待] 下次采集时间: 05:37:45

[2026-03-16 05:38:05] 开始采集...
[价格] BTC: 72107.2
[价格] ETH: 2141.9
[价格] XRP: 1.4278
[价格] BNB: 667.8
[价格] SOL: 89.94
[价格] LTC: 55.68
[价格] DOGE: 0.09588
[价格] SUI: 1.0132
[价格] TRX: 0.29835
[价格] TON: 1.306
[价格] ETC: 8.39
[价格] BCH: 464.5
[价格] HBAR: 0.09586
[价格] XLM: 0.16885
[价格] FIL: 0.8945
[价格] LINK: 9.318
[价格] CRO: 0.07782
[价格] DOT: 1.432
[价格] AAVE: 115.9
[价格] UNI: 4.045
[价格] NEAR: 1.3601
[价格] APT: 0.9314
[价格] CFX: 0.06111
[价格] CRV: 0.2437
[价格] STX: 0.2565
[价格] LDO: 0.3072
[价格] TAO: 288.9
✅ [数据完整] 成功获取全部 27/27 个币种的数据
[保存] 数据已写入 /home/user/webapp/data/coin_change_tracker/coin_change_20260316.jsonl
[保存] 涨速数据已写入 /home/user/webapp/data/coin_change_tracker/velocity_20260316.jsonl
[统计] 总涨跌幅: 41.43%, 5分钟涨速: +10.27%, 币种数: 27, 上涨占比: 96.3% (26↑/1↓)
[等待] 下次采集时间: 05:39:05

[2026-03-16 05:39:14] 开始采集...
[价格] BTC: 72151.6
[价格] ETH: 2140.51
[价格] XRP: 1.4284
[价格] BNB: 667.9
[价格] SOL: 89.98
[价格] LTC: 55.69
[价格] DOGE: 0.09597
[价格] SUI: 1.0151
[价格] TRX: 0.29835
[价格] TON: 1.307
[价格] ETC: 8.388
[价格] BCH: 464.7
[价格] HBAR: 0.09596
[价格] XLM: 0.16901
[价格] FIL: 0.8957
[价格] LINK: 9.32
[价格] CRO: 0.07783
[价格] DOT: 1.431
[价格] AAVE: 116.1
[价格] UNI: 4.045
[价格] NEAR: 1.3605
[价格] APT: 0.9318
[价格] CFX: 0.0611
[价格] CRV: 0.2437
[价格] STX: 0.2563
[价格] LDO: 0.3074
[价格] TAO: 288.5
✅ [数据完整] 成功获取全部 27/27 个币种的数据
[保存] 数据已写入 /home/user/webapp/data/coin_change_tracker/coin_change_20260316.jsonl
[保存] 涨速数据已写入 /home/user/webapp/data/coin_change_tracker/velocity_20260316.jsonl
[统计] 总涨跌幅: 42.32%, 5分钟涨速: +8.64%, 币种数: 27, 上涨占比: 96.3% (26↑/1↓)
[等待] 下次采集时间: 05:40:14

[2026-03-16 05:40:24] 开始采集...
[价格] BTC: 72016.5
[价格] ETH: 2135.2
[价格] XRP: 1.4261
[价格] BNB: 667.1
[价格] SOL: 89.69
[价格] LTC: 55.65
[价格] DOGE: 0.09577
[价格] SUI: 1.0121
[价格] TRX: 0.29835
[价格] TON: 1.307
[价格] ETC: 8.367
[价格] BCH: 464.4
[价格] HBAR: 0.09587
[价格] XLM: 0.16878
[价格] FIL: 0.8945
[价格] LINK: 9.295
[价格] CRO: 0.07779
[价格] DOT: 1.428
[价格] AAVE: 116.02
[价格] UNI: 4.039
[价格] NEAR: 1.3574
[价格] APT: 0.9313
[价格] CFX: 0.06082
[价格] CRV: 0.2436
[价格] STX: 0.2562
[价格] LDO: 0.3068
[价格] TAO: 288.2
✅ [数据完整] 成功获取全部 27/27 个币种的数据
[保存] 数据已写入 /home/user/webapp/data/coin_change_tracker/coin_change_20260316.jsonl
[保存] 涨速数据已写入 /home/user/webapp/data/coin_change_tracker/velocity_20260316.jsonl
[统计] 总涨跌幅: 38.08%, 5分钟涨速: +5.03%, 币种数: 27, 上涨占比: 96.3% (26↑/1↓)
[等待] 下次采集时间: 05:41:24

[2026-03-16 05:41:33] 开始采集...
[价格] BTC: 72050.2
[价格] ETH: 2137.71
[价格] XRP: 1.4266
[价格] BNB: 667.4
[价格] SOL: 89.75
[价格] LTC: 55.67
[价格] DOGE: 0.09592
[价格] SUI: 1.0131
[价格] TRX: 0.29835
[价格] TON: 1.307
[价格] ETC: 8.384
[价格] BCH: 464.3
[价格] HBAR: 0.0959
[价格] XLM: 0.16882
[价格] FIL: 0.8946
[价格] LINK: 9.298
[价格] CRO: 0.07781
[价格] DOT: 1.429
[价格] AAVE: 116.07
[价格] UNI: 4.039
[价格] NEAR: 1.3563
[价格] APT: 0.9311
[价格] CFX: 0.0609
[价格] CRV: 0.2437
[价格] STX: 0.2561
[价格] LDO: 0.3069
[价格] TAO: 288.6
✅ [数据完整] 成功获取全部 27/27 个币种的数据
[保存] 数据已写入 /home/user/webapp/data/coin_change_tracker/coin_change_20260316.jsonl
[保存] 涨速数据已写入 /home/user/webapp/data/coin_change_tracker/velocity_20260316.jsonl
[统计] 总涨跌幅: 39.36%, 5分钟涨速: +5.59%, 币种数: 27, 上涨占比: 96.3% (26↑/1↓)
[等待] 下次采集时间: 05:42:33

[2026-03-16 05:42:43] 开始采集...
[价格] BTC: 72051.6
[价格] ETH: 2137.55
[价格] XRP: 1.4263
[价格] BNB: 667.3
[价格] SOL: 89.66
[价格] LTC: 55.67
[价格] DOGE: 0.09582
[价格] SUI: 1.0136
[价格] TRX: 0.29858
[价格] TON: 1.307
[价格] ETC: 8.382
[价格] BCH: 464.2
[价格] HBAR: 0.0959
[价格] XLM: 0.16879
[价格] FIL: 0.8946
[价格] LINK: 9.298
[价格] CRO: 0.07781
[价格] DOT: 1.428
[价格] AAVE: 116.02
[价格] UNI: 4.04
[价格] NEAR: 1.3562
[价格] APT: 0.9313
[价格] CFX: 0.06099
[价格] CRV: 0.2437
[价格] STX: 0.2559
[价格] LDO: 0.3068
[价格] TAO: 288.9
[RSI] 开始采集5分钟RSI数据...
[RSI] BTC: 73.31
[RSI] ETH: 67.28
[RSI] XRP: 70.78
[RSI] BNB: 77.27
[RSI] SOL: 77.18
[RSI] LTC: 78.08
[RSI] DOGE: 61.06
[RSI] SUI: 64.47
[RSI] TRX: 51.81
[RSI] TON: 60.0
[RSI] ETC: 68.99
[RSI] BCH: 67.65
[RSI] HBAR: 65.24
[RSI] XLM: 70.99
[RSI] FIL: 61.88
[RSI] LINK: 63.95
[RSI] CRO: 50.41
[RSI] DOT: 65.52
[RSI] AAVE: 58.9
[RSI] UNI: 65.52
[RSI] NEAR: 68.96
[RSI] APT: 67.28
[RSI] CFX: 54.72
[RSI] CRV: 55.95
[RSI] STX: 58.06
[RSI] LDO: 55.88
[RSI] TAO: 62.31
[RSI] 成功采集 27/27 个币种，RSI之和: 1743.45
[保存] RSI数据已写入 /home/user/webapp/data/coin_change_tracker/rsi_20260316.jsonl
✅ [数据完整] 成功获取全部 27/27 个币种的数据
[保存] 数据已写入 /home/user/webapp/data/coin_change_tracker/coin_change_20260316.jsonl
[保存] 涨速数据已写入 /home/user/webapp/data/coin_change_tracker/velocity_20260316.jsonl
[统计] 总涨跌幅: 39.22%, 5分钟涨速: -2.21%, 币种数: 27, 上涨占比: 100.0% (26↑/0↓), RSI之和: 1743.45
[等待] 下次采集时间: 05:43:43

[2026-03-16 05:44:02] 开始采集...
[价格] BTC: 72036.5
[价格] ETH: 2137.93
[价格] XRP: 1.4267
[价格] BNB: 667.6
[价格] SOL: 89.7
[价格] LTC: 55.68
[价格] DOGE: 0.09581
[价格] SUI: 1.0139
[价格] TRX: 0.29805
[价格] TON: 1.308
[价格] ETC: 8.382
[价格] BCH: 464.4
[价格] HBAR: 0.09589
[价格] XLM: 0.16884
[价格] FIL: 0.8948
[价格] LINK: 9.299
[价格] CRO: 0.07779
[价格] DOT: 1.429
[价格] AAVE: 116.05
[价格] UNI: 4.042
[价格] NEAR: 1.356
[价格] APT: 0.9317
[价格] CFX: 0.06098
[价格] CRV: 0.2436
[价格] STX: 0.2559
[价格] LDO: 0.3072
[价格] TAO: 287.5
✅ [数据完整] 成功获取全部 27/27 个币种的数据
[保存] 数据已写入 /home/user/webapp/data/coin_change_tracker/coin_change_20260316.jsonl
[保存] 涨速数据已写入 /home/user/webapp/data/coin_change_tracker/velocity_20260316.jsonl
[统计] 总涨跌幅: 39.10%, 5分钟涨速: -3.22%, 币种数: 27, 上涨占比: 96.3% (26↑/1↓)
[等待] 下次采集时间: 05:45:02

[2026-03-16 05:45:11] 开始采集...
[价格] BTC: 72092.8
[价格] ETH: 2140.24
[价格] XRP: 1.4272
[价格] BNB: 667.7
[价格] SOL: 89.76
[价格] LTC: 55.67
[价格] DOGE: 0.09584
[价格] SUI: 1.0142
[价格] TRX: 0.29805
[价格] TON: 1.308
[价格] ETC: 8.383
[价格] BCH: 464.4
[价格] HBAR: 0.09589
[价格] XLM: 0.16882
[价格] FIL: 0.8945
[价格] LINK: 9.301
[价格] CRO: 0.07781
[价格] DOT: 1.429
[价格] AAVE: 116.05
[价格] UNI: 4.042
[价格] NEAR: 1.3562
[价格] APT: 0.9316
[价格] CFX: 0.06107
[价格] CRV: 0.2435
[价格] STX: 0.2559
[价格] LDO: 0.307
[价格] TAO: 287.7
✅ [数据完整] 成功获取全部 27/27 个币种的数据
[保存] 数据已写入 /home/user/webapp/data/coin_change_tracker/coin_change_20260316.jsonl
[保存] 涨速数据已写入 /home/user/webapp/data/coin_change_tracker/velocity_20260316.jsonl
[统计] 总涨跌幅: 39.59%, 5分钟涨速: +1.51%, 币种数: 27, 上涨占比: 96.3% (26↑/1↓)
[等待] 下次采集时间: 05:46:11

[2026-03-16 05:46:21] 开始采集...
[价格] BTC: 72148.5
[价格] ETH: 2140.99
[价格] XRP: 1.4268
[价格] BNB: 668.0
[价格] SOL: 89.95
[价格] LTC: 55.69
[价格] DOGE: 0.09586
[价格] SUI: 1.0152
[价格] TRX: 0.29812
[价格] TON: 1.308
[价格] ETC: 8.385
[价格] BCH: 464.4
[价格] HBAR: 0.09595
[价格] XLM: 0.16894
[价格] FIL: 0.8948
[价格] LINK: 9.311
[价格] CRO: 0.07783
[价格] DOT: 1.428
[价格] AAVE: 116.11
[价格] UNI: 4.045
[价格] NEAR: 1.3566
[价格] APT: 0.9322
[价格] CFX: 0.06117
[价格] CRV: 0.2438
[价格] STX: 0.2561
[价格] LDO: 0.3072
[价格] TAO: 286.9
✅ [数据完整] 成功获取全部 27/27 个币种的数据
[保存] 数据已写入 /home/user/webapp/data/coin_change_tracker/coin_change_20260316.jsonl
[保存] 涨速数据已写入 /home/user/webapp/data/coin_change_tracker/velocity_20260316.jsonl
[统计] 总涨跌幅: 40.73%, 5分钟涨速: +1.37%, 币种数: 27, 上涨占比: 96.3% (26↑/1↓)
[等待] 下次采集时间: 05:47:21

[2026-03-16 05:47:30] 开始采集...
[价格] BTC: 72026.6
[价格] ETH: 2136.3
[价格] XRP: 1.4248
[价格] BNB: 666.9
[价格] SOL: 89.81
[价格] LTC: 55.61
[价格] DOGE: 0.09566
[价格] SUI: 1.0133
[价格] TRX: 0.2982
[价格] TON: 1.308
[价格] ETC: 8.378
[价格] BCH: 464.1
[价格] HBAR: 0.09581
[价格] XLM: 0.1687
[价格] FIL: 0.8936
[价格] LINK: 9.298
[价格] CRO: 0.0779
[价格] DOT: 1.428
[价格] AAVE: 115.79
[价格] UNI: 4.039
[价格] NEAR: 1.354
[价格] APT: 0.931
[价格] CFX: 0.06113
[价格] CRV: 0.2436
[价格] STX: 0.256
[价格] LDO: 0.3069
[价格] TAO: 286.8
✅ [数据完整] 成功获取全部 27/27 个币种的数据
[保存] 数据已写入 /home/user/webapp/data/coin_change_tracker/coin_change_20260316.jsonl
[保存] 涨速数据已写入 /home/user/webapp/data/coin_change_tracker/velocity_20260316.jsonl
[统计] 总涨跌幅: 37.64%, 5分钟涨速: -1.58%, 币种数: 27, 上涨占比: 96.3% (26↑/1↓)
[等待] 下次采集时间: 05:48:30

[2026-03-16 05:48:40] 开始采集...
[价格] BTC: 72045.7
[价格] ETH: 2137.27
[价格] XRP: 1.4258
[价格] BNB: 666.9
[价格] SOL: 89.8
[价格] LTC: 55.6
[价格] DOGE: 0.09573
[价格] SUI: 1.0131
[价格] TRX: 0.29819
[价格] TON: 1.307
[价格] ETC: 8.375
[价格] BCH: 463.9
[价格] HBAR: 0.09579
[价格] XLM: 0.16865
[价格] FIL: 0.8933
[价格] LINK: 9.295
[价格] CRO: 0.07798
[价格] DOT: 1.426
[价格] AAVE: 115.87
[价格] UNI: 4.036
[价格] NEAR: 1.3544
[价格] APT: 0.9309
[价格] CFX: 0.06113
[价格] CRV: 0.2435
[价格] STX: 0.2558
[价格] LDO: 0.3067
[价格] TAO: 286.9
[RSI] 开始采集5分钟RSI数据...
[RSI] BTC: 65.22
[RSI] ETH: 51.91
[RSI] XRP: 61.62
[RSI] BNB: 65.79
[RSI] SOL: 77.78
[RSI] LTC: 65.0
[RSI] DOGE: 50.27
[RSI] SUI: 56.44
[RSI] TRX: 40.52
[RSI] TON: 58.33
[RSI] ETC: 59.85
[RSI] BCH: 57.38
[RSI] HBAR: 52.78
[RSI] XLM: 62.25
[RSI] FIL: 44.97
[RSI] LINK: 54.67
[RSI] CRO: 51.59
[RSI] DOT: 47.83
[RSI] AAVE: 46.6
[RSI] UNI: 57.53
[RSI] NEAR: 61.06
[RSI] APT: 57.34
[RSI] CFX: 55.77
[RSI] CRV: 48.1
[RSI] STX: 47.06
[RSI] LDO: 41.51
[RSI] TAO: 51.61
[RSI] 成功采集 27/27 个币种，RSI之和: 1490.78
[保存] RSI数据已写入 /home/user/webapp/data/coin_change_tracker/rsi_20260316.jsonl
✅ [数据完整] 成功获取全部 27/27 个币种的数据
[保存] 数据已写入 /home/user/webapp/data/coin_change_tracker/coin_change_20260316.jsonl
[保存] 涨速数据已写入 /home/user/webapp/data/coin_change_tracker/velocity_20260316.jsonl
[统计] 总涨跌幅: 37.35%, 5分钟涨速: -1.75%, 币种数: 27, 上涨占比: 96.3% (26↑/1↓), RSI之和: 1490.78
[等待] 下次采集时间: 05:49:40

[2026-03-16 05:49:59] 开始采集...
[价格] BTC: 72027.9
[价格] ETH: 2137.2
[价格] XRP: 1.4257
[价格] BNB: 666.9
[价格] SOL: 89.84
[价格] LTC: 55.6
[价格] DOGE: 0.09572
[价格] SUI: 1.0131
[价格] TRX: 0.2982
[价格] TON: 1.304
[价格] ETC: 8.375
[价格] BCH: 463.8
[价格] HBAR: 0.09579
[价格] XLM: 0.16873
[价格] FIL: 0.8931
[价格] LINK: 9.294
[价格] CRO: 0.07803
[价格] DOT: 1.427
[价格] AAVE: 115.79
[价格] UNI: 4.036
[价格] NEAR: 1.3545
[价格] APT: 0.9311
[价格] CFX: 0.06136
[价格] CRV: 0.2435
[价格] STX: 0.2558
[价格] LDO: 0.3067
[价格] TAO: 285.9
✅ [数据完整] 成功获取全部 27/27 个币种的数据
[保存] 数据已写入 /home/user/webapp/data/coin_change_tracker/coin_change_20260316.jsonl
[保存] 涨速数据已写入 /home/user/webapp/data/coin_change_tracker/velocity_20260316.jsonl
[统计] 总涨跌幅: 37.25%, 5分钟涨速: -2.34%, 币种数: 27, 上涨占比: 96.3% (26↑/1↓)
[等待] 下次采集时间: 05:50:59

[2026-03-16 05:51:08] 开始采集...
[价格] BTC: 71989.6
[价格] ETH: 2135.09
[价格] XRP: 1.4254
[价格] BNB: 666.8
[价格] SOL: 89.81
[价格] LTC: 55.6
[价格] DOGE: 0.09569
[价格] SUI: 1.0128
[价格] TRX: 0.29814
[价格] TON: 1.304
[价格] ETC: 8.371
[价格] BCH: 463.9
[价格] HBAR: 0.09579
[价格] XLM: 0.16864
[价格] FIL: 0.8931
[价格] LINK: 9.285
[价格] CRO: 0.078
[价格] DOT: 1.427
[价格] AAVE: 115.64
[价格] UNI: 4.036
[价格] NEAR: 1.3543
[价格] APT: 0.9304
[价格] CFX: 0.06132
[价格] CRV: 0.2428
[价格] STX: 0.2558
[价格] LDO: 0.3063
[价格] TAO: 285.8
✅ [数据完整] 成功获取全部 27/27 个币种的数据
[保存] 数据已写入 /home/user/webapp/data/coin_change_tracker/coin_change_20260316.jsonl
[保存] 涨速数据已写入 /home/user/webapp/data/coin_change_tracker/velocity_20260316.jsonl
[统计] 总涨跌幅: 35.95%, 5分钟涨速: -4.78%, 币种数: 27, 上涨占比: 96.3% (26↑/1↓)
[等待] 下次采集时间: 05:52:08

[2026-03-16 05:52:18] 开始采集...
[价格] BTC: 72025.0
[价格] ETH: 2136.0
[价格] XRP: 1.4256
[价格] BNB: 667.0
[价格] SOL: 89.79
[价格] LTC: 55.63
[价格] DOGE: 0.09569
[价格] SUI: 1.0134
[价格] TRX: 0.29814
[价格] TON: 1.305
[价格] ETC: 8.378
[价格] BCH: 464.0
[价格] HBAR: 0.09581
[价格] XLM: 0.16871
[价格] FIL: 0.8931
[价格] LINK: 9.292
[价格] CRO: 0.078
[价格] DOT: 1.427
[价格] AAVE: 115.8
[价格] UNI: 4.039
[价格] NEAR: 1.3556
[价格] APT: 0.9308
[价格] CFX: 0.06132
[价格] CRV: 0.2429
[价格] STX: 0.2558
[价格] LDO: 0.3066
[价格] TAO: 285.5
✅ [数据完整] 成功获取全部 27/27 个币种的数据
[保存] 数据已写入 /home/user/webapp/data/coin_change_tracker/coin_change_20260316.jsonl
[保存] 涨速数据已写入 /home/user/webapp/data/coin_change_tracker/velocity_20260316.jsonl
[统计] 总涨跌幅: 36.89%, 5分钟涨速: -0.75%, 币种数: 27, 上涨占比: 96.3% (26↑/1↓)
[等待] 下次采集时间: 05:53:18

[2026-03-16 05:53:27] 开始采集...
[价格] BTC: 72009.2
[价格] ETH: 2135.17
[价格] XRP: 1.4253
[价格] BNB: 666.7
[价格] SOL: 89.71
[价格] LTC: 55.63
[价格] DOGE: 0.09566
[价格] SUI: 1.0127
[价格] TRX: 0.29804
[价格] TON: 1.305
[价格] ETC: 8.374
[价格] BCH: 464.0
[价格] HBAR: 0.09585
[价格] XLM: 0.16864
[价格] FIL: 0.8934
[价格] LINK: 9.288
[价格] CRO: 0.07799
[价格] DOT: 1.427
[价格] AAVE: 115.7
[价格] UNI: 4.037
[价格] NEAR: 1.3543
[价格] APT: 0.9304
[价格] CFX: 0.06122
[价格] CRV: 0.2429
[价格] STX: 0.2558
[价格] LDO: 0.3066
[价格] TAO: 284.7
✅ [数据完整] 成功获取全部 27/27 个币种的数据
[保存] 数据已写入 /home/user/webapp/data/coin_change_tracker/coin_change_20260316.jsonl
[保存] 涨速数据已写入 /home/user/webapp/data/coin_change_tracker/velocity_20260316.jsonl
[统计] 总涨跌幅: 35.70%, 5分钟涨速: -1.65%, 币种数: 27, 上涨占比: 96.3% (26↑/1↓)
[等待] 下次采集时间: 05:54:27

[2026-03-16 05:54:37] 开始采集...
[价格] BTC: 72024.5
[价格] ETH: 2135.47
[价格] XRP: 1.4257
[价格] BNB: 667.0
[价格] SOL: 89.85
[价格] LTC: 55.68
[价格] DOGE: 0.09569
[价格] SUI: 1.0139
[价格] TRX: 0.29806
[价格] TON: 1.304
[价格] ETC: 8.381
[价格] BCH: 464.2
[价格] HBAR: 0.09585
[价格] XLM: 0.16874
[价格] FIL: 0.8937
[价格] LINK: 9.293
[价格] CRO: 0.07801
[价格] DOT: 1.428
[价格] AAVE: 115.89
[价格] UNI: 4.039
[价格] NEAR: 1.3563
[价格] APT: 0.9312
[价格] CFX: 0.06127
[价格] CRV: 0.2429
[价格] STX: 0.2558
[价格] LDO: 0.3069
[价格] TAO: 285.5
[RSI] 开始采集5分钟RSI数据...
[RSI] BTC: 64.26
[RSI] ETH: 59.1
[RSI] XRP: 69.51
[RSI] BNB: 71.43
[RSI] SOL: 80.23
[RSI] LTC: 77.97
[RSI] DOGE: 57.06
[RSI] SUI: 68.18
[RSI] TRX: 32.79
[RSI] TON: 46.67
[RSI] ETC: 67.18
[RSI] BCH: 63.93
[RSI] HBAR: 67.21
[RSI] XLM: 72.69
[RSI] FIL: 52.9
[RSI] LINK: 64.34
[RSI] CRO: 56.52
[RSI] DOT: 63.16
[RSI] AAVE: 48.6
[RSI] UNI: 67.69
[RSI] NEAR: 67.51
[RSI] APT: 73.45
[RSI] CFX: 64.93
[RSI] CRV: 49.35
[RSI] STX: 51.06
[RSI] LDO: 54.55
[RSI] TAO: 53.04
[RSI] 成功采集 27/27 个币种，RSI之和: 1665.31
[保存] RSI数据已写入 /home/user/webapp/data/coin_change_tracker/rsi_20260316.jsonl
✅ [数据完整] 成功获取全部 27/27 个币种的数据
[保存] 数据已写入 /home/user/webapp/data/coin_change_tracker/coin_change_20260316.jsonl
[保存] 涨速数据已写入 /home/user/webapp/data/coin_change_tracker/velocity_20260316.jsonl
[统计] 总涨跌幅: 37.46%, 5分钟涨速: +0.21%, 币种数: 27, 上涨占比: 96.3% (26↑/1↓), RSI之和: 1665.31
[等待] 下次采集时间: 05:55:37

[2026-03-16 05:55:56] 开始采集...
[价格] BTC: 72026.0
[价格] ETH: 2136.61
[价格] XRP: 1.4259
[价格] BNB: 667.0
[价格] SOL: 89.89
[价格] LTC: 55.69
[价格] DOGE: 0.09571
[价格] SUI: 1.0144
[价格] TRX: 0.29807
[价格] TON: 1.305
[价格] ETC: 8.378
[价格] BCH: 464.2
[价格] HBAR: 0.09588
[价格] XLM: 0.16875
[价格] FIL: 0.8942
[价格] LINK: 9.299
[价格] CRO: 0.07803
[价格] DOT: 1.429
[价格] AAVE: 115.97
[价格] UNI: 4.04
[价格] NEAR: 1.3575
[价格] APT: 0.9316
[价格] CFX: 0.06124
[价格] CRV: 0.243
[价格] STX: 0.256
[价格] LDO: 0.3068
[价格] TAO: 286.3
✅ [数据完整] 成功获取全部 27/27 个币种的数据
[保存] 数据已写入 /home/user/webapp/data/coin_change_tracker/coin_change_20260316.jsonl
[保存] 涨速数据已写入 /home/user/webapp/data/coin_change_tracker/velocity_20260316.jsonl
[统计] 总涨跌幅: 38.53%, 5分钟涨速: +2.58%, 币种数: 27, 上涨占比: 96.3% (26↑/1↓)
[等待] 下次采集时间: 05:56:56

[2026-03-16 05:57:05] 开始采集...
[价格] BTC: 72027.8
[价格] ETH: 2136.09
[价格] XRP: 1.4262
[价格] BNB: 666.8
[价格] SOL: 89.9
[价格] LTC: 55.66
[价格] DOGE: 0.09573
[价格] SUI: 1.0144
[价格] TRX: 0.29806
[价格] TON: 1.305
[价格] ETC: 8.384
[价格] BCH: 464.5
[价格] HBAR: 0.09588
[价格] XLM: 0.16865
[价格] FIL: 0.8941
[价格] LINK: 9.296
[价格] CRO: 0.07797
[价格] DOT: 1.428
[价格] AAVE: 115.93
[价格] UNI: 4.04
[价格] NEAR: 1.3558
[价格] APT: 0.9313
[价格] CFX: 0.06122
[价格] CRV: 0.2431
[价格] STX: 0.2558
[价格] LDO: 0.3067
[价格] TAO: 286.6
✅ [数据完整] 成功获取全部 27/27 个币种的数据
[保存] 数据已写入 /home/user/webapp/data/coin_change_tracker/coin_change_20260316.jsonl
[保存] 涨速数据已写入 /home/user/webapp/data/coin_change_tracker/velocity_20260316.jsonl
[统计] 总涨跌幅: 38.17%, 5分钟涨速: +1.28%, 币种数: 27, 上涨占比: 96.3% (26↑/1↓)
[等待] 下次采集时间: 05:58:05

[2026-03-16 05:58:15] 开始采集...
[价格] BTC: 72001.8
[价格] ETH: 2135.48
[价格] XRP: 1.4254
[价格] BNB: 666.4
[价格] SOL: 89.83
[价格] LTC: 55.65
[价格] DOGE: 0.0957
[价格] SUI: 1.013
[价格] TRX: 0.29807
[价格] TON: 1.305
[价格] ETC: 8.375
[价格] BCH: 464.0
[价格] HBAR: 0.09572
[价格] XLM: 0.16859
[价格] FIL: 0.8927
[价格] LINK: 9.29
[价格] CRO: 0.07796
[价格] DOT: 1.427
[价格] AAVE: 115.8
[价格] UNI: 4.037
[价格] NEAR: 1.3542
[价格] APT: 0.9307
[价格] CFX: 0.06116
[价格] CRV: 0.243
[价格] STX: 0.2554
[价格] LDO: 0.3065
[价格] TAO: 286.3
✅ [数据完整] 成功获取全部 27/27 个币种的数据
[保存] 数据已写入 /home/user/webapp/data/coin_change_tracker/coin_change_20260316.jsonl
[保存] 涨速数据已写入 /home/user/webapp/data/coin_change_tracker/velocity_20260316.jsonl
[统计] 总涨跌幅: 36.12%, 5分钟涨速: +0.42%, 币种数: 27, 上涨占比: 96.3% (26↑/1↓)
[等待] 下次采集时间: 05:59:15

[2026-03-16 05:59:24] 开始采集...
[价格] BTC: 72070.9
[价格] ETH: 2138.51
[价格] XRP: 1.4265
[价格] BNB: 667.0
[价格] SOL: 89.96
[价格] LTC: 55.71
[价格] DOGE: 0.0958
[价格] SUI: 1.0148
[价格] TRX: 0.29811
[价格] TON: 1.305
[价格] ETC: 8.381
[价格] BCH: 464.3
[价格] HBAR: 0.09586
[价格] XLM: 0.16877
[价格] FIL: 0.894
[价格] LINK: 9.303
[价格] CRO: 0.07797
[价格] DOT: 1.429
[价格] AAVE: 115.86
[价格] UNI: 4.041
[价格] NEAR: 1.3552
[价格] APT: 0.9315
[价格] CFX: 0.06138
[价格] CRV: 0.2434
[价格] STX: 0.2551
[价格] LDO: 0.307
[价格] TAO: 285.6
✅ [数据完整] 成功获取全部 27/27 个币种的数据
[保存] 数据已写入 /home/user/webapp/data/coin_change_tracker/coin_change_20260316.jsonl
[保存] 涨速数据已写入 /home/user/webapp/data/coin_change_tracker/velocity_20260316.jsonl
[统计] 总涨跌幅: 38.58%, 5分钟涨速: +1.12%, 币种数: 27, 上涨占比: 96.3% (26↑/1↓)
[等待] 下次采集时间: 06:00:24

[2026-03-16 06:00:34] 开始采集...
[价格] BTC: 71979.2
[价格] ETH: 2137.1
[价格] XRP: 1.4261
[价格] BNB: 667.2
[价格] SOL: 89.86
[价格] LTC: 55.66
[价格] DOGE: 0.09577
[价格] SUI: 1.0137
[价格] TRX: 0.29824
[价格] TON: 1.305
[价格] ETC: 8.378
[价格] BCH: 464.4
[价格] HBAR: 0.09583
[价格] XLM: 0.16858
[价格] FIL: 0.8943
[价格] LINK: 9.3
[价格] CRO: 0.07799
[价格] DOT: 1.429
[价格] AAVE: 115.79
[价格] UNI: 4.038
[价格] NEAR: 1.3537
[价格] APT: 0.9297
[价格] CFX: 0.06152
[价格] CRV: 0.2432
[价格] STX: 0.2552
[价格] LDO: 0.3069
[价格] TAO: 285.6
[RSI] 开始采集5分钟RSI数据...
[RSI] BTC: 65.18
[RSI] ETH: 64.89
[RSI] XRP: 74.25
[RSI] BNB: 76.81
[RSI] SOL: 79.68
[RSI] LTC: 78.69
[RSI] DOGE: 63.1
[RSI] SUI: 68.42
[RSI] TRX: 44.25
[RSI] TON: 50.0
[RSI] ETC: 68.75
[RSI] BCH: 71.93
[RSI] HBAR: 66.12
[RSI] XLM: 76.21
[RSI] FIL: 63.39
[RSI] LINK: 73.39
[RSI] CRO: 59.81
[RSI] DOT: 68.42
[RSI] AAVE: 60.34
[RSI] UNI: 68.25
[RSI] NEAR: 65.81
[RSI] APT: 66.14
[RSI] CFX: 66.21
[RSI] CRV: 44.83
[RSI] STX: 52.17
[RSI] LDO: 63.16
[RSI] TAO: 54.24
[RSI] 成功采集 27/27 个币种，RSI之和: 1754.44
[保存] RSI数据已写入 /home/user/webapp/data/coin_change_tracker/rsi_20260316.jsonl
✅ [数据完整] 成功获取全部 27/27 个币种的数据
[保存] 数据已写入 /home/user/webapp/data/coin_change_tracker/coin_change_20260316.jsonl
[保存] 涨速数据已写入 /home/user/webapp/data/coin_change_tracker/velocity_20260316.jsonl
[统计] 总涨跌幅: 37.67%, 5分钟涨速: -0.86%, 币种数: 27, 上涨占比: 96.3% (26↑/1↓), RSI之和: 1754.44
[等待] 下次采集时间: 06:01:34

[2026-03-16 06:01:53] 开始采集...
[价格] BTC: 72035.1
[价格] ETH: 2137.99
[价格] XRP: 1.4277
[价格] BNB: 667.4
[价格] SOL: 89.95
[价格] LTC: 55.71
[价格] DOGE: 0.09587
[价格] SUI: 1.0158
[价格] TRX: 0.29802
[价格] TON: 1.305
[价格] ETC: 8.387
[价格] BCH: 464.8
[价格] HBAR: 0.09591
[价格] XLM: 0.16866
[价格] FIL: 0.8948
[价格] LINK: 9.31
[价格] CRO: 0.07799
[价格] DOT: 1.43
[价格] AAVE: 116.0
[价格] UNI: 4.04
[价格] NEAR: 1.3551
[价格] APT: 0.9315
[价格] CFX: 0.06165
[价格] CRV: 0.2432
[价格] STX: 0.2555
[价格] LDO: 0.3072
[价格] TAO: 285.9
✅ [数据完整] 成功获取全部 27/27 个币种的数据
[保存] 数据已写入 /home/user/webapp/data/coin_change_tracker/coin_change_20260316.jsonl
[保存] 涨速数据已写入 /home/user/webapp/data/coin_change_tracker/velocity_20260316.jsonl
[统计] 总涨跌幅: 40.01%, 5分钟涨速: +1.84%, 币种数: 27, 上涨占比: 96.3% (26↑/1↓)
[等待] 下次采集时间: 06:02:53

[2026-03-16 06:03:02] 开始采集...
[价格] BTC: 72134.7
[价格] ETH: 2142.16
[价格] XRP: 1.4317
[价格] BNB: 668.2
[价格] SOL: 90.16
[价格] LTC: 55.75
[价格] DOGE: 0.09616
[价格] SUI: 1.0186
[价格] TRX: 0.29801
[价格] TON: 1.306
[价格] ETC: 8.406
[价格] BCH: 465.2
[价格] HBAR: 0.09604
[价格] XLM: 0.16943
[价格] FIL: 0.8965
[价格] LINK: 9.328
[价格] CRO: 0.07812
[价格] DOT: 1.431
[价格] AAVE: 116.1
[价格] UNI: 4.047
[价格] NEAR: 1.3576
[价格] APT: 0.9327
[价格] CFX: 0.06175
[价格] CRV: 0.2432
[价格] STX: 0.2557
[价格] LDO: 0.3073
[价格] TAO: 285.3
✅ [数据完整] 成功获取全部 27/27 个币种的数据
[保存] 数据已写入 /home/user/webapp/data/coin_change_tracker/coin_change_20260316.jsonl
[保存] 涨速数据已写入 /home/user/webapp/data/coin_change_tracker/velocity_20260316.jsonl
[统计] 总涨跌幅: 43.91%, 5分钟涨速: +7.79%, 币种数: 27, 上涨占比: 96.3% (26↑/1↓)
[等待] 下次采集时间: 06:04:02

[2026-03-16 06:04:12] 开始采集...
[价格] BTC: 72109.9
[价格] ETH: 2143.14
[价格] XRP: 1.4327
[价格] BNB: 668.6
[价格] SOL: 90.42
[价格] LTC: 55.87
[价格] DOGE: 0.09615
[价格] SUI: 1.0178
[价格] TRX: 0.29809
[价格] TON: 1.307
[价格] ETC: 8.405
[价格] BCH: 465.3
[价格] HBAR: 0.09609
[价格] XLM: 0.16924
[价格] FIL: 0.8967
[价格] LINK: 9.332
[价格] CRO: 0.07815
[价格] DOT: 1.431
[价格] AAVE: 116.18
[价格] UNI: 4.045
[价格] NEAR: 1.3555
[价格] APT: 0.9337
[价格] CFX: 0.06169
[价格] CRV: 0.2432
[价格] STX: 0.2558
[价格] LDO: 0.3078
[价格] TAO: 284.8
✅ [数据完整] 成功获取全部 27/27 个币种的数据
[保存] 数据已写入 /home/user/webapp/data/coin_change_tracker/coin_change_20260316.jsonl
[保存] 涨速数据已写入 /home/user/webapp/data/coin_change_tracker/velocity_20260316.jsonl
[统计] 总涨跌幅: 44.54%, 5分钟涨速: +5.96%, 币种数: 27, 上涨占比: 96.3% (26↑/1↓)
[等待] 下次采集时间: 06:05:12

[2026-03-16 06:05:21] 开始采集...
[价格] BTC: 72183.4
[价格] ETH: 2145.12
[价格] XRP: 1.4348
[价格] BNB: 669.3
[价格] SOL: 90.91
[价格] LTC: 55.92
[价格] DOGE: 0.09616
[价格] SUI: 1.0187
[价格] TRX: 0.2981
[价格] TON: 1.307
[价格] ETC: 8.41
[价格] BCH: 465.4
[价格] HBAR: 0.09605
[价格] XLM: 0.16927
[价格] FIL: 0.8966
[价格] LINK: 9.347
[价格] CRO: 0.07812
[价格] DOT: 1.431
[价格] AAVE: 116.31
[价格] UNI: 4.049
[价格] NEAR: 1.3554
[价格] APT: 0.9339
[价格] CFX: 0.06194
[价格] CRV: 0.2429
[价格] STX: 0.2558
[价格] LDO: 0.3085
[价格] TAO: 284.0
✅ [数据完整] 成功获取全部 27/27 个币种的数据
[保存] 数据已写入 /home/user/webapp/data/coin_change_tracker/coin_change_20260316.jsonl
[保存] 涨速数据已写入 /home/user/webapp/data/coin_change_tracker/velocity_20260316.jsonl
[统计] 总涨跌幅: 46.35%, 5分钟涨速: +8.68%, 币种数: 27, 上涨占比: 96.3% (26↑/1↓)
[等待] 下次采集时间: 06:06:21

[2026-03-16 06:06:31] 开始采集...
[价格] BTC: 72014.8
[价格] ETH: 2140.26
[价格] XRP: 1.4318
[价格] BNB: 668.0
[价格] SOL: 90.55
[价格] LTC: 55.78
[价格] DOGE: 0.09581
[价格] SUI: 1.0146
[价格] TRX: 0.29801
[价格] TON: 1.305
[价格] ETC: 8.382
[价格] BCH: 464.4
[价格] HBAR: 0.09581
[价格] XLM: 0.16866
[价格] FIL: 0.8941
[价格] LINK: 9.307
[价格] CRO: 0.07803
[价格] DOT: 1.427
[价格] AAVE: 115.82
[价格] UNI: 4.032
[价格] NEAR: 1.3501
[价格] APT: 0.9304
[价格] CFX: 0.06191
[价格] CRV: 0.2423
[价格] STX: 0.2551
[价格] LDO: 0.3075
[价格] TAO: 282.8
[RSI] 开始采集5分钟RSI数据...
[RSI] BTC: 65.79
[RSI] ETH: 62.72
[RSI] XRP: 74.56
[RSI] BNB: 69.52
[RSI] SOL: 77.43
[RSI] LTC: 71.43
[RSI] DOGE: 59.49
[RSI] SUI: 65.93
[RSI] TRX: 40.91
[RSI] TON: 50.0
[RSI] ETC: 64.92
[RSI] BCH: 67.11
[RSI] HBAR: 62.21
[RSI] XLM: 69.38
[RSI] FIL: 59.51
[RSI] LINK: 67.51
[RSI] CRO: 60.77
[RSI] DOT: 61.54
[RSI] AAVE: 60.08
[RSI] UNI: 60.67
[RSI] NEAR: 59.73
[RSI] APT: 65.19
[RSI] CFX: 67.38
[RSI] CRV: 41.27
[RSI] STX: 54.39
[RSI] LDO: 62.71
[RSI] TAO: 44.9
[RSI] 成功采集 27/27 个币种，RSI之和: 1667.05
[保存] RSI数据已写入 /home/user/webapp/data/coin_change_tracker/rsi_20260316.jsonl
✅ [数据完整] 成功获取全部 27/27 个币种的数据
[保存] 数据已写入 /home/user/webapp/data/coin_change_tracker/coin_change_20260316.jsonl
[保存] 涨速数据已写入 /home/user/webapp/data/coin_change_tracker/velocity_20260316.jsonl
[统计] 总涨跌幅: 38.58%, 5分钟涨速: -1.43%, 币种数: 27, 上涨占比: 96.3% (26↑/1↓), RSI之和: 1667.05
[等待] 下次采集时间: 06:07:31

[2026-03-16 06:07:50] 开始采集...
[价格] BTC: 72002.3
[价格] ETH: 2139.49
[价格] XRP: 1.4312
[价格] BNB: 667.5
[价格] SOL: 90.57
[价格] LTC: 55.78
[价格] DOGE: 0.09587
[价格] SUI: 1.016
[价格] TRX: 0.29801
[价格] TON: 1.305
[价格] ETC: 8.385
[价格] BCH: 464.7
[价格] HBAR: 0.09583
[价格] XLM: 0.16874
[价格] FIL: 0.8949
[价格] LINK: 9.315
[价格] CRO: 0.07802
[价格] DOT: 1.427
[价格] AAVE: 115.93
[价格] UNI: 4.036
[价格] NEAR: 1.3522
[价格] APT: 0.9306
[价格] CFX: 0.06185
[价格] CRV: 0.2425
[价格] STX: 0.2551
[价格] LDO: 0.3074
[价格] TAO: 283.1
✅ [数据完整] 成功获取全部 27/27 个币种的数据
[保存] 数据已写入 /home/user/webapp/data/coin_change_tracker/coin_change_20260316.jsonl
[保存] 涨速数据已写入 /home/user/webapp/data/coin_change_tracker/velocity_20260316.jsonl
[统计] 总涨跌幅: 39.38%, 5分钟涨速: -4.53%, 币种数: 27, 上涨占比: 96.3% (26↑/1↓)
[等待] 下次采集时间: 06:08:50

[2026-03-16 06:08:59] 开始采集...
[价格] BTC: 71958.3
[价格] ETH: 2137.0
[价格] XRP: 1.429
[价格] BNB: 667.2
[价格] SOL: 90.33
[价格] LTC: 55.71
[价格] DOGE: 0.0957
[价格] SUI: 1.0135
[价格] TRX: 0.29803
[价格] TON: 1.305
[价格] ETC: 8.376
[价格] BCH: 464.4
[价格] HBAR: 0.09575
[价格] XLM: 0.16854
[价格] FIL: 0.8937
[价格] LINK: 9.302
[价格] CRO: 0.07797
[价格] DOT: 1.425
[价格] AAVE: 115.81
[价格] UNI: 4.028
[价格] NEAR: 1.3491
[价格] APT: 0.9298
[价格] CFX: 0.0617
[价格] CRV: 0.2423
[价格] STX: 0.255
[价格] LDO: 0.3071
[价格] TAO: 282.8
✅ [数据完整] 成功获取全部 27/27 个币种的数据
[保存] 数据已写入 /home/user/webapp/data/coin_change_tracker/coin_change_20260316.jsonl
[保存] 涨速数据已写入 /home/user/webapp/data/coin_change_tracker/velocity_20260316.jsonl
[统计] 总涨跌幅: 36.12%, 5分钟涨速: -8.42%, 币种数: 27, 上涨占比: 96.3% (26↑/1↓)
[等待] 下次采集时间: 06:09:59

[2026-03-16 06:10:09] 开始采集...
[价格] BTC: 71951.8
[价格] ETH: 2135.37
[价格] XRP: 1.4286
[价格] BNB: 667.0
[价格] SOL: 90.22
[价格] LTC: 55.73
[价格] DOGE: 0.09566
[价格] SUI: 1.0119
[价格] TRX: 0.29803
[价格] TON: 1.305
[价格] ETC: 8.375
[价格] BCH: 463.9
[价格] HBAR: 0.09566
[价格] XLM: 0.1684
[价格] FIL: 0.8931
[价格] LINK: 9.296
[价格] CRO: 0.0779
[价格] DOT: 1.424
[价格] AAVE: 115.67
[价格] UNI: 4.024
[价格] NEAR: 1.3477
[价格] APT: 0.9289
[价格] CFX: 0.06176
[价格] CRV: 0.2419
[价格] STX: 0.2548
[价格] LDO: 0.307
[价格] TAO: 281.9
✅ [数据完整] 成功获取全部 27/27 个币种的数据
[保存] 数据已写入 /home/user/webapp/data/coin_change_tracker/coin_change_20260316.jsonl
[保存] 涨速数据已写入 /home/user/webapp/data/coin_change_tracker/velocity_20260316.jsonl
[统计] 总涨跌幅: 34.19%, 5分钟涨速: -12.16%, 币种数: 27, 上涨占比: 96.3% (26↑/1↓)
[等待] 下次采集时间: 06:11:09

[2026-03-16 06:11:18] 开始采集...
[价格] BTC: 71828.1
[价格] ETH: 2131.25
[价格] XRP: 1.4259
[价格] BNB: 666.1
[价格] SOL: 90.08
[价格] LTC: 55.64
[价格] DOGE: 0.09544
[价格] SUI: 1.0095
[价格] TRX: 0.29813
[价格] TON: 1.304
[价格] ETC: 8.352
[价格] BCH: 463.2
[价格] HBAR: 0.09543
[价格] XLM: 0.16806
[价格] FIL: 0.8917
[价格] LINK: 9.268
[价格] CRO: 0.07776
[价格] DOT: 1.421
[价格] AAVE: 115.24
[价格] UNI: 4.018
[价格] NEAR: 1.3447
[价格] APT: 0.9268
[价格] CFX: 0.06157
[价格] CRV: 0.2414
[价格] STX: 0.254
[价格] LDO: 0.306
[价格] TAO: 280.3
✅ [数据完整] 成功获取全部 27/27 个币种的数据
[保存] 数据已写入 /home/user/webapp/data/coin_change_tracker/coin_change_20260316.jsonl
[保存] 涨速数据已写入 /home/user/webapp/data/coin_change_tracker/velocity_20260316.jsonl
[统计] 总涨跌幅: 28.16%, 5分钟涨速: -10.42%, 币种数: 27, 上涨占比: 96.3% (26↑/1↓)
[等待] 下次采集时间: 06:12:18

[2026-03-16 06:12:28] 开始采集...
[价格] BTC: 71823.8
[价格] ETH: 2131.99
[价格] XRP: 1.4257
[价格] BNB: 665.8
[价格] SOL: 90.07
[价格] LTC: 55.69
[价格] DOGE: 0.09546
[价格] SUI: 1.0096
[价格] TRX: 0.29822
[价格] TON: 1.304
[价格] ETC: 8.355
[价格] BCH: 463.2
[价格] HBAR: 0.09543
[价格] XLM: 0.16805
[价格] FIL: 0.8917
[价格] LINK: 9.27
[价格] CRO: 0.07768
[价格] DOT: 1.421
[价格] AAVE: 115.28
[价格] UNI: 4.019
[价格] NEAR: 1.3459
[价格] APT: 0.9272
[价格] CFX: 0.06138
[价格] CRV: 0.2414
[价格] STX: 0.254
[价格] LDO: 0.3061
[价格] TAO: 281.3
[RSI] 开始采集5分钟RSI数据...
[RSI] BTC: 57.22
[RSI] ETH: 53.75
[RSI] XRP: 63.36
[RSI] BNB: 58.54
[RSI] SOL: 68.35
[RSI] LTC: 67.96
[RSI] DOGE: 55.29
[RSI] SUI: 58.06
[RSI] TRX: 53.28
[RSI] TON: 50.0
[RSI] ETC: 58.77
[RSI] BCH: 59.3
[RSI] HBAR: 49.02
[RSI] XLM: 59.67
[RSI] FIL: 52.46
[RSI] LINK: 56.19
[RSI] CRO: 47.88
[RSI] DOT: 51.61
[RSI] AAVE: 47.83
[RSI] UNI: 54.0
[RSI] NEAR: 51.84
[RSI] APT: 55.66
[RSI] CFX: 50.99
[RSI] CRV: 37.14
[RSI] STX: 49.21
[RSI] LDO: 53.62
[RSI] TAO: 39.5
[RSI] 成功采集 27/27 个币种，RSI之和: 1460.5
[保存] RSI数据已写入 /home/user/webapp/data/coin_change_tracker/rsi_20260316.jsonl
✅ [数据完整] 成功获取全部 27/27 个币种的数据
[保存] 数据已写入 /home/user/webapp/data/coin_change_tracker/coin_change_20260316.jsonl
[保存] 涨速数据已写入 /home/user/webapp/data/coin_change_tracker/velocity_20260316.jsonl
[统计] 总涨跌幅: 28.48%, 5分钟涨速: -10.90%, 币种数: 27, 上涨占比: 96.3% (26↑/1↓), RSI之和: 1460.5
[等待] 下次采集时间: 06:13:28

[2026-03-16 06:13:47] 开始采集...
[价格] BTC: 71775.4
[价格] ETH: 2130.39
[价格] XRP: 1.4239
[价格] BNB: 665.5
[价格] SOL: 90.01
[价格] LTC: 55.61
[价格] DOGE: 0.0954
[价格] SUI: 1.0086
[价格] TRX: 0.2983
[价格] TON: 1.304
[价格] ETC: 8.355
[价格] BCH: 463.0
[价格] HBAR: 0.09542
[价格] XLM: 0.16791
[价格] FIL: 0.8915
[价格] LINK: 9.262
[价格] CRO: 0.07767
[价格] DOT: 1.419
[价格] AAVE: 115.13
[价格] UNI: 4.017
[价格] NEAR: 1.3458
[价格] APT: 0.9269
[价格] CFX: 0.06138
[价格] CRV: 0.2412
[价格] STX: 0.2539
[价格] LDO: 0.3058
[价格] TAO: 281.4
✅ [数据完整] 成功获取全部 27/27 个币种的数据
[保存] 数据已写入 /home/user/webapp/data/coin_change_tracker/coin_change_20260316.jsonl
[保存] 涨速数据已写入 /home/user/webapp/data/coin_change_tracker/velocity_20260316.jsonl
[统计] 总涨跌幅: 27.02%, 5分钟涨速: -9.10%, 币种数: 27, 上涨占比: 96.3% (26↑/1↓)
[等待] 下次采集时间: 06:14:47

[2026-03-16 06:14:56] 开始采集...
[价格] BTC: 71767.0
[价格] ETH: 2129.05
[价格] XRP: 1.4244
[价格] BNB: 665.5
[价格] SOL: 90.06
[价格] LTC: 55.61
[价格] DOGE: 0.09543
[价格] SUI: 1.0089
[价格] TRX: 0.29823
[价格] TON: 1.302
[价格] ETC: 8.354
[价格] BCH: 463.1
[价格] HBAR: 0.09548
[价格] XLM: 0.16789
[价格] FIL: 0.8918
[价格] LINK: 9.263
[价格] CRO: 0.07765
[价格] DOT: 1.419
[价格] AAVE: 115.08
[价格] UNI: 4.017
[价格] NEAR: 1.3453
[价格] APT: 0.9265
[价格] CFX: 0.06111
[价格] CRV: 0.2409
[价格] STX: 0.2539
[价格] LDO: 0.3058
[价格] TAO: 281.3
✅ [数据完整] 成功获取全部 27/27 个币种的数据
[保存] 数据已写入 /home/user/webapp/data/coin_change_tracker/coin_change_20260316.jsonl
[保存] 涨速数据已写入 /home/user/webapp/data/coin_change_tracker/velocity_20260316.jsonl
[统计] 总涨跌幅: 26.24%, 5分钟涨速: -7.95%, 币种数: 27, 上涨占比: 96.3% (26↑/1↓)
[等待] 下次采集时间: 06:15:56

[2026-03-16 06:16:06] 开始采集...
[价格] BTC: 71702.9
[价格] ETH: 2126.29
[价格] XRP: 1.423
[价格] BNB: 665.2
[价格] SOL: 90.02
[价格] LTC: 55.53
[价格] DOGE: 0.09533
[价格] SUI: 1.0074
[价格] TRX: 0.29824
[价格] TON: 1.301
[价格] ETC: 8.342
[价格] BCH: 462.8
[价格] HBAR: 0.09532
[价格] XLM: 0.16758
[价格] FIL: 0.89
[价格] LINK: 9.245
[价格] CRO: 0.07753
[价格] DOT: 1.417
[价格] AAVE: 114.93
[价格] UNI: 4.011
[价格] NEAR: 1.3417
[价格] APT: 0.9241
[价格] CFX: 0.06113
[价格] CRV: 0.2403
[价格] STX: 0.2534
[价格] LDO: 0.3052
[价格] TAO: 281.2
✅ [数据完整] 成功获取全部 27/27 个币种的数据
[保存] 数据已写入 /home/user/webapp/data/coin_change_tracker/coin_change_20260316.jsonl
[保存] 涨速数据已写入 /home/user/webapp/data/coin_change_tracker/velocity_20260316.jsonl
[统计] 总涨跌幅: 22.64%, 5分钟涨速: -5.52%, 币种数: 27, 上涨占比: 92.6% (25↑/2↓)
[等待] 下次采集时间: 06:17:06

[2026-03-16 06:17:15] 开始采集...
[价格] BTC: 71746.2
[价格] ETH: 2127.02
[价格] XRP: 1.4239
[价格] BNB: 665.4
[价格] SOL: 90.0
[价格] LTC: 55.54
[价格] DOGE: 0.09537
[价格] SUI: 1.0078
[价格] TRX: 0.29816
[价格] TON: 1.303
[价格] ETC: 8.347
[价格] BCH: 462.9
[价格] HBAR: 0.09542
[价格] XLM: 0.16758
[价格] FIL: 0.8906
[价格] LINK: 9.244
[价格] CRO: 0.07755
[价格] DOT: 1.418
[价格] AAVE: 114.97
[价格] UNI: 4.012
[价格] NEAR: 1.3432
[价格] APT: 0.9245
[价格] CFX: 0.0612
[价格] CRV: 0.2406
[价格] STX: 0.2535
[价格] LDO: 0.3053
[价格] TAO: 280.7
✅ [数据完整] 成功获取全部 27/27 个币种的数据
[保存] 数据已写入 /home/user/webapp/data/coin_change_tracker/coin_change_20260316.jsonl
[保存] 涨速数据已写入 /home/user/webapp/data/coin_change_tracker/velocity_20260316.jsonl
[统计] 总涨跌幅: 23.71%, 5分钟涨速: -4.77%, 币种数: 27, 上涨占比: 92.6% (25↑/2↓)
[等待] 下次采集时间: 06:18:15

[2026-03-16 06:18:25] 开始采集...
[价格] BTC: 71799.9
[价格] ETH: 2128.85
[价格] XRP: 1.4256
[价格] BNB: 665.7
[价格] SOL: 90.28
[价格] LTC: 55.55
[价格] DOGE: 0.09543
[价格] SUI: 1.0084
[价格] TRX: 0.29823
[价格] TON: 1.304
[价格] ETC: 8.351
[价格] BCH: 463.1
[价格] HBAR: 0.0955
[价格] XLM: 0.16764
[价格] FIL: 0.8914
[价格] LINK: 9.258
[价格] CRO: 0.07768
[价格] DOT: 1.42
[价格] AAVE: 115.01
[价格] UNI: 4.013
[价格] NEAR: 1.3429
[价格] APT: 0.9248
[价格] CFX: 0.06126
[价格] CRV: 0.2406
[价格] STX: 0.2534
[价格] LDO: 0.3053
[价格] TAO: 280.6
[RSI] 开始采集5分钟RSI数据...
[RSI] BTC: 56.75
[RSI] ETH: 53.66
[RSI] XRP: 63.64
[RSI] BNB: 61.16
[RSI] SOL: 71.78
[RSI] LTC: 62.5
[RSI] DOGE: 56.85
[RSI] SUI: 58.63
[RSI] TRX: 54.1
[RSI] TON: 47.62
[RSI] ETC: 59.9
[RSI] BCH: 60.0
[RSI] HBAR: 53.61
[RSI] XLM: 56.14
[RSI] FIL: 52.46
[RSI] LINK: 54.27
[RSI] CRO: 50.0
[RSI] DOT: 48.48
[RSI] AAVE: 45.4
[RSI] UNI: 51.92
[RSI] NEAR: 42.31
[RSI] APT: 51.75
[RSI] CFX: 57.14
[RSI] CRV: 32.47
[RSI] STX: 45.59
[RSI] LDO: 48.68
[RSI] TAO: 24.71
[RSI] 成功采集 27/27 个币种，RSI之和: 1421.52
[保存] RSI数据已写入 /home/user/webapp/data/coin_change_tracker/rsi_20260316.jsonl
✅ [数据完整] 成功获取全部 27/27 个币种的数据
[保存] 数据已写入 /home/user/webapp/data/coin_change_tracker/coin_change_20260316.jsonl
[保存] 涨速数据已写入 /home/user/webapp/data/coin_change_tracker/velocity_20260316.jsonl
[统计] 总涨跌幅: 25.46%, 5分钟涨速: -1.56%, 币种数: 27, 上涨占比: 96.3% (26↑/1↓), RSI之和: 1421.52
[等待] 下次采集时间: 06:19:25

[2026-03-16 06:19:44] 开始采集...
[价格] BTC: 71746.5
[价格] ETH: 2127.36
[价格] XRP: 1.4243
[价格] BNB: 665.2
[价格] SOL: 90.08
[价格] LTC: 55.49
[价格] DOGE: 0.09528
[价格] SUI: 1.0075
[价格] TRX: 0.29832
[价格] TON: 1.303
[价格] ETC: 8.34
[价格] BCH: 462.8
[价格] HBAR: 0.09547
[价格] XLM: 0.16752
[价格] FIL: 0.8906
[价格] LINK: 9.251
[价格] CRO: 0.07755
[价格] DOT: 1.418
[价格] AAVE: 114.95
[价格] UNI: 4.011
[价格] NEAR: 1.3422
[价格] APT: 0.9242
[价格] CFX: 0.06119
[价格] CRV: 0.2406
[价格] STX: 0.2532
[价格] LDO: 0.3051
[价格] TAO: 281.4
✅ [数据完整] 成功获取全部 27/27 个币种的数据
[保存] 数据已写入 /home/user/webapp/data/coin_change_tracker/coin_change_20260316.jsonl
[保存] 涨速数据已写入 /home/user/webapp/data/coin_change_tracker/velocity_20260316.jsonl
[统计] 总涨跌幅: 23.53%, 5分钟涨速: -2.71%, 币种数: 27, 上涨占比: 92.3% (24↑/2↓)
[等待] 下次采集时间: 06:20:44

[2026-03-16 06:20:53] 开始采集...
[价格] BTC: 71814.2
[价格] ETH: 2131.25
[价格] XRP: 1.4267
[价格] BNB: 666.0
[价格] SOL: 90.3
[价格] LTC: 55.53
[价格] DOGE: 0.09546
[价格] SUI: 1.0088
[价格] TRX: 0.29845
[价格] TON: 1.303
[价格] ETC: 8.348
[价格] BCH: 463.4
[价格] HBAR: 0.09555
[价格] XLM: 0.16769
[价格] FIL: 0.8917
[价格] LINK: 9.262
[价格] CRO: 0.07759
[价格] DOT: 1.419
[价格] AAVE: 115.07
[价格] UNI: 4.014
[价格] NEAR: 1.3431
[价格] APT: 0.925
[价格] CFX: 0.0613
[价格] CRV: 0.2407
[价格] STX: 0.2534
[价格] LDO: 0.3054
[价格] TAO: 281.5
✅ [数据完整] 成功获取全部 27/27 个币种的数据
[保存] 数据已写入 /home/user/webapp/data/coin_change_tracker/coin_change_20260316.jsonl
[保存] 涨速数据已写入 /home/user/webapp/data/coin_change_tracker/velocity_20260316.jsonl
[统计] 总涨跌幅: 26.37%, 5分钟涨速: +3.73%, 币种数: 27, 上涨占比: 92.6% (25↑/2↓)
[等待] 下次采集时间: 06:21:53

[2026-03-16 06:22:03] 开始采集...
[价格] BTC: 71842.1
[价格] ETH: 2131.33
[价格] XRP: 1.4278
[价格] BNB: 666.0
[价格] SOL: 90.25
[价格] LTC: 55.54
[价格] DOGE: 0.09549
[价格] SUI: 1.009
[价格] TRX: 0.29859
[价格] TON: 1.304
[价格] ETC: 8.352
[价格] BCH: 463.5
[价格] HBAR: 0.09554
[价格] XLM: 0.16764
[价格] FIL: 0.8913
[价格] LINK: 9.259
[价格] CRO: 0.07771
[价格] DOT: 1.42
[价格] AAVE: 115.04
[价格] UNI: 4.013
[价格] NEAR: 1.3432
[价格] APT: 0.9249
[价格] CFX: 0.06124
[价格] CRV: 0.2409
[价格] STX: 0.2536
[价格] LDO: 0.3054
[价格] TAO: 281.8
✅ [数据完整] 成功获取全部 27/27 个币种的数据
[保存] 数据已写入 /home/user/webapp/data/coin_change_tracker/coin_change_20260316.jsonl
[保存] 涨速数据已写入 /home/user/webapp/data/coin_change_tracker/velocity_20260316.jsonl
[统计] 总涨跌幅: 26.92%, 5分钟涨速: +3.21%, 币种数: 27, 上涨占比: 100.0% (27↑/0↓)
[等待] 下次采集时间: 06:23:03

[2026-03-16 06:23:12] 开始采集...
[价格] BTC: 71911.7
[价格] ETH: 2133.73
[价格] XRP: 1.4286
[价格] BNB: 666.5
[价格] SOL: 90.31
[价格] LTC: 55.57
[价格] DOGE: 0.09557
[价格] SUI: 1.0096
[价格] TRX: 0.29846
[价格] TON: 1.304
[价格] ETC: 8.353
[价格] BCH: 463.6
[价格] HBAR: 0.09555
[价格] XLM: 0.16783
[价格] FIL: 0.8916
[价格] LINK: 9.266
[价格] CRO: 0.07769
[价格] DOT: 1.42
[价格] AAVE: 115.13
[价格] UNI: 4.017
[价格] NEAR: 1.3437
[价格] APT: 0.9252
[价格] CFX: 0.06121
[价格] CRV: 0.241
[价格] STX: 0.2537
[价格] LDO: 0.3053
[价格] TAO: 282.2
✅ [数据完整] 成功获取全部 27/27 个币种的数据
[保存] 数据已写入 /home/user/webapp/data/coin_change_tracker/coin_change_20260316.jsonl
[保存] 涨速数据已写入 /home/user/webapp/data/coin_change_tracker/velocity_20260316.jsonl
[统计] 总涨跌幅: 28.13%, 5分钟涨速: +2.67%, 币种数: 27, 上涨占比: 96.3% (26↑/1↓)
[等待] 下次采集时间: 06:24:12

[2026-03-16 06:24:22] 开始采集...
[价格] BTC: 71841.8
[价格] ETH: 2132.12
[价格] XRP: 1.4272
[价格] BNB: 666.0
[价格] SOL: 90.3
[价格] LTC: 55.53
[价格] DOGE: 0.09548
[价格] SUI: 1.0084
[价格] TRX: 0.2984
[价格] TON: 1.304
[价格] ETC: 8.348
[价格] BCH: 463.4
[价格] HBAR: 0.09552
[价格] XLM: 0.16762
[价格] FIL: 0.891
[价格] LINK: 9.256
[价格] CRO: 0.07765
[价格] DOT: 1.42
[价格] AAVE: 114.97
[价格] UNI: 4.013
[价格] NEAR: 1.3433
[价格] APT: 0.9244
[价格] CFX: 0.06141
[价格] CRV: 0.241
[价格] STX: 0.2538
[价格] LDO: 0.3053
[价格] TAO: 282.9
[RSI] 开始采集5分钟RSI数据...
[RSI] BTC: 60.75
[RSI] ETH: 59.28
[RSI] XRP: 67.67
[RSI] BNB: 64.17
[RSI] SOL: 73.96
[RSI] LTC: 61.86
[RSI] DOGE: 58.97
[RSI] SUI: 58.93
[RSI] TRX: 61.97
[RSI] TON: 55.0
[RSI] ETC: 62.5
[RSI] BCH: 61.96
[RSI] HBAR: 56.77
[RSI] XLM: 57.65
[RSI] FIL: 56.38
[RSI] LINK: 57.33
[RSI] CRO: 56.25
[RSI] DOT: 52.78
[RSI] AAVE: 49.01
[RSI] UNI: 57.0
[RSI] NEAR: 48.21
[RSI] APT: 52.36
[RSI] CFX: 60.31
[RSI] CRV: 41.43
[RSI] STX: 49.33
[RSI] LDO: 50.65
[RSI] TAO: 32.02
[RSI] 成功采集 27/27 个币种，RSI之和: 1524.5
[保存] RSI数据已写入 /home/user/webapp/data/coin_change_tracker/rsi_20260316.jsonl
✅ [数据完整] 成功获取全部 27/27 个币种的数据
[保存] 数据已写入 /home/user/webapp/data/coin_change_tracker/coin_change_20260316.jsonl
[保存] 涨速数据已写入 /home/user/webapp/data/coin_change_tracker/velocity_20260316.jsonl
[统计] 总涨跌幅: 27.25%, 5分钟涨速: +3.72%, 币种数: 27, 上涨占比: 96.3% (26↑/1↓), RSI之和: 1524.5
[等待] 下次采集时间: 06:25:22

[2026-03-16 06:25:41] 开始采集...
[价格] BTC: 71927.5
[价格] ETH: 2135.27
[价格] XRP: 1.4293
[价格] BNB: 666.6
[价格] SOL: 90.42
[价格] LTC: 55.61
[价格] DOGE: 0.09567
[价格] SUI: 1.0104
[价格] TRX: 0.29842
[价格] TON: 1.304
[价格] ETC: 8.363
[价格] BCH: 464.0
[价格] HBAR: 0.09562
[价格] XLM: 0.16796
[价格] FIL: 0.8921
[价格] LINK: 9.275
[价格] CRO: 0.07778
[价格] DOT: 1.422
[价格] AAVE: 115.27
[价格] UNI: 4.02
[价格] NEAR: 1.3459
[价格] APT: 0.9255
[价格] CFX: 0.06146
[价格] CRV: 0.2411
[价格] STX: 0.2539
[价格] LDO: 0.3054
[价格] TAO: 282.6
✅ [数据完整] 成功获取全部 27/27 个币种的数据
[保存] 数据已写入 /home/user/webapp/data/coin_change_tracker/coin_change_20260316.jsonl
[保存] 涨速数据已写入 /home/user/webapp/data/coin_change_tracker/velocity_20260316.jsonl
[统计] 总涨跌幅: 30.56%, 5分钟涨速: +4.19%, 币种数: 27, 上涨占比: 96.3% (26↑/1↓)
[等待] 下次采集时间: 06:26:41

[2026-03-16 06:26:55] 开始采集...
[价格] BTC: 71898.4
[价格] ETH: 2134.2
[价格] XRP: 1.4287
[价格] BNB: 666.3
[价格] SOL: 90.33
[价格] LTC: 55.53
[价格] DOGE: 0.09566
[价格] SUI: 1.0102
[价格] TRX: 0.29844
[价格] TON: 1.304
[价格] ETC: 8.36
[价格] BCH: 463.8
[价格] HBAR: 0.09556
[价格] XLM: 0.1679
[价格] FIL: 0.8915
[价格] LINK: 9.268
[价格] CRO: 0.07775
[价格] DOT: 1.421
[价格] AAVE: 115.22
[价格] UNI: 4.018
[价格] NEAR: 1.3453
[价格] APT: 0.9255
[价格] CFX: 0.06141
[价格] CRV: 0.2414
[价格] STX: 0.2541
[价格] LDO: 0.3053
[价格] TAO: 282.8
✅ [数据完整] 成功获取全部 27/27 个币种的数据
[保存] 数据已写入 /home/user/webapp/data/coin_change_tracker/coin_change_20260316.jsonl
[保存] 涨速数据已写入 /home/user/webapp/data/coin_change_tracker/velocity_20260316.jsonl
[统计] 总涨跌幅: 29.67%, 5分钟涨速: +2.75%, 币种数: 27, 上涨占比: 96.3% (26↑/1↓)
[等待] 下次采集时间: 06:27:55

[2026-03-16 06:28:05] 开始采集...
[价格] BTC: 71919.4
[价格] ETH: 2134.39
[价格] XRP: 1.4287
[价格] BNB: 666.7
[价格] SOL: 90.3
[价格] LTC: 55.55
[价格] DOGE: 0.09573
[价格] SUI: 1.0105
[价格] TRX: 0.29844
[价格] TON: 1.304
[价格] ETC: 8.365
[价格] BCH: 464.0
[价格] HBAR: 0.09555
[价格] XLM: 0.1681
[价格] FIL: 0.8919
[价格] LINK: 9.271
[价格] CRO: 0.07778
[价格] DOT: 1.422
[价格] AAVE: 115.27
[价格] UNI: 4.02
[价格] NEAR: 1.3462
[价格] APT: 0.9262
[价格] CFX: 0.06157
[价格] CRV: 0.2417
[价格] STX: 0.2543
[价格] LDO: 0.3056
[价格] TAO: 282.4
✅ [数据完整] 成功获取全部 27/27 个币种的数据
[保存] 数据已写入 /home/user/webapp/data/coin_change_tracker/coin_change_20260316.jsonl
[保存] 涨速数据已写入 /home/user/webapp/data/coin_change_tracker/velocity_20260316.jsonl
[统计] 总涨跌幅: 30.95%, 5分钟涨速: +2.82%, 币种数: 27, 上涨占比: 96.3% (26↑/1↓)
[等待] 下次采集时间: 06:29:05

[2026-03-16 06:29:14] 开始采集...
[价格] BTC: 71865.9
[价格] ETH: 2132.23
[价格] XRP: 1.4281
[价格] BNB: 666.4
[价格] SOL: 90.29
[价格] LTC: 55.53
[价格] DOGE: 0.09568
[价格] SUI: 1.0102
[价格] TRX: 0.29844
[价格] TON: 1.303
[价格] ETC: 8.36
[价格] BCH: 463.6
[价格] HBAR: 0.09552
[价格] XLM: 0.16803
[价格] FIL: 0.8915
[价格] LINK: 9.266
[价格] CRO: 0.07775
[价格] DOT: 1.422
[价格] AAVE: 115.17
[价格] UNI: 4.017
[价格] NEAR: 1.3454
[价格] APT: 0.9254
[价格] CFX: 0.06155
[价格] CRV: 0.2416
[价格] STX: 0.2541
[价格] LDO: 0.3054
[价格] TAO: 282.0
✅ [数据完整] 成功获取全部 27/27 个币种的数据
[保存] 数据已写入 /home/user/webapp/data/coin_change_tracker/coin_change_20260316.jsonl
[保存] 涨速数据已写入 /home/user/webapp/data/coin_change_tracker/velocity_20260316.jsonl
[统计] 总涨跌幅: 29.45%, 5分钟涨速: +2.20%, 币种数: 27, 上涨占比: 96.3% (26↑/1↓)
[等待] 下次采集时间: 06:30:14

[2026-03-16 06:30:24] 开始采集...
[价格] BTC: 71953.9
[价格] ETH: 2134.4
[价格] XRP: 1.4295
[价格] BNB: 667.0
[价格] SOL: 90.48
[价格] LTC: 55.58
[价格] DOGE: 0.09575
[价格] SUI: 1.0111
[价格] TRX: 0.29825
[价格] TON: 1.304
[价格] ETC: 8.365
[价格] BCH: 464.0
[价格] HBAR: 0.09561
[价格] XLM: 0.16821
[价格] FIL: 0.8917
[价格] LINK: 9.272
[价格] CRO: 0.07781
[价格] DOT: 1.423
[价格] AAVE: 115.29
[价格] UNI: 4.022
[价格] NEAR: 1.3469
[价格] APT: 0.9263
[价格] CFX: 0.06162
[价格] CRV: 0.2417
[价格] STX: 0.2546
[价格] LDO: 0.3057
[价格] TAO: 281.5
[RSI] 开始采集5分钟RSI数据...
[RSI] BTC: 60.64
[RSI] ETH: 57.11
[RSI] XRP: 66.57
[RSI] BNB: 63.56
[RSI] SOL: 73.96
[RSI] LTC: 57.55
[RSI] DOGE: 59.12
[RSI] SUI: 58.93
[RSI] TRX: 52.29
[RSI] TON: 52.38
[RSI] ETC: 61.79
[RSI] BCH: 60.92
[RSI] HBAR: 56.99
[RSI] XLM: 57.29
[RSI] FIL: 53.71
[RSI] LINK: 56.77
[RSI] CRO: 60.59
[RSI] DOT: 48.48
[RSI] AAVE: 50.0
[RSI] UNI: 57.0
[RSI] NEAR: 50.73
[RSI] APT: 51.72
[RSI] CFX: 66.67
[RSI] CRV: 43.24
[RSI] STX: 49.33
[RSI] LDO: 51.32
[RSI] TAO: 15.49
[RSI] 成功采集 27/27 个币种，RSI之和: 1494.15
[保存] RSI数据已写入 /home/user/webapp/data/coin_change_tracker/rsi_20260316.jsonl
✅ [数据完整] 成功获取全部 27/27 个币种的数据
[保存] 数据已写入 /home/user/webapp/data/coin_change_tracker/coin_change_20260316.jsonl
[保存] 涨速数据已写入 /home/user/webapp/data/coin_change_tracker/velocity_20260316.jsonl
[统计] 总涨跌幅: 31.64%, 5分钟涨速: +1.08%, 币种数: 27, 上涨占比: 96.3% (26↑/1↓), RSI之和: 1494.15
[等待] 下次采集时间: 06:31:24

[2026-03-16 06:31:43] 开始采集...
[价格] BTC: 72037.4
[价格] ETH: 2141.39
[价格] XRP: 1.4355
[价格] BNB: 668.1
[价格] SOL: 90.89
[价格] LTC: 55.72
[价格] DOGE: 0.09618
[价格] SUI: 1.0168
[价格] TRX: 0.29846
[价格] TON: 1.304
[价格] ETC: 8.4
[价格] BCH: 465.1
[价格] HBAR: 0.09591
[价格] XLM: 0.169
[价格] FIL: 0.8948
[价格] LINK: 9.309
[价格] CRO: 0.07802
[价格] DOT: 1.429
[价格] AAVE: 115.87
[价格] UNI: 4.04
[价格] NEAR: 1.3528
[价格] APT: 0.9302
[价格] CFX: 0.06173
[价格] CRV: 0.2424
[价格] STX: 0.2554
[价格] LDO: 0.3069
[价格] TAO: 282.7
✅ [数据完整] 成功获取全部 27/27 个币种的数据
[保存] 数据已写入 /home/user/webapp/data/coin_change_tracker/coin_change_20260316.jsonl
[保存] 涨速数据已写入 /home/user/webapp/data/coin_change_tracker/velocity_20260316.jsonl
[统计] 总涨跌幅: 40.86%, 5分钟涨速: +11.19%, 币种数: 27, 上涨占比: 96.3% (26↑/1↓)
[等待] 下次采集时间: 06:32:43

[2026-03-16 06:32:53] 开始采集...
[价格] BTC: 72165.0
[价格] ETH: 2153.05
[价格] XRP: 1.4394
[价格] BNB: 670.3
[价格] SOL: 91.31
[价格] LTC: 55.87
[价格] DOGE: 0.09645
[价格] SUI: 1.0191
[价格] TRX: 0.2983
[价格] TON: 1.306
[价格] ETC: 8.417
[价格] BCH: 465.5
[价格] HBAR: 0.096
[价格] XLM: 0.16923
[价格] FIL: 0.8973
[价格] LINK: 9.34
[价格] CRO: 0.07819
[价格] DOT: 1.431
[价格] AAVE: 116.24
[价格] UNI: 4.049
[价格] NEAR: 1.3573
[价格] APT: 0.9319
[价格] CFX: 0.06185
[价格] CRV: 0.243
[价格] STX: 0.2559
[价格] LDO: 0.3075
[价格] TAO: 282.9
✅ [数据完整] 成功获取全部 27/27 个币种的数据
[保存] 数据已写入 /home/user/webapp/data/coin_change_tracker/coin_change_20260316.jsonl
[保存] 涨速数据已写入 /home/user/webapp/data/coin_change_tracker/velocity_20260316.jsonl
[统计] 总涨跌幅: 47.09%, 5分钟涨速: +16.14%, 币种数: 27, 上涨占比: 96.3% (26↑/1↓)
[等待] 下次采集时间: 06:33:53

[2026-03-16 06:34:02] 开始采集...
[价格] BTC: 72016.8
[价格] ETH: 2146.28
[价格] XRP: 1.4376
[价格] BNB: 668.6
[价格] SOL: 90.97
[价格] LTC: 55.72
[价格] DOGE: 0.09608
[价格] SUI: 1.0158
[价格] TRX: 0.2983
[价格] TON: 1.304
[价格] ETC: 8.395
[价格] BCH: 468.0
[价格] HBAR: 0.09581
[价格] XLM: 0.16872
[价格] FIL: 0.8942
[价格] LINK: 9.314
[价格] CRO: 0.078
[价格] DOT: 1.429
[价格] AAVE: 116.06
[价格] UNI: 4.042
[价格] NEAR: 1.3529
[价格] APT: 0.9297
[价格] CFX: 0.06179
[价格] CRV: 0.2428
[价格] STX: 0.2554
[价格] LDO: 0.3068
[价格] TAO: 282.6
✅ [数据完整] 成功获取全部 27/27 个币种的数据
[保存] 数据已写入 /home/user/webapp/data/coin_change_tracker/coin_change_20260316.jsonl
[保存] 涨速数据已写入 /home/user/webapp/data/coin_change_tracker/velocity_20260316.jsonl
[统计] 总涨跌幅: 41.74%, 5分钟涨速: +12.29%, 币种数: 27, 上涨占比: 96.3% (26↑/1↓)
[等待] 下次采集时间: 06:35:02

[2026-03-16 06:35:11] 开始采集...
[价格] BTC: 72025.0
[价格] ETH: 2151.94
[价格] XRP: 1.4402
[价格] BNB: 669.1
[价格] SOL: 91.09
[价格] LTC: 55.8
[价格] DOGE: 0.09631
[价格] SUI: 1.0187
[价格] TRX: 0.29829
[价格] TON: 1.305
[价格] ETC: 8.412
[价格] BCH: 467.7
[价格] HBAR: 0.09599
[价格] XLM: 0.16919
[价格] FIL: 0.8963
[价格] LINK: 9.34
[价格] CRO: 0.07823
[价格] DOT: 1.43
[价格] AAVE: 116.05
[价格] UNI: 4.046
[价格] NEAR: 1.3516
[价格] APT: 0.9301
[价格] CFX: 0.06223
[价格] CRV: 0.2427
[价格] STX: 0.2552
[价格] LDO: 0.3069
[价格] TAO: 282.5
✅ [数据完整] 成功获取全部 27/27 个币种的数据
[保存] 数据已写入 /home/user/webapp/data/coin_change_tracker/coin_change_20260316.jsonl
[保存] 涨速数据已写入 /home/user/webapp/data/coin_change_tracker/velocity_20260316.jsonl
[统计] 总涨跌幅: 45.32%, 5分钟涨速: +13.68%, 币种数: 27, 上涨占比: 96.3% (26↑/1↓)
[等待] 下次采集时间: 06:36:11

[2026-03-16 06:36:21] 开始采集...
[价格] BTC: 72023.3
[价格] ETH: 2149.44
[价格] XRP: 1.4385
[价格] BNB: 668.9
[价格] SOL: 91.12
[价格] LTC: 55.76
[价格] DOGE: 0.0962
[价格] SUI: 1.0175
[价格] TRX: 0.29829
[价格] TON: 1.305
[价格] ETC: 8.404
[价格] BCH: 466.9
[价格] HBAR: 0.09588
[价格] XLM: 0.16887
[价格] FIL: 0.896
[价格] LINK: 9.332
[价格] CRO: 0.07809
[价格] DOT: 1.429
[价格] AAVE: 115.96
[价格] UNI: 4.043
[价格] NEAR: 1.3497
[价格] APT: 0.9295
[价格] CFX: 0.0619
[价格] CRV: 0.2427
[价格] STX: 0.2551
[价格] LDO: 0.3065
[价格] TAO: 282.4
[RSI] 开始采集5分钟RSI数据...
[RSI] BTC: 61.77
[RSI] ETH: 65.61
[RSI] XRP: 72.17
[RSI] BNB: 67.39
[RSI] SOL: 77.62
[RSI] LTC: 62.88
[RSI] DOGE: 65.33
[RSI] SUI: 64.99
[RSI] TRX: 52.05
[RSI] TON: 54.55
[RSI] ETC: 64.96
[RSI] BCH: 68.15
[RSI] HBAR: 60.91
[RSI] XLM: 59.44
[RSI] FIL: 61.64
[RSI] LINK: 64.51
[RSI] CRO: 66.03
[RSI] DOT: 55.0
[RSI] AAVE: 58.55
[RSI] UNI: 61.79
[RSI] NEAR: 53.35
[RSI] APT: 56.2
[RSI] CFX: 66.57
[RSI] CRV: 45.0
[RSI] STX: 51.16
[RSI] LDO: 55.06
[RSI] TAO: 27.94
[RSI] 成功采集 27/27 个币种，RSI之和: 1620.62
[保存] RSI数据已写入 /home/user/webapp/data/coin_change_tracker/rsi_20260316.jsonl
✅ [数据完整] 成功获取全部 27/27 个币种的数据
[保存] 数据已写入 /home/user/webapp/data/coin_change_tracker/coin_change_20260316.jsonl
[保存] 涨速数据已写入 /home/user/webapp/data/coin_change_tracker/velocity_20260316.jsonl
[统计] 总涨跌幅: 42.71%, 5分钟涨速: +1.85%, 币种数: 27, 上涨占比: 96.3% (26↑/1↓), RSI之和: 1620.62
[等待] 下次采集时间: 06:37:21

[2026-03-16 06:37:40] 开始采集...
[价格] BTC: 72043.6
[价格] ETH: 2150.16
[价格] XRP: 1.439
[价格] BNB: 669.0
[价格] SOL: 91.07
[价格] LTC: 55.7
[价格] DOGE: 0.09626
[价格] SUI: 1.0173
[价格] TRX: 0.29828
[价格] TON: 1.305
[价格] ETC: 8.405
[价格] BCH: 466.4
[价格] HBAR: 0.09589
[价格] XLM: 0.16897
[价格] FIL: 0.896
[价格] LINK: 9.332
[价格] CRO: 0.07808
[价格] DOT: 1.426
[价格] AAVE: 115.9
[价格] UNI: 4.041
[价格] NEAR: 1.3506
[价格] APT: 0.9299
[价格] CFX: 0.06188
[价格] CRV: 0.2426
[价格] STX: 0.2554
[价格] LDO: 0.3067
[价格] TAO: 282.7
✅ [数据完整] 成功获取全部 27/27 个币种的数据
[保存] 数据已写入 /home/user/webapp/data/coin_change_tracker/coin_change_20260316.jsonl
[保存] 涨速数据已写入 /home/user/webapp/data/coin_change_tracker/velocity_20260316.jsonl
[统计] 总涨跌幅: 42.66%, 5分钟涨速: -4.43%, 币种数: 27, 上涨占比: 96.3% (26↑/1↓)
[等待] 下次采集时间: 06:38:40

[2026-03-16 06:38:50] 开始采集...
[价格] BTC: 72084.9
[价格] ETH: 2151.57
[价格] XRP: 1.4401
[价格] BNB: 669.4
[价格] SOL: 91.23
[价格] LTC: 55.75
[价格] DOGE: 0.09636
[价格] SUI: 1.0188
[价格] TRX: 0.29828
[价格] TON: 1.305
[价格] ETC: 8.413
[价格] BCH: 466.8
[价格] HBAR: 0.096
[价格] XLM: 0.16925
[价格] FIL: 0.8971
[价格] LINK: 9.357
[价格] CRO: 0.07819
[价格] DOT: 1.43
[价格] AAVE: 116.19
[价格] UNI: 4.05
[价格] NEAR: 1.353
[价格] APT: 0.9318
[价格] CFX: 0.06193
[价格] CRV: 0.2431
[价格] STX: 0.2558
[价格] LDO: 0.3075
[价格] TAO: 283.5
✅ [数据完整] 成功获取全部 27/27 个币种的数据
[保存] 数据已写入 /home/user/webapp/data/coin_change_tracker/coin_change_20260316.jsonl
[保存] 涨速数据已写入 /home/user/webapp/data/coin_change_tracker/velocity_20260316.jsonl
[统计] 总涨跌幅: 46.63%, 5分钟涨速: +4.89%, 币种数: 27, 上涨占比: 96.3% (26↑/1↓)
[等待] 下次采集时间: 06:39:50

[2026-03-16 06:39:59] 开始采集...
[价格] BTC: 72284.8
[价格] ETH: 2163.0
[价格] XRP: 1.4446
[价格] BNB: 671.5
[价格] SOL: 91.55
[价格] LTC: 55.89
[价格] DOGE: 0.09669
[价格] SUI: 1.0206
[价格] TRX: 0.29841
[价格] TON: 1.306
[价格] ETC: 8.429
[价格] BCH: 467.5
[价格] HBAR: 0.09614
[价格] XLM: 0.16958
[价格] FIL: 0.898
[价格] LINK: 9.379
[价格] CRO: 0.07834
[价格] DOT: 1.431
[价格] AAVE: 116.29
[价格] UNI: 4.056
[价格] NEAR: 1.3538
[价格] APT: 0.9318
[价格] CFX: 0.06179
[价格] CRV: 0.2435
[价格] STX: 0.2559
[价格] LDO: 0.3078
[价格] TAO: 283.5
✅ [数据完整] 成功获取全部 27/27 个币种的数据
[保存] 数据已写入 /home/user/webapp/data/coin_change_tracker/coin_change_20260316.jsonl
[保存] 涨速数据已写入 /home/user/webapp/data/coin_change_tracker/velocity_20260316.jsonl
[统计] 总涨跌幅: 51.05%, 5分钟涨速: +5.73%, 币种数: 27, 上涨占比: 96.3% (26↑/1↓)
[等待] 下次采集时间: 06:40:59

[2026-03-16 06:41:09] 开始采集...
[价格] BTC: 72359.0
[价格] ETH: 2167.27
[价格] XRP: 1.449
[价格] BNB: 672.3
[价格] SOL: 91.61
[价格] LTC: 55.92
[价格] DOGE: 0.09676
[价格] SUI: 1.0222
[价格] TRX: 0.2984
[价格] TON: 1.306
[价格] ETC: 8.435
[价格] BCH: 467.5
[价格] HBAR: 0.09622
[价格] XLM: 0.1696
[价格] FIL: 0.8978
[价格] LINK: 9.39
[价格] CRO: 0.07853
[价格] DOT: 1.435
[价格] AAVE: 116.46
[价格] UNI: 4.061
[价格] NEAR: 1.3533
[价格] APT: 0.9328
[价格] CFX: 0.06184
[价格] CRV: 0.2437
[价格] STX: 0.2562
[价格] LDO: 0.308
[价格] TAO: 284.3
✅ [数据完整] 成功获取全部 27/27 个币种的数据
[保存] 数据已写入 /home/user/webapp/data/coin_change_tracker/coin_change_20260316.jsonl
[保存] 涨速数据已写入 /home/user/webapp/data/coin_change_tracker/velocity_20260316.jsonl
[统计] 总涨跌幅: 53.90%, 5分钟涨速: +11.19%, 币种数: 27, 上涨占比: 96.3% (26↑/1↓)
[等待] 下次采集时间: 06:42:09

[2026-03-16 06:42:18] 开始采集...
[价格] BTC: 72359.2
[价格] ETH: 2168.29
[价格] XRP: 1.4549
[价格] BNB: 672.7
[价格] SOL: 92.16
[价格] LTC: 55.95
[价格] DOGE: 0.09682
[价格] SUI: 1.0232
[价格] TRX: 0.29839
[价格] TON: 1.307
[价格] ETC: 8.438
[价格] BCH: 467.4
[价格] HBAR: 0.09626
[价格] XLM: 0.16974
[价格] FIL: 0.8974
[价格] LINK: 9.404
[价格] CRO: 0.07859
[价格] DOT: 1.434
[价格] AAVE: 116.39
[价格] UNI: 4.063
[价格] NEAR: 1.3532
[价格] APT: 0.933
[价格] CFX: 0.06174
[价格] CRV: 0.2436
[价格] STX: 0.2563
[价格] LDO: 0.3084
[价格] TAO: 283.8
[RSI] 开始采集5分钟RSI数据...
[RSI] BTC: 64.86
[RSI] ETH: 72.51
[RSI] XRP: 78.74
[RSI] BNB: 71.9
[RSI] SOL: 79.2
[RSI] LTC: 65.38
[RSI] DOGE: 69.25
[RSI] SUI: 67.58
[RSI] TRX: 50.7
[RSI] TON: 54.55
[RSI] ETC: 68.36
[RSI] BCH: 68.1
[RSI] HBAR: 63.76
[RSI] XLM: 64.5
[RSI] FIL: 62.27
[RSI] LINK: 69.06
[RSI] CRO: 73.11
[RSI] DOT: 59.52
[RSI] AAVE: 60.31
[RSI] UNI: 65.32
[RSI] NEAR: 54.67
[RSI] APT: 61.38
[RSI] CFX: 63.43
[RSI] CRV: 57.89
[RSI] STX: 56.32
[RSI] LDO: 61.46
[RSI] TAO: 35.61
[RSI] 成功采集 27/27 个币种，RSI之和: 1719.74
[保存] RSI数据已写入 /home/user/webapp/data/coin_change_tracker/rsi_20260316.jsonl
✅ [数据完整] 成功获取全部 27/27 个币种的数据
[保存] 数据已写入 /home/user/webapp/data/coin_change_tracker/coin_change_20260316.jsonl
[保存] 涨速数据已写入 /home/user/webapp/data/coin_change_tracker/velocity_20260316.jsonl
[统计] 总涨跌幅: 55.39%, 5分钟涨速: +12.73%, 币种数: 27, 上涨占比: 96.3% (26↑/1↓), RSI之和: 1719.74
[等待] 下次采集时间: 06:43:18

[2026-03-16 06:43:37] 开始采集...
[价格] BTC: 72420.9
[价格] ETH: 2174.85
[价格] XRP: 1.4557
[价格] BNB: 673.8
[价格] SOL: 92.22
[价格] LTC: 56.01
[价格] DOGE: 0.09695
[价格] SUI: 1.0245
[价格] TRX: 0.29847
[价格] TON: 1.308
[价格] ETC: 8.45
[价格] BCH: 468.0
[价格] HBAR: 0.09637
[价格] XLM: 0.16988
[价格] FIL: 0.8991
[价格] LINK: 9.426
[价格] CRO: 0.07863
[价格] DOT: 1.436
[价格] AAVE: 116.5
[价格] UNI: 4.066
[价格] NEAR: 1.3546
[价格] APT: 0.9343
[价格] CFX: 0.0619
[价格] CRV: 0.2438
[价格] STX: 0.2566
[价格] LDO: 0.3087
[价格] TAO: 284.5
✅ [数据完整] 成功获取全部 27/27 个币种的数据
[保存] 数据已写入 /home/user/webapp/data/coin_change_tracker/coin_change_20260316.jsonl
[保存] 涨速数据已写入 /home/user/webapp/data/coin_change_tracker/velocity_20260316.jsonl
[统计] 总涨跌幅: 58.90%, 5分钟涨速: +12.27%, 币种数: 27, 上涨占比: 96.3% (26↑/1↓)
[等待] 下次采集时间: 06:44:37

[2026-03-16 06:44:47] 开始采集...
[价格] BTC: 72323.9
[价格] ETH: 2170.34
[价格] XRP: 1.4503
[价格] BNB: 673.0
[价格] SOL: 91.95
[价格] LTC: 55.94
[价格] DOGE: 0.09679
[价格] SUI: 1.0229
[价格] TRX: 0.29848
[价格] TON: 1.307
[价格] ETC: 8.439
[价格] BCH: 467.6
[价格] HBAR: 0.09626
[价格] XLM: 0.16974
[价格] FIL: 0.8977
[价格] LINK: 9.416
[价格] CRO: 0.07849
[价格] DOT: 1.433
[价格] AAVE: 116.4
[价格] UNI: 4.061
[价格] NEAR: 1.3531
[价格] APT: 0.9326
[价格] CFX: 0.06182
[价格] CRV: 0.2435
[价格] STX: 0.2561
[价格] LDO: 0.3081
[价格] TAO: 284.5
✅ [数据完整] 成功获取全部 27/27 个币种的数据
[保存] 数据已写入 /home/user/webapp/data/coin_change_tracker/coin_change_20260316.jsonl
[保存] 涨速数据已写入 /home/user/webapp/data/coin_change_tracker/velocity_20260316.jsonl
[统计] 总涨跌幅: 54.98%, 5分钟涨速: +3.93%, 币种数: 27, 上涨占比: 96.3% (26↑/1↓)
[等待] 下次采集时间: 06:45:47

[2026-03-16 06:45:56] 开始采集...
[价格] BTC: 72400.7
[价格] ETH: 2175.03
[价格] XRP: 1.4545
[价格] BNB: 673.4
[价格] SOL: 92.19
[价格] LTC: 56.03
[价格] DOGE: 0.09694
[价格] SUI: 1.0246
[价格] TRX: 0.2985
[价格] TON: 1.307
[价格] ETC: 8.453
[价格] BCH: 468.1
[价格] HBAR: 0.09639
[价格] XLM: 0.17011
[价格] FIL: 0.8989
[价格] LINK: 9.44
[价格] CRO: 0.07863
[价格] DOT: 1.435
[价格] AAVE: 116.74
[价格] UNI: 4.07
[价格] NEAR: 1.3549
[价格] APT: 0.9349
[价格] CFX: 0.06188
[价格] CRV: 0.2439
[价格] STX: 0.2561
[价格] LDO: 0.309
[价格] TAO: 284.3
✅ [数据完整] 成功获取全部 27/27 个币种的数据
[保存] 数据已写入 /home/user/webapp/data/coin_change_tracker/coin_change_20260316.jsonl
[保存] 涨速数据已写入 /home/user/webapp/data/coin_change_tracker/velocity_20260316.jsonl
[统计] 总涨跌幅: 59.20%, 5分钟涨速: +5.30%, 币种数: 27, 上涨占比: 96.3% (26↑/1↓)
[等待] 下次采集时间: 06:46:56

[2026-03-16 06:47:06] 开始采集...
[价格] BTC: 72490.9
[价格] ETH: 2179.45
[价格] XRP: 1.4567
[价格] BNB: 674.5
[价格] SOL: 92.35
[价格] LTC: 56.06
[价格] DOGE: 0.09706
[价格] SUI: 1.0247
[价格] TRX: 0.29858
[价格] TON: 1.308
[价格] ETC: 8.462
[价格] BCH: 468.3
[价格] HBAR: 0.09648
[价格] XLM: 0.1703
[价格] FIL: 0.8988
[价格] LINK: 9.439
[价格] CRO: 0.07865
[价格] DOT: 1.436
[价格] AAVE: 116.96
[价格] UNI: 4.073
[价格] NEAR: 1.3548
[价格] APT: 0.9344
[价格] CFX: 0.0619
[价格] CRV: 0.2443
[价格] STX: 0.2564
[价格] LDO: 0.3091
[价格] TAO: 284.8
✅ [数据完整] 成功获取全部 27/27 个币种的数据
[保存] 数据已写入 /home/user/webapp/data/coin_change_tracker/coin_change_20260316.jsonl
[保存] 涨速数据已写入 /home/user/webapp/data/coin_change_tracker/velocity_20260316.jsonl
[统计] 总涨跌幅: 61.48%, 5分钟涨速: +6.09%, 币种数: 27, 上涨占比: 100.0% (26↑/0↓)
[等待] 下次采集时间: 06:48:06

[2026-03-16 06:48:15] 开始采集...
[价格] BTC: 72450.1
[价格] ETH: 2178.66
[价格] XRP: 1.4539
[价格] BNB: 674.3
[价格] SOL: 92.31
[价格] LTC: 56.07
[价格] DOGE: 0.09701
[价格] SUI: 1.0264
[价格] TRX: 0.29856
[价格] TON: 1.308
[价格] ETC: 8.465
[价格] BCH: 468.2
[价格] HBAR: 0.09651
[价格] XLM: 0.17024
[价格] FIL: 0.8994
[价格] LINK: 9.442
[价格] CRO: 0.07859
[价格] DOT: 1.437
[价格] AAVE: 116.97
[价格] UNI: 4.078
[价格] NEAR: 1.3546
[价格] APT: 0.9344
[价格] CFX: 0.06194
[价格] CRV: 0.2444
[价格] STX: 0.2565
[价格] LDO: 0.3091
[价格] TAO: 285.1
[RSI] 开始采集5分钟RSI数据...
[RSI] BTC: 64.9
[RSI] ETH: 75.01
[RSI] XRP: 77.78
[RSI] BNB: 72.78
[RSI] SOL: 79.02
[RSI] LTC: 66.17
[RSI] DOGE: 67.48
[RSI] SUI: 67.34
[RSI] TRX: 56.86
[RSI] TON: 52.38
[RSI] ETC: 67.21
[RSI] BCH: 66.96
[RSI] HBAR: 62.95
[RSI] XLM: 62.87
[RSI] FIL: 60.58
[RSI] LINK: 71.3
[RSI] CRO: 69.38
[RSI] DOT: 58.54
[RSI] AAVE: 62.35
[RSI] UNI: 65.04
[RSI] NEAR: 44.44
[RSI] APT: 56.25
[RSI] CFX: 62.29
[RSI] CRV: 54.93
[RSI] STX: 51.28
[RSI] LDO: 60.22
[RSI] TAO: 39.29
[RSI] 成功采集 27/27 个币种，RSI之和: 1695.6
[保存] RSI数据已写入 /home/user/webapp/data/coin_change_tracker/rsi_20260316.jsonl
✅ [数据完整] 成功获取全部 27/27 个币种的数据
[保存] 数据已写入 /home/user/webapp/data/coin_change_tracker/coin_change_20260316.jsonl
[保存] 涨速数据已写入 /home/user/webapp/data/coin_change_tracker/velocity_20260316.jsonl
[统计] 总涨跌幅: 61.74%, 5分钟涨速: +2.84%, 币种数: 27, 上涨占比: 100.0% (26↑/0↓), RSI之和: 1695.6
[等待] 下次采集时间: 06:49:15

[2026-03-16 06:49:34] 开始采集...
[价格] BTC: 72439.5
[价格] ETH: 2175.21
[价格] XRP: 1.4548
[价格] BNB: 674.2
[价格] SOL: 92.16
[价格] LTC: 56.01
[价格] DOGE: 0.09696
[价格] SUI: 1.0259
[价格] TRX: 0.29845
[价格] TON: 1.308
[价格] ETC: 8.462
[价格] BCH: 468.0
[价格] HBAR: 0.09641
[价格] XLM: 0.17025
[价格] FIL: 0.898
[价格] LINK: 9.436
[价格] CRO: 0.07849
[价格] DOT: 1.435
[价格] AAVE: 116.71
[价格] UNI: 4.073
[价格] NEAR: 1.3531
[价格] APT: 0.9335
[价格] CFX: 0.0619
[价格] CRV: 0.2443
[价格] STX: 0.2564
[价格] LDO: 0.3088
[价格] TAO: 284.2
✅ [数据完整] 成功获取全部 27/27 个币种的数据
[保存] 数据已写入 /home/user/webapp/data/coin_change_tracker/coin_change_20260316.jsonl
[保存] 涨速数据已写入 /home/user/webapp/data/coin_change_tracker/velocity_20260316.jsonl
[统计] 总涨跌幅: 59.37%, 5分钟涨速: +4.39%, 币种数: 27, 上涨占比: 96.3% (26↑/1↓)
[等待] 下次采集时间: 06:50:34

[2026-03-16 06:50:48] 开始采集...
[价格] BTC: 72554.8
[价格] ETH: 2181.01
[价格] XRP: 1.4574
[价格] BNB: 675.3
[价格] SOL: 92.36
[价格] LTC: 56.06
[价格] DOGE: 0.0971
[价格] SUI: 1.0284
[价格] TRX: 0.29844
[价格] TON: 1.308
[价格] ETC: 8.47
[价格] BCH: 468.1
[价格] HBAR: 0.09652
[价格] XLM: 0.17058
[价格] FIL: 0.8992
[价格] LINK: 9.476
[价格] CRO: 0.07856
[价格] DOT: 1.437
[价格] AAVE: 117.13
[价格] UNI: 4.088
[价格] NEAR: 1.3559
[价格] APT: 0.9357
[价格] CFX: 0.06206
[价格] CRV: 0.2447
[价格] STX: 0.2569
[价格] LDO: 0.3097
[价格] TAO: 283.9
✅ [数据完整] 成功获取全部 27/27 个币种的数据
[保存] 数据已写入 /home/user/webapp/data/coin_change_tracker/coin_change_20260316.jsonl
[保存] 涨速数据已写入 /home/user/webapp/data/coin_change_tracker/velocity_20260316.jsonl
[统计] 总涨跌幅: 64.17%, 5分钟涨速: +4.97%, 币种数: 27, 上涨占比: 96.3% (26↑/1↓)
[等待] 下次采集时间: 06:51:48

[2026-03-16 06:51:58] 开始采集...
[价格] BTC: 72635.1
[价格] ETH: 2181.94
[价格] XRP: 1.4578
[价格] BNB: 676.1
[价格] SOL: 92.41
[价格] LTC: 56.07
[价格] DOGE: 0.09714
[价格] SUI: 1.0286
[价格] TRX: 0.29843
[价格] TON: 1.308
[价格] ETC: 8.474
[价格] BCH: 468.2
[价格] HBAR: 0.09658
[价格] XLM: 0.17053
[价格] FIL: 0.8988
[价格] LINK: 9.465
[价格] CRO: 0.07862
[价格] DOT: 1.436
[价格] AAVE: 117.08
[价格] UNI: 4.085
[价格] NEAR: 1.3529
[价格] APT: 0.9348
[价格] CFX: 0.06213
[价格] CRV: 0.2447
[价格] STX: 0.2568
[价格] LDO: 0.3094
[价格] TAO: 282.7
✅ [数据完整] 成功获取全部 27/27 个币种的数据
[保存] 数据已写入 /home/user/webapp/data/coin_change_tracker/coin_change_20260316.jsonl
[保存] 涨速数据已写入 /home/user/webapp/data/coin_change_tracker/velocity_20260316.jsonl
[统计] 总涨跌幅: 63.63%, 5分钟涨速: +2.15%, 币种数: 27, 上涨占比: 96.3% (26↑/1↓)
[等待] 下次采集时间: 06:52:58

[2026-03-16 06:53:07] 开始采集...
[价格] BTC: 72934.6
[价格] ETH: 2191.98
[价格] XRP: 1.4616
[价格] BNB: 678.7
[价格] SOL: 92.77
[价格] LTC: 56.21
[价格] DOGE: 0.09754
[价格] SUI: 1.0314
[价格] TRX: 0.29859
[价格] TON: 1.31
[价格] ETC: 8.501
[价格] BCH: 469.3
[价格] HBAR: 0.09685
[价格] XLM: 0.171
[价格] FIL: 0.9016
[价格] LINK: 9.516
[价格] CRO: 0.07877
[价格] DOT: 1.44
[价格] AAVE: 117.5
[价格] UNI: 4.105
[价格] NEAR: 1.3571
[价格] APT: 0.9379
[价格] CFX: 0.06213
[价格] CRV: 0.245
[价格] STX: 0.2577
[价格] LDO: 0.3108
[价格] TAO: 285.0
✅ [数据完整] 成功获取全部 27/27 个币种的数据
[保存] 数据已写入 /home/user/webapp/data/coin_change_tracker/coin_change_20260316.jsonl
[保存] 涨速数据已写入 /home/user/webapp/data/coin_change_tracker/velocity_20260316.jsonl
[统计] 总涨跌幅: 72.58%, 5分钟涨速: +10.84%, 币种数: 27, 上涨占比: 100.0% (27↑/0↓)
[等待] 下次采集时间: 06:54:07

[2026-03-16 06:54:17] 开始采集...
[价格] BTC: 72797.0
[价格] ETH: 2185.01
[价格] XRP: 1.4583
[价格] BNB: 677.2
[价格] SOL: 92.6
[价格] LTC: 56.23
[价格] DOGE: 0.09738
[价格] SUI: 1.0305
[价格] TRX: 0.29843
[价格] TON: 1.309
[价格] ETC: 8.491
[价格] BCH: 468.9
[价格] HBAR: 0.0966
[价格] XLM: 0.17082
[价格] FIL: 0.9
[价格] LINK: 9.485
[价格] CRO: 0.07866
[价格] DOT: 1.438
[价格] AAVE: 117.28
[价格] UNI: 4.091
[价格] NEAR: 1.3541
[价格] APT: 0.9368
[价格] CFX: 0.06207
[价格] CRV: 0.2452
[价格] STX: 0.2571
[价格] LDO: 0.3103
[价格] TAO: 285.5
[RSI] 开始采集5分钟RSI数据...
[RSI] BTC: 69.15
[RSI] ETH: 74.3
[RSI] XRP: 77.3
[RSI] BNB: 76.24
[RSI] SOL: 80.4
[RSI] LTC: 69.59
[RSI] DOGE: 71.51
[RSI] SUI: 68.14
[RSI] TRX: 61.29
[RSI] TON: 47.62
[RSI] ETC: 68.63
[RSI] BCH: 68.81
[RSI] HBAR: 62.91
[RSI] XLM: 64.1
[RSI] FIL: 60.2
[RSI] LINK: 72.5
[RSI] CRO: 68.0
[RSI] DOT: 57.89
[RSI] AAVE: 62.53
[RSI] UNI: 66.14
[RSI] NEAR: 44.1
[RSI] APT: 58.97
[RSI] CFX: 64.44
[RSI] CRV: 57.53
[RSI] STX: 55.26
[RSI] LDO: 62.89
[RSI] TAO: 41.67
[RSI] 成功采集 27/27 个币种，RSI之和: 1732.11
[保存] RSI数据已写入 /home/user/webapp/data/coin_change_tracker/rsi_20260316.jsonl
✅ [数据完整] 成功获取全部 27/27 个币种的数据
[保存] 数据已写入 /home/user/webapp/data/coin_change_tracker/coin_change_20260316.jsonl
[保存] 涨速数据已写入 /home/user/webapp/data/coin_change_tracker/velocity_20260316.jsonl
[统计] 总涨跌幅: 68.53%, 5分钟涨速: +9.16%, 币种数: 27, 上涨占比: 96.3% (26↑/1↓), RSI之和: 1732.11
[等待] 下次采集时间: 06:55:17

[2026-03-16 06:55:36] 开始采集...
[价格] BTC: 72686.0
[价格] ETH: 2182.2
[价格] XRP: 1.4568
[价格] BNB: 675.6
[价格] SOL: 92.42
[价格] LTC: 56.2
[价格] DOGE: 0.09735
[价格] SUI: 1.0273
[价格] TRX: 0.29826
[价格] TON: 1.306
[价格] ETC: 8.479
[价格] BCH: 468.4
[价格] HBAR: 0.0965
[价格] XLM: 0.17061
[价格] FIL: 0.8979
[价格] LINK: 9.476
[价格] CRO: 0.07858
[价格] DOT: 1.436
[价格] AAVE: 117.19
[价格] UNI: 4.087
[价格] NEAR: 1.3531
[价格] APT: 0.9361
[价格] CFX: 0.06216
[价格] CRV: 0.2449
[价格] STX: 0.257
[价格] LDO: 0.3099
[价格] TAO: 286.2
✅ [数据完整] 成功获取全部 27/27 个币种的数据
[保存] 数据已写入 /home/user/webapp/data/coin_change_tracker/coin_change_20260316.jsonl
[保存] 涨速数据已写入 /home/user/webapp/data/coin_change_tracker/velocity_20260316.jsonl
[统计] 总涨跌幅: 65.68%, 5分钟涨速: +1.51%, 币种数: 27, 上涨占比: 96.3% (26↑/1↓)
[等待] 下次采集时间: 06:56:36

[2026-03-16 06:56:45] 开始采集...
[价格] BTC: 72658.0
[价格] ETH: 2180.0
[价格] XRP: 1.4582
[价格] BNB: 675.6
[价格] SOL: 92.41
[价格] LTC: 56.23
[价格] DOGE: 0.09736
[价格] SUI: 1.0274
[价格] TRX: 0.29826
[价格] TON: 1.307
[价格] ETC: 8.479
[价格] BCH: 468.4
[价格] HBAR: 0.09642
[价格] XLM: 0.17046
[价格] FIL: 0.8981
[价格] LINK: 9.464
[价格] CRO: 0.07857
[价格] DOT: 1.436
[价格] AAVE: 117.06
[价格] UNI: 4.084
[价格] NEAR: 1.3527
[价格] APT: 0.9355
[价格] CFX: 0.06212
[价格] CRV: 0.2446
[价格] STX: 0.2571
[价格] LDO: 0.3094
[价格] TAO: 287.0
✅ [数据完整] 成功获取全部 27/27 个币种的数据
[保存] 数据已写入 /home/user/webapp/data/coin_change_tracker/coin_change_20260316.jsonl
[保存] 涨速数据已写入 /home/user/webapp/data/coin_change_tracker/velocity_20260316.jsonl
[统计] 总涨跌幅: 65.16%, 5分钟涨速: +1.53%, 币种数: 27, 上涨占比: 96.3% (26↑/1↓)
[等待] 下次采集时间: 06:57:45

[2026-03-16 06:57:55] 开始采集...
[价格] BTC: 72670.9
[价格] ETH: 2181.05
[价格] XRP: 1.4561
[价格] BNB: 676.1
[价格] SOL: 92.48
[价格] LTC: 56.25
[价格] DOGE: 0.09742
[价格] SUI: 1.027
[价格] TRX: 0.29826
[价格] TON: 1.307
[价格] ETC: 8.478
[价格] BCH: 468.7
[价格] HBAR: 0.09639
[价格] XLM: 0.17045
[价格] FIL: 0.8985
[价格] LINK: 9.466
[价格] CRO: 0.07855
[价格] DOT: 1.437
[价格] AAVE: 117.19
[价格] UNI: 4.086
[价格] NEAR: 1.353
[价格] APT: 0.935
[价格] CFX: 0.06209
[价格] CRV: 0.2446
[价格] STX: 0.2571
[价格] LDO: 0.3095
[价格] TAO: 287.9
✅ [数据完整] 成功获取全部 27/27 个币种的数据
[保存] 数据已写入 /home/user/webapp/data/coin_change_tracker/coin_change_20260316.jsonl
[保存] 涨速数据已写入 /home/user/webapp/data/coin_change_tracker/velocity_20260316.jsonl
[统计] 总涨跌幅: 65.88%, 5分钟涨速: -6.70%, 币种数: 27, 上涨占比: 96.3% (26↑/1↓)
[等待] 下次采集时间: 06:58:55

[2026-03-16 06:59:04] 开始采集...
[价格] BTC: 72763.2
[价格] ETH: 2185.17
[价格] XRP: 1.4552
[价格] BNB: 676.8
[价格] SOL: 92.65
[价格] LTC: 56.34
[价格] DOGE: 0.09749
[价格] SUI: 1.0283
[价格] TRX: 0.29837
[价格] TON: 1.307
[价格] ETC: 8.484
[价格] BCH: 469.5
[价格] HBAR: 0.09654
[价格] XLM: 0.17039
[价格] FIL: 0.8997
[价格] LINK: 9.483
[价格] CRO: 0.07864
[价格] DOT: 1.437
[价格] AAVE: 117.54
[价格] UNI: 4.091
[价格] NEAR: 1.3543
[价格] APT: 0.9362
[价格] CFX: 0.06229
[价格] CRV: 0.2447
[价格] STX: 0.2572
[价格] LDO: 0.31
[价格] TAO: 288.1
✅ [数据完整] 成功获取全部 27/27 个币种的数据
[保存] 数据已写入 /home/user/webapp/data/coin_change_tracker/coin_change_20260316.jsonl
[保存] 涨速数据已写入 /home/user/webapp/data/coin_change_tracker/velocity_20260316.jsonl
[统计] 总涨跌幅: 68.97%, 5分钟涨速: +0.44%, 币种数: 27, 上涨占比: 96.3% (26↑/1↓)
[等待] 下次采集时间: 07:00:04

[2026-03-16 07:00:13] 开始采集...
[价格] BTC: 72790.0
[价格] ETH: 2186.81
[价格] XRP: 1.4558
[价格] BNB: 676.6
[价格] SOL: 92.71
[价格] LTC: 56.23
[价格] DOGE: 0.09743
[价格] SUI: 1.028
[价格] TRX: 0.29835
[价格] TON: 1.308
[价格] ETC: 8.49
[价格] BCH: 469.4
[价格] HBAR: 0.09663
[价格] XLM: 0.17039
[价格] FIL: 0.9002
[价格] LINK: 9.49
[价格] CRO: 0.07862
[价格] DOT: 1.439
[价格] AAVE: 117.5
[价格] UNI: 4.096
[价格] NEAR: 1.3531
[价格] APT: 0.9357
[价格] CFX: 0.0622
[价格] CRV: 0.2454
[价格] STX: 0.2573
[价格] LDO: 0.31
[价格] TAO: 288.3
[RSI] 开始采集5分钟RSI数据...
[RSI] BTC: 73.39
[RSI] ETH: 79.37
[RSI] XRP: 77.92
[RSI] BNB: 78.24
[RSI] SOL: 80.91
[RSI] LTC: 68.46
[RSI] DOGE: 75.43
[RSI] SUI: 67.0
[RSI] TRX: 62.61
[RSI] TON: 60.0
[RSI] ETC: 71.59
[RSI] BCH: 73.21
[RSI] HBAR: 67.42
[RSI] XLM: 65.93
[RSI] FIL: 65.69
[RSI] LINK: 76.13
[RSI] CRO: 65.78
[RSI] DOT: 64.1
[RSI] AAVE: 68.82
[RSI] UNI: 70.9
[RSI] NEAR: 45.53
[RSI] APT: 59.23
[RSI] CFX: 63.03
[RSI] CRV: 65.33
[RSI] STX: 58.75
[RSI] LDO: 65.98
[RSI] TAO: 58.28
[RSI] 成功采集 27/27 个币种，RSI之和: 1829.03
[保存] RSI数据已写入 /home/user/webapp/data/coin_change_tracker/rsi_20260316.jsonl
✅ [数据完整] 成功获取全部 27/27 个币种的数据
[保存] 数据已写入 /home/user/webapp/data/coin_change_tracker/coin_change_20260316.jsonl
[保存] 涨速数据已写入 /home/user/webapp/data/coin_change_tracker/velocity_20260316.jsonl
[统计] 总涨跌幅: 69.55%, 5分钟涨速: +3.87%, 币种数: 27, 上涨占比: 96.3% (26↑/1↓), RSI之和: 1829.03
[等待] 下次采集时间: 07:01:13

[2026-03-16 07:01:33] 开始采集...
[价格] BTC: 72808.3
[价格] ETH: 2188.8
[价格] XRP: 1.4558
[价格] BNB: 677.1
[价格] SOL: 92.91
[价格] LTC: 56.32
[价格] DOGE: 0.09769
[价格] SUI: 1.0282
[价格] TRX: 0.29837
[价格] TON: 1.307
[价格] ETC: 8.496
[价格] BCH: 469.6
[价格] HBAR: 0.09639
[价格] XLM: 0.17049
[价格] FIL: 0.9008
[价格] LINK: 9.5
[价格] CRO: 0.07861
[价格] DOT: 1.439
[价格] AAVE: 117.6
[价格] UNI: 4.1
[价格] NEAR: 1.3532
[价格] APT: 0.9366
[价格] CFX: 0.06217
[价格] CRV: 0.2464
[价格] STX: 0.2571
[价格] LDO: 0.3099
[价格] TAO: 288.2
✅ [数据完整] 成功获取全部 27/27 个币种的数据
[保存] 数据已写入 /home/user/webapp/data/coin_change_tracker/coin_change_20260316.jsonl
[保存] 涨速数据已写入 /home/user/webapp/data/coin_change_tracker/velocity_20260316.jsonl
[统计] 总涨跌幅: 70.97%, 5分钟涨速: +5.81%, 币种数: 27, 上涨占比: 96.3% (26↑/1↓)
[等待] 下次采集时间: 07:02:33

[2026-03-16 07:02:42] 开始采集...
[价格] BTC: 72852.9
[价格] ETH: 2189.33
[价格] XRP: 1.4544
[价格] BNB: 676.8
[价格] SOL: 92.81
[价格] LTC: 56.3
[价格] DOGE: 0.09762
[价格] SUI: 1.0287
[价格] TRX: 0.29841
[价格] TON: 1.308
[价格] ETC: 8.494
[价格] BCH: 469.3
[价格] HBAR: 0.09634
[价格] XLM: 0.17038
[价格] FIL: 0.9004
[价格] LINK: 9.5
[价格] CRO: 0.07858
[价格] DOT: 1.439
[价格] AAVE: 117.38
[价格] UNI: 4.097
[价格] NEAR: 1.3538
[价格] APT: 0.9366
[价格] CFX: 0.062
[价格] CRV: 0.2464
[价格] STX: 0.2572
[价格] LDO: 0.3097
[价格] TAO: 287.6
✅ [数据完整] 成功获取全部 27/27 个币种的数据
[保存] 数据已写入 /home/user/webapp/data/coin_change_tracker/coin_change_20260316.jsonl
[保存] 涨速数据已写入 /home/user/webapp/data/coin_change_tracker/velocity_20260316.jsonl
[统计] 总涨跌幅: 69.80%, 5分钟涨速: +3.92%, 币种数: 27, 上涨占比: 96.3% (26↑/1↓)
[等待] 下次采集时间: 07:03:42

[2026-03-16 07:03:52] 开始采集...
[价格] BTC: 72907.9
[价格] ETH: 2189.75
[价格] XRP: 1.4528
[价格] BNB: 676.7
[价格] SOL: 92.74
[价格] LTC: 56.29
[价格] DOGE: 0.09762
[价格] SUI: 1.0289
[价格] TRX: 0.29841
[价格] TON: 1.307
[价格] ETC: 8.494
[价格] BCH: 469.0
[价格] HBAR: 0.09637
[价格] XLM: 0.17012
[价格] FIL: 0.9001
[价格] LINK: 9.5
[价格] CRO: 0.07854
[价格] DOT: 1.439
[价格] AAVE: 117.33
[价格] UNI: 4.099
[价格] NEAR: 1.351
[价格] APT: 0.9359
[价格] CFX: 0.06195
[价格] CRV: 0.2455
[价格] STX: 0.2568
[价格] LDO: 0.3094
[价格] TAO: 286.8
✅ [数据完整] 成功获取全部 27/27 个币种的数据
[保存] 数据已写入 /home/user/webapp/data/coin_change_tracker/coin_change_20260316.jsonl
[保存] 涨速数据已写入 /home/user/webapp/data/coin_change_tracker/velocity_20260316.jsonl
[统计] 总涨跌幅: 68.02%, 5分钟涨速: -0.95%, 币种数: 27, 上涨占比: 96.3% (26↑/1↓)
[等待] 下次采集时间: 07:04:52

[2026-03-16 07:05:01] 开始采集...
[价格] BTC: 72882.4
[价格] ETH: 2189.91
[价格] XRP: 1.4521
[价格] BNB: 676.9
[价格] SOL: 92.78
[价格] LTC: 56.27
[价格] DOGE: 0.09768
[价格] SUI: 1.0294
[价格] TRX: 0.29839
[价格] TON: 1.307
[价格] ETC: 8.496
[价格] BCH: 468.6
[价格] HBAR: 0.0963
[价格] XLM: 0.1699
[价格] FIL: 0.8995
[价格] LINK: 9.499
[价格] CRO: 0.07846
[价格] DOT: 1.438
[价格] AAVE: 117.43
[价格] UNI: 4.103
[价格] NEAR: 1.354
[价格] APT: 0.9359
[价格] CFX: 0.06168
[价格] CRV: 0.2454
[价格] STX: 0.2568
[价格] LDO: 0.3098
[价格] TAO: 286.5
✅ [数据完整] 成功获取全部 27/27 个币种的数据
[保存] 数据已写入 /home/user/webapp/data/coin_change_tracker/coin_change_20260316.jsonl
[保存] 涨速数据已写入 /home/user/webapp/data/coin_change_tracker/velocity_20260316.jsonl
[统计] 总涨跌幅: 67.51%, 5分钟涨速: -2.04%, 币种数: 27, 上涨占比: 96.3% (26↑/1↓)
[等待] 下次采集时间: 07:06:01

[2026-03-16 07:06:11] 开始采集...
[价格] BTC: 73069.4
[价格] ETH: 2194.65
[价格] XRP: 1.4541
[价格] BNB: 678.2
[价格] SOL: 93.03
[价格] LTC: 56.32
[价格] DOGE: 0.09783
[价格] SUI: 1.0301
[价格] TRX: 0.2985
[价格] TON: 1.306
[价格] ETC: 8.503
[价格] BCH: 469.1
[价格] HBAR: 0.09636
[价格] XLM: 0.17001
[价格] FIL: 0.9005
[价格] LINK: 9.508
[价格] CRO: 0.07857
[价格] DOT: 1.438
[价格] AAVE: 117.6
[价格] UNI: 4.103
[价格] NEAR: 1.3542
[价格] APT: 0.9356
[价格] CFX: 0.06177
[价格] CRV: 0.2455
[价格] STX: 0.2569
[价格] LDO: 0.3096
[价格] TAO: 286.4
[RSI] 开始采集5分钟RSI数据...
[RSI] BTC: 76.58
[RSI] ETH: 79.95
[RSI] XRP: 74.22
[RSI] BNB: 79.56
[RSI] SOL: 81.67
[RSI] LTC: 71.13
[RSI] DOGE: 76.82
[RSI] SUI: 68.23
[RSI] TRX: 65.85
[RSI] TON: 52.63
[RSI] ETC: 71.75
[RSI] BCH: 70.8
[RSI] HBAR: 62.5
[RSI] XLM: 60.76
[RSI] FIL: 64.32
[RSI] LINK: 76.38
[RSI] CRO: 66.67
[RSI] DOT: 63.16
[RSI] AAVE: 68.85
[RSI] UNI: 71.72
[RSI] NEAR: 47.49
[RSI] APT: 60.47
[RSI] CFX: 55.1
[RSI] CRV: 65.79
[RSI] STX: 61.04
[RSI] LDO: 65.26
[RSI] TAO: 52.12
[RSI] 成功采集 27/27 个币种，RSI之和: 1810.82
[保存] RSI数据已写入 /home/user/webapp/data/coin_change_tracker/rsi_20260316.jsonl
✅ [数据完整] 成功获取全部 27/27 个币种的数据
[保存] 数据已写入 /home/user/webapp/data/coin_change_tracker/coin_change_20260316.jsonl
[保存] 涨速数据已写入 /home/user/webapp/data/coin_change_tracker/velocity_20260316.jsonl
[统计] 总涨跌幅: 69.85%, 5分钟涨速: -1.12%, 币种数: 27, 上涨占比: 96.3% (26↑/1↓), RSI之和: 1810.82
[等待] 下次采集时间: 07:07:11

[2026-03-16 07:07:30] 开始采集...
[价格] BTC: 73055.0
[价格] ETH: 2192.18
[价格] XRP: 1.4528
[价格] BNB: 678.0
[价格] SOL: 93.07
[价格] LTC: 56.25
[价格] DOGE: 0.09778
[价格] SUI: 1.0285
[价格] TRX: 0.29864
[价格] TON: 1.307
[价格] ETC: 8.498
[价格] BCH: 469.3
[价格] HBAR: 0.09642
[价格] XLM: 0.16989
[价格] FIL: 0.9
[价格] LINK: 9.502
[价格] CRO: 0.07848
[价格] DOT: 1.438
[价格] AAVE: 117.43
[价格] UNI: 4.099
[价格] NEAR: 1.3506
[价格] APT: 0.9348
[价格] CFX: 0.06156
[价格] CRV: 0.2451
[价格] STX: 0.2566
[价格] LDO: 0.3093
[价格] TAO: 286.4
✅ [数据完整] 成功获取全部 27/27 个币种的数据
[保存] 数据已写入 /home/user/webapp/data/coin_change_tracker/coin_change_20260316.jsonl
[保存] 涨速数据已写入 /home/user/webapp/data/coin_change_tracker/velocity_20260316.jsonl
[统计] 总涨跌幅: 67.81%, 5分钟涨速: -1.99%, 币种数: 27, 上涨占比: 100.0% (27↑/0↓)
[等待] 下次采集时间: 07:08:30

[2026-03-16 07:08:39] 开始采集...
[价格] BTC: 72967.5
[价格] ETH: 2196.28
[价格] XRP: 1.4526
[价格] BNB: 677.9
[价格] SOL: 93.12
[价格] LTC: 56.23
[价格] DOGE: 0.09787
[价格] SUI: 1.028
[价格] TRX: 0.29857
[价格] TON: 1.307
[价格] ETC: 8.504
[价格] BCH: 469.2
[价格] HBAR: 0.09643
[价格] XLM: 0.16992
[价格] FIL: 0.9002
[价格] LINK: 9.512
[价格] CRO: 0.07853
[价格] DOT: 1.439
[价格] AAVE: 117.5
[价格] UNI: 4.1
[价格] NEAR: 1.3511
[价格] APT: 0.9347
[价格] CFX: 0.06169
[价格] CRV: 0.2452
[价格] STX: 0.2565
[价格] LDO: 0.3093
[价格] TAO: 286.2
✅ [数据完整] 成功获取全部 27/27 个币种的数据
[保存] 数据已写入 /home/user/webapp/data/coin_change_tracker/coin_change_20260316.jsonl
[保存] 涨速数据已写入 /home/user/webapp/data/coin_change_tracker/velocity_20260316.jsonl
[统计] 总涨跌幅: 68.51%, 5分钟涨速: +0.49%, 币种数: 27, 上涨占比: 100.0% (26↑/0↓)
[等待] 下次采集时间: 07:09:39

[2026-03-16 07:09:49] 开始采集...
[价格] BTC: 72890.6
[价格] ETH: 2194.95
[价格] XRP: 1.4516
[价格] BNB: 677.5
[价格] SOL: 92.81
[价格] LTC: 56.27
[价格] DOGE: 0.09777
[价格] SUI: 1.0266
[价格] TRX: 0.29852
[价格] TON: 1.307
[价格] ETC: 8.496
[价格] BCH: 469.1
[价格] HBAR: 0.09636
[价格] XLM: 0.16975
[价格] FIL: 0.9003
[价格] LINK: 9.515
[价格] CRO: 0.07854
[价格] DOT: 1.44
[价格] AAVE: 117.57
[价格] UNI: 4.101
[价格] NEAR: 1.3533
[价格] APT: 0.9349
[价格] CFX: 0.06163
[价格] CRV: 0.2451
[价格] STX: 0.2568
[价格] LDO: 0.3095
[价格] TAO: 285.8
✅ [数据完整] 成功获取全部 27/27 个币种的数据
[保存] 数据已写入 /home/user/webapp/data/coin_change_tracker/coin_change_20260316.jsonl
[保存] 涨速数据已写入 /home/user/webapp/data/coin_change_tracker/velocity_20260316.jsonl
[统计] 总涨跌幅: 67.66%, 5分钟涨速: +0.15%, 币种数: 27, 上涨占比: 96.3% (26↑/1↓)
[等待] 下次采集时间: 07:10:49

[2026-03-16 07:10:58] 开始采集...
[价格] BTC: 72916.5
[价格] ETH: 2198.0
[价格] XRP: 1.4516
[价格] BNB: 677.8
[价格] SOL: 92.83
[价格] LTC: 56.31
[价格] DOGE: 0.09775
[价格] SUI: 1.0261
[价格] TRX: 0.29859
[价格] TON: 1.306
[价格] ETC: 8.492
[价格] BCH: 469.1
[价格] HBAR: 0.09629
[价格] XLM: 0.16977
[价格] FIL: 0.9
[价格] LINK: 9.517
[价格] CRO: 0.07847
[价格] DOT: 1.44
[价格] AAVE: 117.66
[价格] UNI: 4.102
[价格] NEAR: 1.3517
[价格] APT: 0.9355
[价格] CFX: 0.06166
[价格] CRV: 0.2443
[价格] STX: 0.2565
[价格] LDO: 0.3095
[价格] TAO: 285.8
✅ [数据完整] 成功获取全部 27/27 个币种的数据
[保存] 数据已写入 /home/user/webapp/data/coin_change_tracker/coin_change_20260316.jsonl
[保存] 涨速数据已写入 /home/user/webapp/data/coin_change_tracker/velocity_20260316.jsonl
[统计] 总涨跌幅: 67.30%, 5分钟涨速: -2.55%, 币种数: 27, 上涨占比: 100.0% (27↑/0↓)
[等待] 下次采集时间: 07:11:58

[2026-03-16 07:12:08] 开始采集...
[价格] BTC: 72953.1
[价格] ETH: 2197.02
[价格] XRP: 1.4524
[价格] BNB: 677.7
[价格] SOL: 92.83
[价格] LTC: 56.31
[价格] DOGE: 0.09775
[价格] SUI: 1.0244
[价格] TRX: 0.29859
[价格] TON: 1.306
[价格] ETC: 8.488
[价格] BCH: 469.2
[价格] HBAR: 0.09629
[价格] XLM: 0.16973
[价格] FIL: 0.8994
[价格] LINK: 9.513
[价格] CRO: 0.07839
[价格] DOT: 1.435
[价格] AAVE: 117.54
[价格] UNI: 4.098
[价格] NEAR: 1.3506
[价格] APT: 0.9338
[价格] CFX: 0.06166
[价格] CRV: 0.2442
[价格] STX: 0.2565
[价格] LDO: 0.3095
[价格] TAO: 286.0
[RSI] 开始采集5分钟RSI数据...
[RSI] BTC: 73.75
[RSI] ETH: 79.37
[RSI] XRP: 67.89
[RSI] BNB: 76.73
[RSI] SOL: 75.62
[RSI] LTC: 65.85
[RSI] DOGE: 74.17
[RSI] SUI: 55.77
[RSI] TRX: 69.23
[RSI] TON: 47.06
[RSI] ETC: 64.61
[RSI] BCH: 68.57
[RSI] HBAR: 54.41
[RSI] XLM: 54.15
[RSI] FIL: 57.22
[RSI] LINK: 74.65
[RSI] CRO: 57.47
[RSI] DOT: 53.66
[RSI] AAVE: 65.44
[RSI] UNI: 67.88
[RSI] NEAR: 41.95
[RSI] APT: 49.58
[RSI] CFX: 47.22
[RSI] CRV: 57.65
[RSI] STX: 54.17
[RSI] LDO: 56.63
[RSI] TAO: 55.42
[RSI] 成功采集 27/27 个币种，RSI之和: 1666.12
[保存] RSI数据已写入 /home/user/webapp/data/coin_change_tracker/rsi_20260316.jsonl
✅ [数据完整] 成功获取全部 27/27 个币种的数据
[保存] 数据已写入 /home/user/webapp/data/coin_change_tracker/coin_change_20260316.jsonl
[保存] 涨速数据已写入 /home/user/webapp/data/coin_change_tracker/velocity_20260316.jsonl
[统计] 总涨跌幅: 66.10%, 5分钟涨速: -1.71%, 币种数: 27, 上涨占比: 100.0% (27↑/0↓), RSI之和: 1666.12
[等待] 下次采集时间: 07:13:08

[2026-03-16 07:13:27] 开始采集...
[价格] BTC: 72862.7
[价格] ETH: 2191.32
[价格] XRP: 1.4494
[价格] BNB: 676.1
[价格] SOL: 92.53
[价格] LTC: 56.17
[价格] DOGE: 0.09746
[价格] SUI: 1.0227
[价格] TRX: 0.29852
[价格] TON: 1.306
[价格] ETC: 8.48
[价格] BCH: 469.3
[价格] HBAR: 0.09611
[价格] XLM: 0.16947
[价格] FIL: 0.8991
[价格] LINK: 9.497
[价格] CRO: 0.07821
[价格] DOT: 1.433
[价格] AAVE: 117.3
[价格] UNI: 4.09
[价格] NEAR: 1.3515
[价格] APT: 0.9342
[价格] CFX: 0.06174
[价格] CRV: 0.2443
[价格] STX: 0.2564
[价格] LDO: 0.3088
[价格] TAO: 286.2
✅ [数据完整] 成功获取全部 27/27 个币种的数据
[保存] 数据已写入 /home/user/webapp/data/coin_change_tracker/coin_change_20260316.jsonl
[保存] 涨速数据已写入 /home/user/webapp/data/coin_change_tracker/velocity_20260316.jsonl
[统计] 总涨跌幅: 62.82%, 5分钟涨速: -5.69%, 币种数: 27, 上涨占比: 96.3% (26↑/1↓)
[等待] 下次采集时间: 07:14:27

[2026-03-16 07:14:36] 开始采集...
[价格] BTC: 72911.0
[价格] ETH: 2192.83
[价格] XRP: 1.4492
[价格] BNB: 676.4
[价格] SOL: 92.61
[价格] LTC: 56.18
[价格] DOGE: 0.0976
[价格] SUI: 1.0234
[价格] TRX: 0.29851
[价格] TON: 1.306
[价格] ETC: 8.481
[价格] BCH: 469.4
[价格] HBAR: 0.09613
[价格] XLM: 0.16963
[价格] FIL: 0.8988
[价格] LINK: 9.506
[价格] CRO: 0.07825
[价格] DOT: 1.434
[价格] AAVE: 117.21
[价格] UNI: 4.09
[价格] NEAR: 1.3511
[价格] APT: 0.9345
[价格] CFX: 0.06161
[价格] CRV: 0.2444
[价格] STX: 0.2562
[价格] LDO: 0.309
[价格] TAO: 287.1
✅ [数据完整] 成功获取全部 27/27 个币种的数据
[保存] 数据已写入 /home/user/webapp/data/coin_change_tracker/coin_change_20260316.jsonl
[保存] 涨速数据已写入 /home/user/webapp/data/coin_change_tracker/velocity_20260316.jsonl
[统计] 总涨跌幅: 63.70%, 5分钟涨速: -3.96%, 币种数: 27, 上涨占比: 96.3% (26↑/1↓)
[等待] 下次采集时间: 07:15:36

[2026-03-16 07:15:51] 开始采集...
[价格] BTC: 73020.5
[价格] ETH: 2196.41
[价格] XRP: 1.4492
[价格] BNB: 677.0
[价格] SOL: 92.78
[价格] LTC: 56.22
[价格] DOGE: 0.09762
[价格] SUI: 1.0255
[价格] TRX: 0.29861
[价格] TON: 1.307
[价格] ETC: 8.489
[价格] BCH: 469.8
[价格] HBAR: 0.09624
[价格] XLM: 0.16961
[价格] FIL: 0.9004
[价格] LINK: 9.519
[价格] CRO: 0.07836
[价格] DOT: 1.436
[价格] AAVE: 117.5
[价格] UNI: 4.098
[价格] NEAR: 1.3522
[价格] APT: 0.9355
[价格] CFX: 0.06169
[价格] CRV: 0.2447
[价格] STX: 0.2563
[价格] LDO: 0.3092
[价格] TAO: 286.3
✅ [数据完整] 成功获取全部 27/27 个币种的数据
[保存] 数据已写入 /home/user/webapp/data/coin_change_tracker/coin_change_20260316.jsonl
[保存] 涨速数据已写入 /home/user/webapp/data/coin_change_tracker/velocity_20260316.jsonl
[统计] 总涨跌幅: 66.34%, 5分钟涨速: -0.96%, 币种数: 27, 上涨占比: 100.0% (27↑/0↓)
[等待] 下次采集时间: 07:16:51

[2026-03-16 07:17:00] 开始采集...
[价格] BTC: 73037.0
[价格] ETH: 2195.61
[价格] XRP: 1.4482
[价格] BNB: 676.4
[价格] SOL: 92.94
[价格] LTC: 56.23
[价格] DOGE: 0.09755
[价格] SUI: 1.0263
[价格] TRX: 0.29856
[价格] TON: 1.307
[价格] ETC: 8.493
[价格] BCH: 469.3
[价格] HBAR: 0.09623
[价格] XLM: 0.16959
[价格] FIL: 0.901
[价格] LINK: 9.512
[价格] CRO: 0.07832
[价格] DOT: 1.438
[价格] AAVE: 117.69
[价格] UNI: 4.096
[价格] NEAR: 1.3532
[价格] APT: 0.9358
[价格] CFX: 0.06159
[价格] CRV: 0.2445
[价格] STX: 0.2562
[价格] LDO: 0.3093
[价格] TAO: 285.4
✅ [数据完整] 成功获取全部 27/27 个币种的数据
[保存] 数据已写入 /home/user/webapp/data/coin_change_tracker/coin_change_20260316.jsonl
[保存] 涨速数据已写入 /home/user/webapp/data/coin_change_tracker/velocity_20260316.jsonl
[统计] 总涨跌幅: 66.00%, 5分钟涨速: -0.10%, 币种数: 27, 上涨占比: 100.0% (26↑/0↓)
[等待] 下次采集时间: 07:18:00

[2026-03-16 07:18:10] 开始采集...
[价格] BTC: 72811.9
[价格] ETH: 2184.57
[价格] XRP: 1.4443
[价格] BNB: 674.5
[价格] SOL: 92.44
[价格] LTC: 56.03
[价格] DOGE: 0.09702
[价格] SUI: 1.0201
[价格] TRX: 0.29844
[价格] TON: 1.305
[价格] ETC: 8.459
[价格] BCH: 468.2
[价格] HBAR: 0.0959
[价格] XLM: 0.16894
[价格] FIL: 0.8982
[价格] LINK: 9.465
[价格] CRO: 0.07809
[价格] DOT: 1.432
[价格] AAVE: 117.09
[价格] UNI: 4.076
[价格] NEAR: 1.3483
[价格] APT: 0.9319
[价格] CFX: 0.06137
[价格] CRV: 0.2436
[价格] STX: 0.2553
[价格] LDO: 0.3079
[价格] TAO: 284.9
[RSI] 开始采集5分钟RSI数据...
[RSI] BTC: 80.13
[RSI] ETH: 79.7
[RSI] XRP: 67.6
[RSI] BNB: 72.62
[RSI] SOL: 82.88
[RSI] LTC: 64.17
[RSI] DOGE: 70.2
[RSI] SUI: 60.05
[RSI] TRX: 70.94
[RSI] TON: 53.33
[RSI] ETC: 68.86
[RSI] BCH: 69.52
[RSI] HBAR: 55.78
[RSI] XLM: 54.74
[RSI] FIL: 68.59
[RSI] LINK: 73.74
[RSI] CRO: 55.25
[RSI] DOT: 61.11
[RSI] AAVE: 66.75
[RSI] UNI: 70.45
[RSI] NEAR: 48.83
[RSI] APT: 56.25
[RSI] CFX: 43.32
[RSI] CRV: 57.65
[RSI] STX: 53.42
[RSI] LDO: 55.95
[RSI] TAO: 57.61
[RSI] 成功采集 27/27 个币种，RSI之和: 1719.44
[保存] RSI数据已写入 /home/user/webapp/data/coin_change_tracker/rsi_20260316.jsonl
✅ [数据完整] 成功获取全部 27/27 个币种的数据
[保存] 数据已写入 /home/user/webapp/data/coin_change_tracker/coin_change_20260316.jsonl
[保存] 涨速数据已写入 /home/user/webapp/data/coin_change_tracker/velocity_20260316.jsonl
[统计] 总涨跌幅: 55.78%, 5分钟涨速: -7.04%, 币种数: 27, 上涨占比: 96.3% (26↑/1↓), RSI之和: 1719.44
[等待] 下次采集时间: 07:19:10

[2026-03-16 07:19:29] 开始采集...
[价格] BTC: 72813.6
[价格] ETH: 2183.94
[价格] XRP: 1.4443
[价格] BNB: 674.6
[价格] SOL: 92.44
[价格] LTC: 56.04
[价格] DOGE: 0.09703
[价格] SUI: 1.0208
[价格] TRX: 0.29863
[价格] TON: 1.305
[价格] ETC: 8.457
[价格] BCH: 468.2
[价格] HBAR: 0.09588
[价格] XLM: 0.16883
[价格] FIL: 0.897
[价格] LINK: 9.471
[价格] CRO: 0.07811
[价格] DOT: 1.431
[价格] AAVE: 117.19
[价格] UNI: 4.075
[价格] NEAR: 1.3486
[价格] APT: 0.931
[价格] CFX: 0.06152
[价格] CRV: 0.2433
[价格] STX: 0.2553
[价格] LDO: 0.3079
[价格] TAO: 285.7
✅ [数据完整] 成功获取全部 27/27 个币种的数据
[保存] 数据已写入 /home/user/webapp/data/coin_change_tracker/coin_change_20260316.jsonl
[保存] 涨速数据已写入 /home/user/webapp/data/coin_change_tracker/velocity_20260316.jsonl
[统计] 总涨跌幅: 56.10%, 5分钟涨速: -7.60%, 币种数: 27, 上涨占比: 100.0% (27↑/0↓)
[等待] 下次采集时间: 07:20:29

[2026-03-16 07:20:38] 开始采集...
[价格] BTC: 72857.9
[价格] ETH: 2184.84
[价格] XRP: 1.4463
[价格] BNB: 674.9
[价格] SOL: 92.56
[价格] LTC: 56.09
[价格] DOGE: 0.0972
[价格] SUI: 1.0225
[价格] TRX: 0.29869
[价格] TON: 1.306
[价格] ETC: 8.466
[价格] BCH: 468.6
[价格] HBAR: 0.09597
[价格] XLM: 0.16884
[价格] FIL: 0.8975
[价格] LINK: 9.482
[价格] CRO: 0.07814
[价格] DOT: 1.433
[价格] AAVE: 117.3
[价格] UNI: 4.078
[价格] NEAR: 1.3494
[价格] APT: 0.9316
[价格] CFX: 0.0616
[价格] CRV: 0.2436
[价格] STX: 0.2554
[价格] LDO: 0.3082
[价格] TAO: 286.1
✅ [数据完整] 成功获取全部 27/27 个币种的数据
[保存] 数据已写入 /home/user/webapp/data/coin_change_tracker/coin_change_20260316.jsonl
[保存] 涨速数据已写入 /home/user/webapp/data/coin_change_tracker/velocity_20260316.jsonl
[统计] 总涨跌幅: 58.56%, 5分钟涨速: -7.78%, 币种数: 27, 上涨占比: 100.0% (27↑/0↓)
[等待] 下次采集时间: 07:21:38

[2026-03-16 07:21:48] 开始采集...
[价格] BTC: 72715.3
[价格] ETH: 2181.71
[价格] XRP: 1.4435
[价格] BNB: 674.2
[价格] SOL: 92.36
[价格] LTC: 56.01
[价格] DOGE: 0.09704
[价格] SUI: 1.0195
[价格] TRX: 0.29856
[价格] TON: 1.304
[价格] ETC: 8.452
[价格] BCH: 467.9
[价格] HBAR: 0.09581
[价格] XLM: 0.16851
[价格] FIL: 0.8954
[价格] LINK: 9.467
[价格] CRO: 0.07807
[价格] DOT: 1.43
[价格] AAVE: 116.88
[价格] UNI: 4.069
[价格] NEAR: 1.3464
[价格] APT: 0.9298
[价格] CFX: 0.06156
[价格] CRV: 0.2436
[价格] STX: 0.255
[价格] LDO: 0.3077
[价格] TAO: 285.3
✅ [数据完整] 成功获取全部 27/27 个币种的数据
[保存] 数据已写入 /home/user/webapp/data/coin_change_tracker/coin_change_20260316.jsonl
[保存] 涨速数据已写入 /home/user/webapp/data/coin_change_tracker/velocity_20260316.jsonl
[统计] 总涨跌幅: 53.78%, 5分钟涨速: -12.22%, 币种数: 27, 上涨占比: 100.0% (26↑/0↓)
[等待] 下次采集时间: 07:22:48

[2026-03-16 07:22:57] 开始采集...
[价格] BTC: 72578.9
[价格] ETH: 2176.55
[价格] XRP: 1.4401
[价格] BNB: 673.0
[价格] SOL: 92.21
[价格] LTC: 55.92
[价格] DOGE: 0.09672
[价格] SUI: 1.0173
[价格] TRX: 0.29862
[价格] TON: 1.301
[价格] ETC: 8.432
[价格] BCH: 467.4
[价格] HBAR: 0.09563
[价格] XLM: 0.16808
[价格] FIL: 0.8925
[价格] LINK: 9.443
[价格] CRO: 0.07797
[价格] DOT: 1.427
[价格] AAVE: 116.42
[价格] UNI: 4.057
[价格] NEAR: 1.3429
[价格] APT: 0.9282
[价格] CFX: 0.06155
[价格] CRV: 0.243
[价格] STX: 0.2546
[价格] LDO: 0.307
[价格] TAO: 285.3
✅ [数据完整] 成功获取全部 27/27 个币种的数据
[保存] 数据已写入 /home/user/webapp/data/coin_change_tracker/coin_change_20260316.jsonl
[保存] 涨速数据已写入 /home/user/webapp/data/coin_change_tracker/velocity_20260316.jsonl
[统计] 总涨跌幅: 48.29%, 5分钟涨速: -7.49%, 币种数: 27, 上涨占比: 100.0% (27↑/0↓)
[等待] 下次采集时间: 07:23:57

[2026-03-16 07:24:07] 开始采集...
[价格] BTC: 72514.9
[价格] ETH: 2175.95
[价格] XRP: 1.4405
[价格] BNB: 672.5
[价格] SOL: 92.16
[价格] LTC: 55.92
[价格] DOGE: 0.09679
[价格] SUI: 1.0152
[价格] TRX: 0.29866
[价格] TON: 1.301
[价格] ETC: 8.424
[价格] BCH: 467.2
[价格] HBAR: 0.09563
[价格] XLM: 0.16808
[价格] FIL: 0.8912
[价格] LINK: 9.437
[价格] CRO: 0.07794
[价格] DOT: 1.425
[价格] AAVE: 116.22
[价格] UNI: 4.049
[价格] NEAR: 1.3405
[价格] APT: 0.927
[价格] CFX: 0.06158
[价格] CRV: 0.2423
[价格] STX: 0.254
[价格] LDO: 0.3064
[价格] TAO: 285.6
[RSI] 开始采集5分钟RSI数据...
[RSI] BTC: 72.78
[RSI] ETH: 76.65
[RSI] XRP: 66.88
[RSI] BNB: 70.52
[RSI] SOL: 80.0
[RSI] LTC: 62.1
[RSI] DOGE: 69.01
[RSI] SUI: 57.76
[RSI] TRX: 69.37
[RSI] TON: 47.06
[RSI] ETC: 64.34
[RSI] BCH: 68.87
[RSI] HBAR: 54.41
[RSI] XLM: 52.02
[RSI] FIL: 49.08
[RSI] LINK: 74.58
[RSI] CRO: 59.17
[RSI] DOT: 56.41
[RSI] AAVE: 62.82
[RSI] UNI: 60.39
[RSI] NEAR: 42.2
[RSI] APT: 50.0
[RSI] CFX: 56.75
[RSI] CRV: 54.44
[RSI] STX: 51.32
[RSI] LDO: 52.22
[RSI] TAO: 62.35
[RSI] 成功采集 27/27 个币种，RSI之和: 1643.5
[保存] RSI数据已写入 /home/user/webapp/data/coin_change_tracker/rsi_20260316.jsonl
✅ [数据完整] 成功获取全部 27/27 个币种的数据
[保存] 数据已写入 /home/user/webapp/data/coin_change_tracker/coin_change_20260316.jsonl
[保存] 涨速数据已写入 /home/user/webapp/data/coin_change_tracker/velocity_20260316.jsonl
[统计] 总涨跌幅: 46.17%, 5分钟涨速: -9.93%, 币种数: 27, 上涨占比: 100.0% (27↑/0↓), RSI之和: 1643.5
[等待] 下次采集时间: 07:25:07

[2026-03-16 07:25:25] 开始采集...
[价格] BTC: 72551.6
[价格] ETH: 2176.16
[价格] XRP: 1.4421
[价格] BNB: 672.8
[价格] SOL: 92.21
[价格] LTC: 55.98
[价格] DOGE: 0.09695
[价格] SUI: 1.017
[价格] TRX: 0.29869
[价格] TON: 1.302
[价格] ETC: 8.435
[价格] BCH: 467.6
[价格] HBAR: 0.09578
[价格] XLM: 0.16824
[价格] FIL: 0.8924
[价格] LINK: 9.442
[价格] CRO: 0.07795
[价格] DOT: 1.426
[价格] AAVE: 116.31
[价格] UNI: 4.053
[价格] NEAR: 1.3427
[价格] APT: 0.9281
[价格] CFX: 0.06174
[价格] CRV: 0.2427
[价格] STX: 0.2542
[价格] LDO: 0.3069
[价格] TAO: 285.8
✅ [数据完整] 成功获取全部 27/27 个币种的数据
[保存] 数据已写入 /home/user/webapp/data/coin_change_tracker/coin_change_20260316.jsonl
[保存] 涨速数据已写入 /home/user/webapp/data/coin_change_tracker/velocity_20260316.jsonl
[统计] 总涨跌幅: 48.94%, 5分钟涨速: -9.62%, 币种数: 27, 上涨占比: 100.0% (27↑/0↓)
[等待] 下次采集时间: 07:26:25

[2026-03-16 07:26:35] 开始采集...
[价格] BTC: 72535.5
[价格] ETH: 2176.01
[价格] XRP: 1.4414
[价格] BNB: 673.0
[价格] SOL: 92.12
[价格] LTC: 55.93
[价格] DOGE: 0.09687
[价格] SUI: 1.0147
[价格] TRX: 0.29871
[价格] TON: 1.303
[价格] ETC: 8.429
[价格] BCH: 467.5
[价格] HBAR: 0.09573
[价格] XLM: 0.16812
[价格] FIL: 0.8912
[价格] LINK: 9.433
[价格] CRO: 0.07796
[价格] DOT: 1.425
[价格] AAVE: 116.05
[价格] UNI: 4.045
[价格] NEAR: 1.3416
[价格] APT: 0.9272
[价格] CFX: 0.06173
[价格] CRV: 0.2425
[价格] STX: 0.2541
[价格] LDO: 0.3064
[价格] TAO: 285.3
✅ [数据完整] 成功获取全部 27/27 个币种的数据
[保存] 数据已写入 /home/user/webapp/data/coin_change_tracker/coin_change_20260316.jsonl
[保存] 涨速数据已写入 /home/user/webapp/data/coin_change_tracker/velocity_20260316.jsonl
[统计] 总涨跌幅: 46.86%, 5分钟涨速: -6.92%, 币种数: 27, 上涨占比: 100.0% (27↑/0↓)
[等待] 下次采集时间: 07:27:35

[2026-03-16 07:27:45] 开始采集...
[价格] BTC: 72526.6
[价格] ETH: 2173.82
[价格] XRP: 1.4415
[价格] BNB: 672.8
[价格] SOL: 92.04
[价格] LTC: 55.9
[价格] DOGE: 0.09683
[价格] SUI: 1.0159
[价格] TRX: 0.29867
[价格] TON: 1.303
[价格] ETC: 8.427
[价格] BCH: 467.4
[价格] HBAR: 0.0957
[价格] XLM: 0.16816
[价格] FIL: 0.8912
[价格] LINK: 9.429
[价格] CRO: 0.07793
[价格] DOT: 1.425
[价格] AAVE: 116.02
[价格] UNI: 4.047
[价格] NEAR: 1.3405
[价格] APT: 0.9273
[价格] CFX: 0.06177
[价格] CRV: 0.2425
[价格] STX: 0.2542
[价格] LDO: 0.3066
[价格] TAO: 285.7
✅ [数据完整] 成功获取全部 27/27 个币种的数据
[保存] 数据已写入 /home/user/webapp/data/coin_change_tracker/coin_change_20260316.jsonl
[保存] 涨速数据已写入 /home/user/webapp/data/coin_change_tracker/velocity_20260316.jsonl
[统计] 总涨跌幅: 46.75%, 5分钟涨速: -1.54%, 币种数: 27, 上涨占比: 100.0% (27↑/0↓)
[等待] 下次采集时间: 07:28:45

[2026-03-16 07:28:54] 开始采集...
[价格] BTC: 72562.9
[价格] ETH: 2175.52
[价格] XRP: 1.4442
[价格] BNB: 673.4
[价格] SOL: 92.05
[价格] LTC: 55.94
[价格] DOGE: 0.09697
[价格] SUI: 1.0172
[价格] TRX: 0.29863
[价格] TON: 1.303
[价格] ETC: 8.436
[价格] BCH: 467.5
[价格] HBAR: 0.09581
[价格] XLM: 0.16834
[价格] FIL: 0.8924
[价格] LINK: 9.434
[价格] CRO: 0.07801
[价格] DOT: 1.427
[价格] AAVE: 116.03
[价格] UNI: 4.049
[价格] NEAR: 1.3418
[价格] APT: 0.9284
[价格] CFX: 0.06183
[价格] CRV: 0.2425
[价格] STX: 0.2542
[价格] LDO: 0.3069
[价格] TAO: 285.7
✅ [数据完整] 成功获取全部 27/27 个币种的数据
[保存] 数据已写入 /home/user/webapp/data/coin_change_tracker/coin_change_20260316.jsonl
[保存] 涨速数据已写入 /home/user/webapp/data/coin_change_tracker/velocity_20260316.jsonl
[统计] 总涨跌幅: 48.78%, 5分钟涨速: +2.61%, 币种数: 27, 上涨占比: 100.0% (27↑/0↓)
[等待] 下次采集时间: 07:29:54

[2026-03-16 07:30:04] 开始采集...
[价格] BTC: 72451.7
[价格] ETH: 2172.0
[价格] XRP: 1.4418
[价格] BNB: 672.6
[价格] SOL: 91.79
[价格] LTC: 55.87
[价格] DOGE: 0.09684
[价格] SUI: 1.0155
[价格] TRX: 0.29851
[价格] TON: 1.303
[价格] ETC: 8.417
[价格] BCH: 467.1
[价格] HBAR: 0.09567
[价格] XLM: 0.16814
[价格] FIL: 0.8915
[价格] LINK: 9.419
[价格] CRO: 0.07794
[价格] DOT: 1.427
[价格] AAVE: 115.89
[价格] UNI: 4.042
[价格] NEAR: 1.3386
[价格] APT: 0.9271
[价格] CFX: 0.06172
[价格] CRV: 0.2424
[价格] STX: 0.254
[价格] LDO: 0.3067
[价格] TAO: 285.8
[RSI] 开始采集5分钟RSI数据...
[RSI] BTC: 68.65
[RSI] ETH: 73.19
[RSI] XRP: 67.13
[RSI] BNB: 69.59
[RSI] SOL: 71.82
[RSI] LTC: 64.96
[RSI] DOGE: 71.91
[RSI] SUI: 59.73
[RSI] TRX: 53.92
[RSI] TON: 47.06
[RSI] ETC: 64.66
[RSI] BCH: 69.89
[RSI] HBAR: 53.51
[RSI] XLM: 54.28
[RSI] FIL: 50.51
[RSI] LINK: 71.98
[RSI] CRO: 59.12
[RSI] DOT: 58.33
[RSI] AAVE: 60.04
[RSI] UNI: 59.48
[RSI] NEAR: 40.73
[RSI] APT: 57.55
[RSI] CFX: 55.64
[RSI] CRV: 58.97
[RSI] STX: 51.56
[RSI] LDO: 58.75
[RSI] TAO: 59.48
[RSI] 成功采集 27/27 个币种，RSI之和: 1632.44
[保存] RSI数据已写入 /home/user/webapp/data/coin_change_tracker/rsi_20260316.jsonl
✅ [数据完整] 成功获取全部 27/27 个币种的数据
[保存] 数据已写入 /home/user/webapp/data/coin_change_tracker/coin_change_20260316.jsonl
[保存] 涨速数据已写入 /home/user/webapp/data/coin_change_tracker/velocity_20260316.jsonl
[统计] 总涨跌幅: 45.45%, 5分钟涨速: -3.49%, 币种数: 27, 上涨占比: 96.3% (26↑/1↓), RSI之和: 1632.44
[等待] 下次采集时间: 07:31:04

[2026-03-16 07:31:23] 开始采集...
[价格] BTC: 72498.1
[价格] ETH: 2173.71
[价格] XRP: 1.4429
[价格] BNB: 672.9
[价格] SOL: 91.88
[价格] LTC: 55.91
[价格] DOGE: 0.09688
[价格] SUI: 1.0156
[价格] TRX: 0.29857
[价格] TON: 1.303
[价格] ETC: 8.429
[价格] BCH: 467.5
[价格] HBAR: 0.09566
[价格] XLM: 0.16818
[价格] FIL: 0.8919
[价格] LINK: 9.422
[价格] CRO: 0.07796
[价格] DOT: 1.427
[价格] AAVE: 115.84
[价格] UNI: 4.044
[价格] NEAR: 1.3383
[价格] APT: 0.927
[价格] CFX: 0.06194
[价格] CRV: 0.2424
[价格] STX: 0.2543
[价格] LDO: 0.3067
[价格] TAO: 285.7
✅ [数据完整] 成功获取全部 27/27 个币种的数据
[保存] 数据已写入 /home/user/webapp/data/coin_change_tracker/coin_change_20260316.jsonl
[保存] 涨速数据已写入 /home/user/webapp/data/coin_change_tracker/velocity_20260316.jsonl
[统计] 总涨跌幅: 46.72%, 5分钟涨速: -0.14%, 币种数: 27, 上涨占比: 100.0% (26↑/0↓)
[等待] 下次采集时间: 07:32:23

[2026-03-16 07:32:32] 开始采集...
[价格] BTC: 72526.2
[价格] ETH: 2175.0
[价格] XRP: 1.4439
[价格] BNB: 673.1
[价格] SOL: 91.95
[价格] LTC: 55.96
[价格] DOGE: 0.09691
[价格] SUI: 1.0156
[价格] TRX: 0.29858
[价格] TON: 1.303
[价格] ETC: 8.44
[价格] BCH: 467.8
[价格] HBAR: 0.09572
[价格] XLM: 0.16823
[价格] FIL: 0.8926
[价格] LINK: 9.425
[价格] CRO: 0.07797
[价格] DOT: 1.427
[价格] AAVE: 115.9
[价格] UNI: 4.046
[价格] NEAR: 1.3396
[价格] APT: 0.9272
[价格] CFX: 0.06193
[价格] CRV: 0.2426
[价格] STX: 0.2545
[价格] LDO: 0.3069
[价格] TAO: 285.6
✅ [数据完整] 成功获取全部 27/27 个币种的数据
[保存] 数据已写入 /home/user/webapp/data/coin_change_tracker/coin_change_20260316.jsonl
[保存] 涨速数据已写入 /home/user/webapp/data/coin_change_tracker/velocity_20260316.jsonl
[统计] 总涨跌幅: 47.95%, 5分钟涨速: +1.20%, 币种数: 27, 上涨占比: 100.0% (26↑/0↓)
[等待] 下次采集时间: 07:33:32

[2026-03-16 07:33:42] 开始采集...
[价格] BTC: 72383.0
[价格] ETH: 2168.21
[价格] XRP: 1.4399
[价格] BNB: 671.7
[价格] SOL: 91.62
[价格] LTC: 55.87
[价格] DOGE: 0.0966
[价格] SUI: 1.0131
[价格] TRX: 0.29848
[价格] TON: 1.301
[价格] ETC: 8.421
[价格] BCH: 467.5
[价格] HBAR: 0.09567
[价格] XLM: 0.16796
[价格] FIL: 0.8907
[价格] LINK: 9.406
[价格] CRO: 0.07787
[价格] DOT: 1.425
[价格] AAVE: 115.62
[价格] UNI: 4.038
[价格] NEAR: 1.3383
[价格] APT: 0.9258
[价格] CFX: 0.06202
[价格] CRV: 0.2422
[价格] STX: 0.2542
[价格] LDO: 0.3061
[价格] TAO: 285.5
✅ [数据完整] 成功获取全部 27/27 个币种的数据
[保存] 数据已写入 /home/user/webapp/data/coin_change_tracker/coin_change_20260316.jsonl
[保存] 涨速数据已写入 /home/user/webapp/data/coin_change_tracker/velocity_20260316.jsonl
[统计] 总涨跌幅: 43.32%, 5分钟涨速: -5.46%, 币种数: 27, 上涨占比: 96.3% (26↑/1↓)
[等待] 下次采集时间: 07:34:42

[2026-03-16 07:34:51] 开始采集...
[价格] BTC: 72470.4
[价格] ETH: 2169.25
[价格] XRP: 1.4425
[价格] BNB: 672.3
[价格] SOL: 91.89
[价格] LTC: 55.99
[价格] DOGE: 0.09685
[价格] SUI: 1.0156
[价格] TRX: 0.29846
[价格] TON: 1.301
[价格] ETC: 8.435
[价格] BCH: 468.3
[价格] HBAR: 0.09576
[价格] XLM: 0.16838
[价格] FIL: 0.8925
[价格] LINK: 9.419
[价格] CRO: 0.07792
[价格] DOT: 1.429
[价格] AAVE: 115.66
[价格] UNI: 4.044
[价格] NEAR: 1.3422
[价格] APT: 0.9285
[价格] CFX: 0.06192
[价格] CRV: 0.2426
[价格] STX: 0.2548
[价格] LDO: 0.3069
[价格] TAO: 286.9
✅ [数据完整] 成功获取全部 27/27 个币种的数据
[保存] 数据已写入 /home/user/webapp/data/coin_change_tracker/coin_change_20260316.jsonl
[保存] 涨速数据已写入 /home/user/webapp/data/coin_change_tracker/velocity_20260316.jsonl
[统计] 总涨跌幅: 47.95%, 5分钟涨速: +2.50%, 币种数: 27, 上涨占比: 96.3% (26↑/1↓)
[等待] 下次采集时间: 07:35:51

[2026-03-16 07:36:01] 开始采集...
[价格] BTC: 72529.9
[价格] ETH: 2168.94
[价格] XRP: 1.4442
[价格] BNB: 672.5
[价格] SOL: 91.9
[价格] LTC: 55.99
[价格] DOGE: 0.09691
[价格] SUI: 1.016
[价格] TRX: 0.29846
[价格] TON: 1.303
[价格] ETC: 8.437
[价格] BCH: 468.5
[价格] HBAR: 0.09581
[价格] XLM: 0.1686
[价格] FIL: 0.8928
[价格] LINK: 9.42
[价格] CRO: 0.07795
[价格] DOT: 1.429
[价格] AAVE: 115.71
[价格] UNI: 4.046
[价格] NEAR: 1.3425
[价格] APT: 0.9292
[价格] CFX: 0.06191
[价格] CRV: 0.2428
[价格] STX: 0.255
[价格] LDO: 0.307
[价格] TAO: 286.7
[RSI] 开始采集5分钟RSI数据...
[RSI] BTC: 68.91
[RSI] ETH: 69.33
[RSI] XRP: 67.81
[RSI] BNB: 67.47
[RSI] SOL: 70.95
[RSI] LTC: 66.93
[RSI] DOGE: 68.77
[RSI] SUI: 57.64
[RSI] TRX: 47.41
[RSI] TON: 47.37
[RSI] ETC: 65.25
[RSI] BCH: 72.82
[RSI] HBAR: 53.81
[RSI] XLM: 54.55
[RSI] FIL: 50.49
[RSI] LINK: 69.42
[RSI] CRO: 55.48
[RSI] DOT: 57.89
[RSI] AAVE: 53.51
[RSI] UNI: 57.33
[RSI] NEAR: 42.99
[RSI] APT: 54.76
[RSI] CFX: 56.38
[RSI] CRV: 56.76
[RSI] STX: 53.73
[RSI] LDO: 58.54
[RSI] TAO: 66.67
[RSI] 成功采集 27/27 个币种，RSI之和: 1612.97
[保存] RSI数据已写入 /home/user/webapp/data/coin_change_tracker/rsi_20260316.jsonl
✅ [数据完整] 成功获取全部 27/27 个币种的数据
[保存] 数据已写入 /home/user/webapp/data/coin_change_tracker/coin_change_20260316.jsonl
[保存] 涨速数据已写入 /home/user/webapp/data/coin_change_tracker/velocity_20260316.jsonl
[统计] 总涨跌幅: 49.06%, 5分钟涨速: +2.34%, 币种数: 27, 上涨占比: 96.3% (26↑/1↓), RSI之和: 1612.97
[等待] 下次采集时间: 07:37:01

[2026-03-16 07:37:20] 开始采集...
[价格] BTC: 72469.1
[价格] ETH: 2166.18
[价格] XRP: 1.4441
[价格] BNB: 672.0
[价格] SOL: 91.78
[价格] LTC: 55.97
[价格] DOGE: 0.09687
[价格] SUI: 1.0156
[价格] TRX: 0.29833
[价格] TON: 1.302
[价格] ETC: 8.43
[价格] BCH: 468.0
[价格] HBAR: 0.09573
[价格] XLM: 0.16851
[价格] FIL: 0.8912
[价格] LINK: 9.413
[价格] CRO: 0.07791
[价格] DOT: 1.429
[价格] AAVE: 115.54
[价格] UNI: 4.042
[价格] NEAR: 1.3416
[价格] APT: 0.9283
[价格] CFX: 0.06177
[价格] CRV: 0.2426
[价格] STX: 0.2548
[价格] LDO: 0.3066
[价格] TAO: 285.6
✅ [数据完整] 成功获取全部 27/27 个币种的数据
[保存] 数据已写入 /home/user/webapp/data/coin_change_tracker/coin_change_20260316.jsonl
[保存] 涨速数据已写入 /home/user/webapp/data/coin_change_tracker/velocity_20260316.jsonl
[统计] 总涨跌幅: 46.40%, 5分钟涨速: -1.55%, 币种数: 27, 上涨占比: 96.3% (26↑/1↓)
[等待] 下次采集时间: 07:38:20

[2026-03-16 07:38:29] 开始采集...
[价格] BTC: 72445.0
[价格] ETH: 2165.59
[价格] XRP: 1.4433
[价格] BNB: 671.7
[价格] SOL: 91.74
[价格] LTC: 55.93
[价格] DOGE: 0.09681
[价格] SUI: 1.0149
[价格] TRX: 0.29833
[价格] TON: 1.301
[价格] ETC: 8.423
[价格] BCH: 467.7
[价格] HBAR: 0.09562
[价格] XLM: 0.16834
[价格] FIL: 0.8907
[价格] LINK: 9.408
[价格] CRO: 0.07789
[价格] DOT: 1.428
[价格] AAVE: 115.52
[价格] UNI: 4.038
[价格] NEAR: 1.3412
[价格] APT: 0.9283
[价格] CFX: 0.06176
[价格] CRV: 0.2423
[价格] STX: 0.2547
[价格] LDO: 0.3064
[价格] TAO: 285.3
✅ [数据完整] 成功获取全部 27/27 个币种的数据
[保存] 数据已写入 /home/user/webapp/data/coin_change_tracker/coin_change_20260316.jsonl
[保存] 涨速数据已写入 /home/user/webapp/data/coin_change_tracker/velocity_20260316.jsonl
[统计] 总涨跌幅: 44.84%, 5分钟涨速: +1.52%, 币种数: 27, 上涨占比: 96.3% (26↑/1↓)
[等待] 下次采集时间: 07:39:29

[2026-03-16 07:39:39] 开始采集...
[价格] BTC: 72475.1
[价格] ETH: 2167.96
[价格] XRP: 1.4437
[价格] BNB: 672.3
[价格] SOL: 91.79
[价格] LTC: 55.96
[价格] DOGE: 0.09692
[价格] SUI: 1.0159
[价格] TRX: 0.29833
[价格] TON: 1.302
[价格] ETC: 8.427
[价格] BCH: 467.7
[价格] HBAR: 0.09571
[价格] XLM: 0.16852
[价格] FIL: 0.8909
[价格] LINK: 9.418
[价格] CRO: 0.0779
[价格] DOT: 1.429
[价格] AAVE: 115.71
[价格] UNI: 4.04
[价格] NEAR: 1.342
[价格] APT: 0.9287
[价格] CFX: 0.0617
[价格] CRV: 0.2424
[价格] STX: 0.2549
[价格] LDO: 0.3064
[价格] TAO: 285.4
✅ [数据完整] 成功获取全部 27/27 个币种的数据
[保存] 数据已写入 /home/user/webapp/data/coin_change_tracker/coin_change_20260316.jsonl
[保存] 涨速数据已写入 /home/user/webapp/data/coin_change_tracker/velocity_20260316.jsonl
[统计] 总涨跌幅: 46.34%, 5分钟涨速: -1.61%, 币种数: 27, 上涨占比: 96.3% (26↑/1↓)
[等待] 下次采集时间: 07:40:39

[2026-03-16 07:40:48] 开始采集...
[价格] BTC: 72561.7
[价格] ETH: 2172.27
[价格] XRP: 1.4441
[价格] BNB: 672.7
[价格] SOL: 91.88
[价格] LTC: 55.96
[价格] DOGE: 0.097
[价格] SUI: 1.0164
[价格] TRX: 0.29846
[价格] TON: 1.303
[价格] ETC: 8.429
[价格] BCH: 468.3
[价格] HBAR: 0.09575
[价格] XLM: 0.16855
[价格] FIL: 0.8911
[价格] LINK: 9.432
[价格] CRO: 0.07792
[价格] DOT: 1.429
[价格] AAVE: 115.84
[价格] UNI: 4.045
[价格] NEAR: 1.342
[价格] APT: 0.9286
[价格] CFX: 0.06156
[价格] CRV: 0.2423
[价格] STX: 0.2548
[价格] LDO: 0.3065
[价格] TAO: 285.5
✅ [数据完整] 成功获取全部 27/27 个币种的数据
[保存] 数据已写入 /home/user/webapp/data/coin_change_tracker/coin_change_20260316.jsonl
[保存] 涨速数据已写入 /home/user/webapp/data/coin_change_tracker/velocity_20260316.jsonl
[统计] 总涨跌幅: 47.53%, 5分钟涨速: -1.53%, 币种数: 27, 上涨占比: 96.3% (26↑/1↓)
[等待] 下次采集时间: 07:41:48

[2026-03-16 07:41:58] 开始采集...
[价格] BTC: 72624.9
[价格] ETH: 2175.79
[价格] XRP: 1.4467
[价格] BNB: 673.4
[价格] SOL: 92.02
[价格] LTC: 56.03
[价格] DOGE: 0.09717
[价格] SUI: 1.0175
[价格] TRX: 0.29847
[价格] TON: 1.302
[价格] ETC: 8.442
[价格] BCH: 468.8
[价格] HBAR: 0.09588
[价格] XLM: 0.16878
[价格] FIL: 0.8923
[价格] LINK: 9.456
[价格] CRO: 0.07802
[价格] DOT: 1.431
[价格] AAVE: 116.11
[价格] UNI: 4.051
[价格] NEAR: 1.3451
[价格] APT: 0.9302
[价格] CFX: 0.06157
[价格] CRV: 0.2426
[价格] STX: 0.2554
[价格] LDO: 0.3074
[价格] TAO: 285.8
[RSI] 开始采集5分钟RSI数据...
[RSI] BTC: 70.14
[RSI] ETH: 67.12
[RSI] XRP: 61.26
[RSI] BNB: 64.71
[RSI] SOL: 66.67
[RSI] LTC: 61.67
[RSI] DOGE: 68.62
[RSI] SUI: 51.47
[RSI] TRX: 56.21
[RSI] TON: 41.18
[RSI] ETC: 59.36
[RSI] BCH: 57.69
[RSI] HBAR: 48.89
[RSI] XLM: 47.89
[RSI] FIL: 38.46
[RSI] LINK: 68.71
[RSI] CRO: 45.53
[RSI] DOT: 51.61
[RSI] AAVE: 51.8
[RSI] UNI: 52.55
[RSI] NEAR: 37.14
[RSI] APT: 51.09
[RSI] CFX: 36.36
[RSI] CRV: 47.69
[RSI] STX: 49.18
[RSI] LDO: 51.28
[RSI] TAO: 58.78
[RSI] 成功采集 27/27 个币种，RSI之和: 1463.06
[保存] RSI数据已写入 /home/user/webapp/data/coin_change_tracker/rsi_20260316.jsonl
✅ [数据完整] 成功获取全部 27/27 个币种的数据
[保存] 数据已写入 /home/user/webapp/data/coin_change_tracker/coin_change_20260316.jsonl
[保存] 涨速数据已写入 /home/user/webapp/data/coin_change_tracker/velocity_20260316.jsonl
[统计] 总涨跌幅: 51.38%, 5分钟涨速: +4.98%, 币种数: 27, 上涨占比: 96.3% (26↑/1↓), RSI之和: 1463.06
[等待] 下次采集时间: 07:42:58

[2026-03-16 07:43:17] 开始采集...
[价格] BTC: 72669.2
[价格] ETH: 2177.41
[价格] XRP: 1.4459
[价格] BNB: 673.6
[价格] SOL: 92.15
[价格] LTC: 56.04
[价格] DOGE: 0.09725
[价格] SUI: 1.018
[价格] TRX: 0.2985
[价格] TON: 1.303
[价格] ETC: 8.445
[价格] BCH: 469.2
[价格] HBAR: 0.09586
[价格] XLM: 0.16862
[价格] FIL: 0.8926
[价格] LINK: 9.46
[价格] CRO: 0.07802
[价格] DOT: 1.43
[价格] AAVE: 116.03
[价格] UNI: 4.049
[价格] NEAR: 1.3447
[价格] APT: 0.9296
[价格] CFX: 0.06159
[价格] CRV: 0.2425
[价格] STX: 0.2554
[价格] LDO: 0.3071
[价格] TAO: 285.0
✅ [数据完整] 成功获取全部 27/27 个币种的数据
[保存] 数据已写入 /home/user/webapp/data/coin_change_tracker/coin_change_20260316.jsonl
[保存] 涨速数据已写入 /home/user/webapp/data/coin_change_tracker/velocity_20260316.jsonl
[统计] 总涨跌幅: 51.27%, 5分钟涨速: +6.43%, 币种数: 27, 上涨占比: 96.3% (26↑/1↓)
[等待] 下次采集时间: 07:44:17

[2026-03-16 07:44:26] 开始采集...
[价格] BTC: 72639.0
[价格] ETH: 2177.59
[价格] XRP: 1.4466
[价格] BNB: 673.6
[价格] SOL: 92.22
[价格] LTC: 56.02
[价格] DOGE: 0.09723
[价格] SUI: 1.0179
[价格] TRX: 0.29849
[价格] TON: 1.303
[价格] ETC: 8.446
[价格] BCH: 469.0
[价格] HBAR: 0.09587
[价格] XLM: 0.16861
[价格] FIL: 0.8926
[价格] LINK: 9.464
[价格] CRO: 0.07804
[价格] DOT: 1.429
[价格] AAVE: 116.12
[价格] UNI: 4.051
[价格] NEAR: 1.3429
[价格] APT: 0.9294
[价格] CFX: 0.06158
[价格] CRV: 0.2422
[价格] STX: 0.2554
[价格] LDO: 0.307
[价格] TAO: 284.2
✅ [数据完整] 成功获取全部 27/27 个币种的数据
[保存] 数据已写入 /home/user/webapp/data/coin_change_tracker/coin_change_20260316.jsonl
[保存] 涨速数据已写入 /home/user/webapp/data/coin_change_tracker/velocity_20260316.jsonl
[统计] 总涨跌幅: 50.74%, 5分钟涨速: +4.40%, 币种数: 27, 上涨占比: 96.3% (26↑/1↓)
[等待] 下次采集时间: 07:45:26

[2026-03-16 07:45:36] 开始采集...
[价格] BTC: 72667.0
[价格] ETH: 2177.93
[价格] XRP: 1.4475
[价格] BNB: 673.7
[价格] SOL: 92.27
[价格] LTC: 56.09
[价格] DOGE: 0.09738
[价格] SUI: 1.0199
[价格] TRX: 0.29862
[价格] TON: 1.302
[价格] ETC: 8.455
[价格] BCH: 469.4
[价格] HBAR: 0.09598
[价格] XLM: 0.16878
[价格] FIL: 0.8937
[价格] LINK: 9.477
[价格] CRO: 0.07811
[价格] DOT: 1.431
[价格] AAVE: 116.25
[价格] UNI: 4.053
[价格] NEAR: 1.3442
[价格] APT: 0.9312
[价格] CFX: 0.06156
[价格] CRV: 0.2425
[价格] STX: 0.2556
[价格] LDO: 0.3075
[价格] TAO: 285.1
✅ [数据完整] 成功获取全部 27/27 个币种的数据
[保存] 数据已写入 /home/user/webapp/data/coin_change_tracker/coin_change_20260316.jsonl
[保存] 涨速数据已写入 /home/user/webapp/data/coin_change_tracker/velocity_20260316.jsonl
[统计] 总涨跌幅: 53.45%, 5分钟涨速: +5.92%, 币种数: 27, 上涨占比: 100.0% (27↑/0↓)
[等待] 下次采集时间: 07:46:36

[2026-03-16 07:46:45] 开始采集...
[价格] BTC: 72689.0
[价格] ETH: 2177.92
[价格] XRP: 1.4487
[价格] BNB: 674.0
[价格] SOL: 92.25
[价格] LTC: 56.11
[价格] DOGE: 0.09742
[价格] SUI: 1.0206
[价格] TRX: 0.29871
[价格] TON: 1.302
[价格] ETC: 8.457
[价格] BCH: 469.3
[价格] HBAR: 0.09599
[价格] XLM: 0.16895
[价格] FIL: 0.8936
[价格] LINK: 9.479
[价格] CRO: 0.07806
[价格] DOT: 1.433
[价格] AAVE: 116.31
[价格] UNI: 4.054
[价格] NEAR: 1.3447
[价格] APT: 0.9314
[价格] CFX: 0.06148
[价格] CRV: 0.2425
[价格] STX: 0.2558
[价格] LDO: 0.3076
[价格] TAO: 284.6
✅ [数据完整] 成功获取全部 27/27 个币种的数据
[保存] 数据已写入 /home/user/webapp/data/coin_change_tracker/coin_change_20260316.jsonl
[保存] 涨速数据已写入 /home/user/webapp/data/coin_change_tracker/velocity_20260316.jsonl
[统计] 总涨跌幅: 53.92%, 5分钟涨速: +2.54%, 币种数: 27, 上涨占比: 100.0% (27↑/0↓)
[等待] 下次采集时间: 07:47:45

[2026-03-16 07:47:55] 开始采集...
[价格] BTC: 72666.9
[价格] ETH: 2176.19
[价格] XRP: 1.4483
[价格] BNB: 673.6
[价格] SOL: 92.19
[价格] LTC: 56.09
[价格] DOGE: 0.09743
[价格] SUI: 1.0198
[价格] TRX: 0.29866
[价格] TON: 1.302
[价格] ETC: 8.45
[价格] BCH: 468.9
[价格] HBAR: 0.09593
[价格] XLM: 0.1689
[价格] FIL: 0.8927
[价格] LINK: 9.474
[价格] CRO: 0.07809
[价格] DOT: 1.432
[价格] AAVE: 116.29
[价格] UNI: 4.049
[价格] NEAR: 1.3435
[价格] APT: 0.9306
[价格] CFX: 0.06146
[价格] CRV: 0.2423
[价格] STX: 0.2557
[价格] LDO: 0.3074
[价格] TAO: 284.9
[RSI] 开始采集5分钟RSI数据...
[RSI] BTC: 63.33
[RSI] ETH: 59.07
[RSI] XRP: 55.66
[RSI] BNB: 58.46
[RSI] SOL: 60.87
[RSI] LTC: 59.29
[RSI] DOGE: 64.59
[RSI] SUI: 48.8
[RSI] TRX: 57.86
[RSI] TON: 37.5
[RSI] ETC: 55.94
[RSI] BCH: 60.0
[RSI] HBAR: 43.56
[RSI] XLM: 41.98
[RSI] FIL: 34.88
[RSI] LINK: 66.11
[RSI] CRO: 40.71
[RSI] DOT: 51.61
[RSI] AAVE: 50.0
[RSI] UNI: 47.58
[RSI] NEAR: 27.57
[RSI] APT: 47.67
[RSI] CFX: 41.71
[RSI] CRV: 40.0
[RSI] STX: 48.33
[RSI] LDO: 47.95
[RSI] TAO: 54.76
[RSI] 成功采集 27/27 个币种，RSI之和: 1365.79
[保存] RSI数据已写入 /home/user/webapp/data/coin_change_tracker/rsi_20260316.jsonl
✅ [数据完整] 成功获取全部 27/27 个币种的数据
[保存] 数据已写入 /home/user/webapp/data/coin_change_tracker/coin_change_20260316.jsonl
[保存] 涨速数据已写入 /home/user/webapp/data/coin_change_tracker/velocity_20260316.jsonl
[统计] 总涨跌幅: 52.62%, 5分钟涨速: +1.35%, 币种数: 27, 上涨占比: 100.0% (27↑/0↓), RSI之和: 1365.79
[等待] 下次采集时间: 07:48:55

[2026-03-16 07:49:14] 开始采集...
[价格] BTC: 72644.7
[价格] ETH: 2175.56
[价格] XRP: 1.4479
[价格] BNB: 673.6
[价格] SOL: 92.24
[价格] LTC: 56.09
[价格] DOGE: 0.0974
[价格] SUI: 1.0209
[价格] TRX: 0.29863
[价格] TON: 1.301
[价格] ETC: 8.461
[价格] BCH: 468.9
[价格] HBAR: 0.09595
[价格] XLM: 0.16885
[价格] FIL: 0.8933
[价格] LINK: 9.475
[价格] CRO: 0.0781
[价格] DOT: 1.431
[价格] AAVE: 116.32
[价格] UNI: 4.051
[价格] NEAR: 1.3437
[价格] APT: 0.9313
[价格] CFX: 0.06131
[价格] CRV: 0.2423
[价格] STX: 0.2557
[价格] LDO: 0.3075
[价格] TAO: 285.0
✅ [数据完整] 成功获取全部 27/27 个币种的数据
[保存] 数据已写入 /home/user/webapp/data/coin_change_tracker/coin_change_20260316.jsonl
[保存] 涨速数据已写入 /home/user/webapp/data/coin_change_tracker/velocity_20260316.jsonl
[统计] 总涨跌幅: 52.72%, 5分钟涨速: +1.98%, 币种数: 27, 上涨占比: 100.0% (27↑/0↓)
[等待] 下次采集时间: 07:50:14

[2026-03-16 07:50:24] 开始采集...
[价格] BTC: 72609.4
[价格] ETH: 2172.96
[价格] XRP: 1.4469
[价格] BNB: 673.3
[价格] SOL: 92.16
[价格] LTC: 56.05
[价格] DOGE: 0.09729
[价格] SUI: 1.0202
[价格] TRX: 0.29863
[价格] TON: 1.301
[价格] ETC: 8.45
[价格] BCH: 468.7
[价格] HBAR: 0.09588
[价格] XLM: 0.16875
[价格] FIL: 0.8925
[价格] LINK: 9.46
[价格] CRO: 0.07811
[价格] DOT: 1.43
[价格] AAVE: 116.14
[价格] UNI: 4.043
[价格] NEAR: 1.3422
[价格] APT: 0.9303
[价格] CFX: 0.06123
[价格] CRV: 0.242
[价格] STX: 0.2557
[价格] LDO: 0.3072
[价格] TAO: 285.0
✅ [数据完整] 成功获取全部 27/27 个币种的数据
[保存] 数据已写入 /home/user/webapp/data/coin_change_tracker/coin_change_20260316.jsonl
[保存] 涨速数据已写入 /home/user/webapp/data/coin_change_tracker/velocity_20260316.jsonl
[统计] 总涨跌幅: 50.52%, 5分钟涨速: -2.93%, 币种数: 27, 上涨占比: 100.0% (27↑/0↓)
[等待] 下次采集时间: 07:51:24

[2026-03-16 07:51:33] 开始采集...
[价格] BTC: 72536.3
[价格] ETH: 2169.72
[价格] XRP: 1.4447
[价格] BNB: 672.5
[价格] SOL: 92.0
[价格] LTC: 56.05
[价格] DOGE: 0.09715
[价格] SUI: 1.0183
[价格] TRX: 0.29863
[价格] TON: 1.302
[价格] ETC: 8.447
[价格] BCH: 468.6
[价格] HBAR: 0.09584
[价格] XLM: 0.16855
[价格] FIL: 0.892
[价格] LINK: 9.456
[价格] CRO: 0.07803
[价格] DOT: 1.429
[价格] AAVE: 116.09
[价格] UNI: 4.043
[价格] NEAR: 1.3419
[价格] APT: 0.9309
[价格] CFX: 0.06118
[价格] CRV: 0.2421
[价格] STX: 0.2552
[价格] LDO: 0.3072
[价格] TAO: 285.2
✅ [数据完整] 成功获取全部 27/27 个币种的数据
[保存] 数据已写入 /home/user/webapp/data/coin_change_tracker/coin_change_20260316.jsonl
[保存] 涨速数据已写入 /home/user/webapp/data/coin_change_tracker/velocity_20260316.jsonl
[统计] 总涨跌幅: 48.85%, 5分钟涨速: -5.07%, 币种数: 27, 上涨占比: 100.0% (27↑/0↓)
[等待] 下次采集时间: 07:52:33

[2026-03-16 07:52:43] 开始采集...
[价格] BTC: 72608.2
[价格] ETH: 2172.49
[价格] XRP: 1.446
[价格] BNB: 672.5
[价格] SOL: 92.02
[价格] LTC: 56.1
[价格] DOGE: 0.09719
[价格] SUI: 1.0186
[价格] TRX: 0.29869
[价格] TON: 1.302
[价格] ETC: 8.45
[价格] BCH: 469.0
[价格] HBAR: 0.09593
[价格] XLM: 0.16865
[价格] FIL: 0.8925
[价格] LINK: 9.461
[价格] CRO: 0.07808
[价格] DOT: 1.433
[价格] AAVE: 116.06
[价格] UNI: 4.046
[价格] NEAR: 1.3429
[价格] APT: 0.9318
[价格] CFX: 0.0612
[价格] CRV: 0.2424
[价格] STX: 0.2555
[价格] LDO: 0.3072
[价格] TAO: 284.0
✅ [数据完整] 成功获取全部 27/27 个币种的数据
[保存] 数据已写入 /home/user/webapp/data/coin_change_tracker/coin_change_20260316.jsonl
[保存] 涨速数据已写入 /home/user/webapp/data/coin_change_tracker/velocity_20260316.jsonl
[统计] 总涨跌幅: 50.21%, 5分钟涨速: -2.41%, 币种数: 27, 上涨占比: 100.0% (27↑/0↓)
[等待] 下次采集时间: 07:53:43

[2026-03-16 07:53:52] 开始采集...
[价格] BTC: 72632.6
[价格] ETH: 2173.59
[价格] XRP: 1.4462
[价格] BNB: 672.7
[价格] SOL: 92.05
[价格] LTC: 56.09
[价格] DOGE: 0.0972
[价格] SUI: 1.019
[价格] TRX: 0.2987
[价格] TON: 1.303
[价格] ETC: 8.453
[价格] BCH: 468.9
[价格] HBAR: 0.09598
[价格] XLM: 0.16872
[价格] FIL: 0.8921
[价格] LINK: 9.467
[价格] CRO: 0.07812
[价格] DOT: 1.433
[价格] AAVE: 116.06
[价格] UNI: 4.049
[价格] NEAR: 1.3443
[价格] APT: 0.9327
[价格] CFX: 0.06122
[价格] CRV: 0.2425
[价格] STX: 0.2557
[价格] LDO: 0.3078
[价格] TAO: 283.5
[RSI] 开始采集5分钟RSI数据...
[RSI] BTC: 60.52
[RSI] ETH: 52.2
[RSI] XRP: 40.23
[RSI] BNB: 48.0
[RSI] SOL: 51.65
[RSI] LTC: 57.01
[RSI] DOGE: 57.58
[RSI] SUI: 42.91
[RSI] TRX: 59.88
[RSI] TON: 38.89
[RSI] ETC: 53.37
[RSI] BCH: 59.21
[RSI] HBAR: 39.87
[RSI] XLM: 37.53
[RSI] FIL: 35.75
[RSI] LINK: 59.14
[RSI] CRO: 33.33
[RSI] DOT: 50.0
[RSI] AAVE: 45.77
[RSI] UNI: 44.8
[RSI] NEAR: 32.23
[RSI] APT: 50.0
[RSI] CFX: 36.02
[RSI] CRV: 40.98
[RSI] STX: 46.67
[RSI] LDO: 47.95
[RSI] TAO: 46.15
[RSI] 成功采集 27/27 个币种，RSI之和: 1267.64
[保存] RSI数据已写入 /home/user/webapp/data/coin_change_tracker/rsi_20260316.jsonl
✅ [数据完整] 成功获取全部 27/27 个币种的数据
[保存] 数据已写入 /home/user/webapp/data/coin_change_tracker/coin_change_20260316.jsonl
[保存] 涨速数据已写入 /home/user/webapp/data/coin_change_tracker/velocity_20260316.jsonl
[统计] 总涨跌幅: 51.10%, 5分钟涨速: -1.62%, 币种数: 27, 上涨占比: 100.0% (27↑/0↓), RSI之和: 1267.64
[等待] 下次采集时间: 07:54:52

[2026-03-16 07:55:11] 开始采集...
[价格] BTC: 72680.0
[价格] ETH: 2174.02
[价格] XRP: 1.4455
[价格] BNB: 672.8
[价格] SOL: 92.07
[价格] LTC: 56.12
[价格] DOGE: 0.09724
[价格] SUI: 1.0207
[价格] TRX: 0.29877
[价格] TON: 1.303
[价格] ETC: 8.452
[价格] BCH: 469.1
[价格] HBAR: 0.09597
[价格] XLM: 0.16877
[价格] FIL: 0.8928
[价格] LINK: 9.47
[价格] CRO: 0.07816
[价格] DOT: 1.435
[价格] AAVE: 116.11
[价格] UNI: 4.05
[价格] NEAR: 1.3461
[价格] APT: 0.9332
[价格] CFX: 0.06119
[价格] CRV: 0.2427
[价格] STX: 0.2558
[价格] LDO: 0.3078
[价格] TAO: 283.2
✅ [数据完整] 成功获取全部 27/27 个币种的数据
[保存] 数据已写入 /home/user/webapp/data/coin_change_tracker/coin_change_20260316.jsonl
[保存] 涨速数据已写入 /home/user/webapp/data/coin_change_tracker/velocity_20260316.jsonl
[统计] 总涨跌幅: 52.04%, 5分钟涨速: +1.52%, 币种数: 27, 上涨占比: 100.0% (27↑/0↓)
[等待] 下次采集时间: 07:56:11

[2026-03-16 07:56:20] 开始采集...
[价格] BTC: 72720.9
[价格] ETH: 2175.6
[价格] XRP: 1.4466
[价格] BNB: 673.2
[价格] SOL: 92.19
[价格] LTC: 56.13
[价格] DOGE: 0.09734
[价格] SUI: 1.0219
[价格] TRX: 0.29878
[价格] TON: 1.303
[价格] ETC: 8.456
[价格] BCH: 469.2
[价格] HBAR: 0.09605
[价格] XLM: 0.16902
[价格] FIL: 0.8936
[价格] LINK: 9.482
[价格] CRO: 0.0782
[价格] DOT: 1.436
[价格] AAVE: 116.2
[价格] UNI: 4.053
[价格] NEAR: 1.3478
[价格] APT: 0.9337
[价格] CFX: 0.06132
[价格] CRV: 0.2428
[价格] STX: 0.2562
[价格] LDO: 0.3082
[价格] TAO: 283.6
✅ [数据完整] 成功获取全部 27/27 个币种的数据
[保存] 数据已写入 /home/user/webapp/data/coin_change_tracker/coin_change_20260316.jsonl
[保存] 涨速数据已写入 /home/user/webapp/data/coin_change_tracker/velocity_20260316.jsonl
[统计] 总涨跌幅: 54.37%, 5分钟涨速: +5.52%, 币种数: 27, 上涨占比: 100.0% (27↑/0↓)
[等待] 下次采集时间: 07:57:20

[2026-03-16 07:57:30] 开始采集...
[价格] BTC: 72750.0
[价格] ETH: 2175.56
[价格] XRP: 1.4477
[价格] BNB: 673.2
[价格] SOL: 92.26
[价格] LTC: 56.13
[价格] DOGE: 0.09736
[价格] SUI: 1.0225
[价格] TRX: 0.29873
[价格] TON: 1.304
[价格] ETC: 8.46
[价格] BCH: 469.3
[价格] HBAR: 0.0961
[价格] XLM: 0.1691
[价格] FIL: 0.8936
[价格] LINK: 9.479
[价格] CRO: 0.07823
[价格] DOT: 1.436
[价格] AAVE: 116.16
[价格] UNI: 4.054
[价格] NEAR: 1.3478
[价格] APT: 0.9338
[价格] CFX: 0.06125
[价格] CRV: 0.2431
[价格] STX: 0.2565
[价格] LDO: 0.3084
[价格] TAO: 283.3
✅ [数据完整] 成功获取全部 27/27 个币种的数据
[保存] 数据已写入 /home/user/webapp/data/coin_change_tracker/coin_change_20260316.jsonl
[保存] 涨速数据已写入 /home/user/webapp/data/coin_change_tracker/velocity_20260316.jsonl
[统计] 总涨跌幅: 55.00%, 5分钟涨速: +4.79%, 币种数: 27, 上涨占比: 100.0% (27↑/0↓)
[等待] 下次采集时间: 07:58:30

[2026-03-16 07:58:39] 开始采集...
[价格] BTC: 72749.5
[价格] ETH: 2176.54
[价格] XRP: 1.4468
[价格] BNB: 673.3
[价格] SOL: 92.3
[价格] LTC: 56.2
[价格] DOGE: 0.09737
[价格] SUI: 1.0221
[价格] TRX: 0.29868
[价格] TON: 1.305
[价格] ETC: 8.464
[价格] BCH: 469.2
[价格] HBAR: 0.09612
[价格] XLM: 0.16904
[价格] FIL: 0.8934
[价格] LINK: 9.483
[价格] CRO: 0.07823
[价格] DOT: 1.436
[价格] AAVE: 116.21
[价格] UNI: 4.061
[价格] NEAR: 1.3485
[价格] APT: 0.9342
[价格] CFX: 0.06129
[价格] CRV: 0.2431
[价格] STX: 0.2566
[价格] LDO: 0.3086
[价格] TAO: 283.6
✅ [数据完整] 成功获取全部 27/27 个币种的数据
[保存] 数据已写入 /home/user/webapp/data/coin_change_tracker/coin_change_20260316.jsonl
[保存] 涨速数据已写入 /home/user/webapp/data/coin_change_tracker/velocity_20260316.jsonl
[统计] 总涨跌幅: 55.82%, 5分钟涨速: +4.72%, 币种数: 27, 上涨占比: 100.0% (27↑/0↓)
[等待] 下次采集时间: 07:59:39

[2026-03-16 07:59:49] 开始采集...
[价格] BTC: 72780.0
[价格] ETH: 2177.57
[价格] XRP: 1.4485
[价格] BNB: 673.5
[价格] SOL: 92.32
[价格] LTC: 56.23
[价格] DOGE: 0.09733
[价格] SUI: 1.0228
[价格] TRX: 0.29855
[价格] TON: 1.304
[价格] ETC: 8.47
[价格] BCH: 469.3
[价格] HBAR: 0.09623
[价格] XLM: 0.16916
[价格] FIL: 0.8943
[价格] LINK: 9.489
[价格] CRO: 0.07818
[价格] DOT: 1.438
[价格] AAVE: 116.27
[价格] UNI: 4.065
[价格] NEAR: 1.3485
[价格] APT: 0.9341
[价格] CFX: 0.06139
[价格] CRV: 0.2432
[价格] STX: 0.2566
[价格] LDO: 0.3088
[价格] TAO: 282.7
[RSI] 开始采集5分钟RSI数据...
[RSI] BTC: 61.65
[RSI] ETH: 51.69
[RSI] XRP: 35.2
[RSI] BNB: 46.72
[RSI] SOL: 51.96
[RSI] LTC: 59.29
[RSI] DOGE: 52.1
[RSI] SUI: 42.03
[RSI] TRX: 57.06
[RSI] TON: 38.89
[RSI] ETC: 51.87
[RSI] BCH: 57.53
[RSI] HBAR: 44.72
[RSI] XLM: 34.51
[RSI] FIL: 39.9
[RSI] LINK: 54.22
[RSI] CRO: 36.79
[RSI] DOT: 57.14
[RSI] AAVE: 39.59
[RSI] UNI: 46.51
[RSI] NEAR: 46.83
[RSI] APT: 50.0
[RSI] CFX: 36.48
[RSI] CRV: 37.93
[RSI] STX: 48.39
[RSI] LDO: 48.65
[RSI] TAO: 41.4
[RSI] 成功采集 27/27 个币种，RSI之和: 1269.05
[保存] RSI数据已写入 /home/user/webapp/data/coin_change_tracker/rsi_20260316.jsonl
✅ [数据完整] 成功获取全部 27/27 个币种的数据
[保存] 数据已写入 /home/user/webapp/data/coin_change_tracker/coin_change_20260316.jsonl
[保存] 涨速数据已写入 /home/user/webapp/data/coin_change_tracker/velocity_20260316.jsonl
[统计] 总涨跌幅: 56.66%, 5分钟涨速: +4.62%, 币种数: 27, 上涨占比: 96.3% (26↑/1↓), RSI之和: 1269.05
[等待] 下次采集时间: 08:00:49

[2026-03-16 08:01:08] 开始采集...
[价格] BTC: 72914.2
[价格] ETH: 2184.8
[价格] XRP: 1.4512
[价格] BNB: 675.4
[价格] SOL: 92.64
[价格] LTC: 56.37
[价格] DOGE: 0.09775
[价格] SUI: 1.0282
[价格] TRX: 0.29843
[价格] TON: 1.305
[价格] ETC: 8.498
[价格] BCH: 469.9
[价格] HBAR: 0.0964
[价格] XLM: 0.16963
[价格] FIL: 0.8971
[价格] LINK: 9.525
[价格] CRO: 0.07824
[价格] DOT: 1.444
[价格] AAVE: 116.9
[价格] UNI: 4.084
[价格] NEAR: 1.3532
[价格] APT: 0.9379
[价格] CFX: 0.06151
[价格] CRV: 0.2446
[价格] STX: 0.2576
[价格] LDO: 0.3102
[价格] TAO: 283.1
✅ [数据完整] 成功获取全部 27/27 个币种的数据
[保存] 数据已写入 /home/user/webapp/data/coin_change_tracker/coin_change_20260316.jsonl
[保存] 涨速数据已写入 /home/user/webapp/data/coin_change_tracker/velocity_20260316.jsonl
[统计] 总涨跌幅: 65.06%, 5分钟涨速: +10.69%, 币种数: 27, 上涨占比: 96.3% (26↑/1↓)
[等待] 下次采集时间: 08:02:08

[2026-03-16 08:02:18] 开始采集...
[价格] BTC: 72924.9
[价格] ETH: 2182.07
[价格] XRP: 1.4523
[价格] BNB: 675.8
[价格] SOL: 92.77
[价格] LTC: 56.4
[价格] DOGE: 0.09804
[价格] SUI: 1.0275
[价格] TRX: 0.29851
[价格] TON: 1.306
[价格] ETC: 8.504
[价格] BCH: 469.9
[价格] HBAR: 0.09648
[价格] XLM: 0.16941
[价格] FIL: 0.8972
[价格] LINK: 9.526
[价格] CRO: 0.07818
[价格] DOT: 1.443
[价格] AAVE: 117.03
[价格] UNI: 4.086
[价格] NEAR: 1.3538
[价格] APT: 0.9378
[价格] CFX: 0.06146
[价格] CRV: 0.2443
[价格] STX: 0.2578
[价格] LDO: 0.31
[价格] TAO: 283.3
✅ [数据完整] 成功获取全部 27/27 个币种的数据
[保存] 数据已写入 /home/user/webapp/data/coin_change_tracker/coin_change_20260316.jsonl
[保存] 涨速数据已写入 /home/user/webapp/data/coin_change_tracker/velocity_20260316.jsonl
[统计] 总涨跌幅: 65.58%, 5分钟涨速: +10.58%, 币种数: 27, 上涨占比: 96.3% (26↑/1↓)
[等待] 下次采集时间: 08:03:18

[2026-03-16 08:03:28] 开始采集...
[价格] BTC: 72920.3
[价格] ETH: 2182.15
[价格] XRP: 1.4523
[价格] BNB: 675.7
[价格] SOL: 92.62
[价格] LTC: 56.38
[价格] DOGE: 0.09785
[价格] SUI: 1.0242
[价格] TRX: 0.29833
[价格] TON: 1.305
[价格] ETC: 8.485
[价格] BCH: 469.7
[价格] HBAR: 0.09624
[价格] XLM: 0.16927
[价格] FIL: 0.8968
[价格] LINK: 9.509
[价格] CRO: 0.07819
[价格] DOT: 1.437
[价格] AAVE: 116.92
[价格] UNI: 4.077
[价格] NEAR: 1.347
[价格] APT: 0.9351
[价格] CFX: 0.06139
[价格] CRV: 0.244
[价格] STX: 0.2575
[价格] LDO: 0.3094
[价格] TAO: 281.9
✅ [数据完整] 成功获取全部 27/27 个币种的数据
[保存] 数据已写入 /home/user/webapp/data/coin_change_tracker/coin_change_20260316.jsonl
[保存] 涨速数据已写入 /home/user/webapp/data/coin_change_tracker/velocity_20260316.jsonl
[统计] 总涨跌幅: 61.26%, 5分钟涨速: +5.44%, 币种数: 27, 上涨占比: 96.3% (26↑/1↓)
[等待] 下次采集时间: 08:04:28

[2026-03-16 08:04:38] 开始采集...
[价格] BTC: 72875.0
[价格] ETH: 2179.88
[价格] XRP: 1.4524
[价格] BNB: 675.3
[价格] SOL: 92.57
[价格] LTC: 56.37
[价格] DOGE: 0.09776
[价格] SUI: 1.0237
[价格] TRX: 0.29823
[价格] TON: 1.306
[价格] ETC: 8.479
[价格] BCH: 469.3
[价格] HBAR: 0.09621
[价格] XLM: 0.16938
[价格] FIL: 0.8958
[价格] LINK: 9.504
[价格] CRO: 0.07809
[价格] DOT: 1.435
[价格] AAVE: 116.81
[价格] UNI: 4.077
[价格] NEAR: 1.348
[价格] APT: 0.9346
[价格] CFX: 0.06139
[价格] CRV: 0.244
[价格] STX: 0.2576
[价格] LDO: 0.3095
[价格] TAO: 281.4
✅ [数据完整] 成功获取全部 27/27 个币种的数据
[保存] 数据已写入 /home/user/webapp/data/coin_change_tracker/coin_change_20260316.jsonl
[保存] 涨速数据已写入 /home/user/webapp/data/coin_change_tracker/velocity_20260316.jsonl
[统计] 总涨跌幅: 60.13%, 5分钟涨速: +3.47%, 币种数: 27, 上涨占比: 96.3% (26↑/1↓)
[等待] 下次采集时间: 08:05:38

[2026-03-16 08:05:48] 开始采集...
[价格] BTC: 72874.4
[价格] ETH: 2180.91
[价格] XRP: 1.4543
[价格] BNB: 675.6
[价格] SOL: 92.74
[价格] LTC: 56.4
[价格] DOGE: 0.09782
[价格] SUI: 1.0245
[价格] TRX: 0.29823
[价格] TON: 1.307
[价格] ETC: 8.483
[价格] BCH: 469.8
[价格] HBAR: 0.09625
[价格] XLM: 0.16963
[价格] FIL: 0.8954
[价格] LINK: 9.516
[价格] CRO: 0.07817
[价格] DOT: 1.435
[价格] AAVE: 116.83
[价格] UNI: 4.081
[价格] NEAR: 1.3481
[价格] APT: 0.935
[价格] CFX: 0.06127
[价格] CRV: 0.244
[价格] STX: 0.2574
[价格] LDO: 0.3094
[价格] TAO: 282.1
[RSI] 开始采集5分钟RSI数据...
[RSI] BTC: 56.8
[RSI] ETH: 48.43
[RSI] XRP: 49.83
[RSI] BNB: 48.09
[RSI] SOL: 51.92
[RSI] LTC: 55.34
[RSI] DOGE: 59.17
[RSI] SUI: 42.56
[RSI] TRX: 46.56
[RSI] TON: 47.06
[RSI] ETC: 51.34
[RSI] BCH: 56.34
[RSI] HBAR: 42.68
[RSI] XLM: 41.11
[RSI] FIL: 40.0
[RSI] LINK: 57.3
[RSI] CRO: 34.31
[RSI] DOT: 48.57
[RSI] AAVE: 41.69
[RSI] UNI: 45.45
[RSI] NEAR: 41.07
[RSI] APT: 50.0
[RSI] CFX: 27.23
[RSI] CRV: 43.66
[RSI] STX: 52.56
[RSI] LDO: 50.0
[RSI] TAO: 32.0
[RSI] 成功采集 27/27 个币种，RSI之和: 1261.07
[保存] RSI数据已写入 /home/user/webapp/data/coin_change_tracker/rsi_20260316.jsonl
✅ [数据完整] 成功获取全部 27/27 个币种的数据
[保存] 数据已写入 /home/user/webapp/data/coin_change_tracker/coin_change_20260316.jsonl
[保存] 涨速数据已写入 /home/user/webapp/data/coin_change_tracker/velocity_20260316.jsonl
[统计] 总涨跌幅: 61.45%, 5分钟涨速: -3.61%, 币种数: 27, 上涨占比: 96.3% (26↑/1↓), RSI之和: 1261.07
[等待] 下次采集时间: 08:06:48

[2026-03-16 08:07:07] 开始采集...
[价格] BTC: 72856.8
[价格] ETH: 2181.05
[价格] XRP: 1.4552
[价格] BNB: 675.8
[价格] SOL: 92.73
[价格] LTC: 56.35
[价格] DOGE: 0.09797
[价格] SUI: 1.0257
[价格] TRX: 0.29832
[价格] TON: 1.306
[价格] ETC: 8.491
[价格] BCH: 469.8
[价格] HBAR: 0.09634
[价格] XLM: 0.16977
[价格] FIL: 0.8969
[价格] LINK: 9.516
[价格] CRO: 0.07817
[价格] DOT: 1.436
[价格] AAVE: 116.8
[价格] UNI: 4.085
[价格] NEAR: 1.3499
[价格] APT: 0.9369
[价格] CFX: 0.06136
[价格] CRV: 0.2439
[价格] STX: 0.2578
[价格] LDO: 0.3097
[价格] TAO: 282.6
✅ [数据完整] 成功获取全部 27/27 个币种的数据
[保存] 数据已写入 /home/user/webapp/data/coin_change_tracker/coin_change_20260316.jsonl
[保存] 涨速数据已写入 /home/user/webapp/data/coin_change_tracker/velocity_20260316.jsonl
[统计] 总涨跌幅: 63.14%, 5分钟涨速: -2.44%, 币种数: 27, 上涨占比: 96.3% (26↑/1↓)
[等待] 下次采集时间: 08:08:07

[2026-03-16 08:08:17] 开始采集...
[价格] BTC: 72914.5
[价格] ETH: 2182.67
[价格] XRP: 1.4567
[价格] BNB: 676.2
[价格] SOL: 92.8
[价格] LTC: 56.41
[价格] DOGE: 0.09807
[价格] SUI: 1.0258
[价格] TRX: 0.29835
[价格] TON: 1.306
[价格] ETC: 8.496
[价格] BCH: 469.8
[价格] HBAR: 0.09636
[价格] XLM: 0.16989
[价格] FIL: 0.8974
[价格] LINK: 9.523
[价格] CRO: 0.07818
[价格] DOT: 1.437
[价格] AAVE: 117.12
[价格] UNI: 4.086
[价格] NEAR: 1.3504
[价格] APT: 0.9372
[价格] CFX: 0.06132
[价格] CRV: 0.2439
[价格] STX: 0.258
[价格] LDO: 0.3101
[价格] TAO: 283.2
✅ [数据完整] 成功获取全部 27/27 个币种的数据
[保存] 数据已写入 /home/user/webapp/data/coin_change_tracker/coin_change_20260316.jsonl
[保存] 涨速数据已写入 /home/user/webapp/data/coin_change_tracker/velocity_20260316.jsonl
[统计] 总涨跌幅: 64.89%, 5分钟涨速: +3.63%, 币种数: 27, 上涨占比: 96.3% (26↑/1↓)
[等待] 下次采集时间: 08:09:17

[2026-03-16 08:09:26] 开始采集...
[价格] BTC: 72879.7
[价格] ETH: 2182.0
[价格] XRP: 1.4558
[价格] BNB: 675.8
[价格] SOL: 92.74
[价格] LTC: 56.4
[价格] DOGE: 0.09797
[价格] SUI: 1.0263
[价格] TRX: 0.29836
[价格] TON: 1.306
[价格] ETC: 8.493
[价格] BCH: 469.8
[价格] HBAR: 0.09636
[价格] XLM: 0.16973
[价格] FIL: 0.8978
[价格] LINK: 9.518
[价格] CRO: 0.07813
[价格] DOT: 1.436
[价格] AAVE: 117.11
[价格] UNI: 4.089
[价格] NEAR: 1.3508
[价格] APT: 0.9372
[价格] CFX: 0.06141
[价格] CRV: 0.2439
[价格] STX: 0.2578
[价格] LDO: 0.3099
[价格] TAO: 283.2
✅ [数据完整] 成功获取全部 27/27 个币种的数据
[保存] 数据已写入 /home/user/webapp/data/coin_change_tracker/coin_change_20260316.jsonl
[保存] 涨速数据已写入 /home/user/webapp/data/coin_change_tracker/velocity_20260316.jsonl
[统计] 总涨跌幅: 64.38%, 5分钟涨速: +4.25%, 币种数: 27, 上涨占比: 96.3% (26↑/1↓)
[等待] 下次采集时间: 08:10:26

[2026-03-16 08:10:36] 开始采集...
[价格] BTC: 72841.2
[价格] ETH: 2181.0
[价格] XRP: 1.4547
[价格] BNB: 675.4
[价格] SOL: 92.61
[价格] LTC: 56.29
[价格] DOGE: 0.09792
[价格] SUI: 1.0257
[价格] TRX: 0.29828
[价格] TON: 1.304
[价格] ETC: 8.489
[价格] BCH: 469.4
[价格] HBAR: 0.09639
[价格] XLM: 0.1695
[价格] FIL: 0.8974
[价格] LINK: 9.51
[价格] CRO: 0.07812
[价格] DOT: 1.437
[价格] AAVE: 117.07
[价格] UNI: 4.083
[价格] NEAR: 1.3485
[价格] APT: 0.9362
[价格] CFX: 0.06139
[价格] CRV: 0.2434
[价格] STX: 0.2575
[价格] LDO: 0.3098
[价格] TAO: 284.4
✅ [数据完整] 成功获取全部 27/27 个币种的数据
[保存] 数据已写入 /home/user/webapp/data/coin_change_tracker/coin_change_20260316.jsonl
[保存] 涨速数据已写入 /home/user/webapp/data/coin_change_tracker/velocity_20260316.jsonl
[统计] 总涨跌幅: 62.74%, 5分钟涨速: +1.29%, 币种数: 27, 上涨占比: 96.3% (26↑/1↓)
[等待] 下次采集时间: 08:11:36

[2026-03-16 08:11:45] 开始采集...
[价格] BTC: 72719.2
[价格] ETH: 2175.89
[价格] XRP: 1.4523
[价格] BNB: 674.0
[价格] SOL: 92.41
[价格] LTC: 56.16
[价格] DOGE: 0.09761
[价格] SUI: 1.0231
[价格] TRX: 0.29816
[价格] TON: 1.304
[价格] ETC: 8.466
[价格] BCH: 468.6
[价格] HBAR: 0.09623
[价格] XLM: 0.16915
[价格] FIL: 0.8952
[价格] LINK: 9.483
[价格] CRO: 0.07799
[价格] DOT: 1.433
[价格] AAVE: 116.64
[价格] UNI: 4.073
[价格] NEAR: 1.3456
[价格] APT: 0.9338
[价格] CFX: 0.06112
[价格] CRV: 0.2432
[价格] STX: 0.2567
[价格] LDO: 0.3092
[价格] TAO: 284.3
[RSI] 开始采集5分钟RSI数据...
[RSI] BTC: 43.03
[RSI] ETH: 37.88
[RSI] XRP: 50.49
[RSI] BNB: 39.29
[RSI] SOL: 45.65
[RSI] LTC: 44.19
[RSI] DOGE: 46.76
[RSI] SUI: 38.89
[RSI] TRX: 43.11
[RSI] TON: 42.11
[RSI] ETC: 42.34
[RSI] BCH: 48.1
[RSI] HBAR: 47.47
[RSI] XLM: 41.29
[RSI] FIL: 40.18
[RSI] LINK: 47.78
[RSI] CRO: 29.17
[RSI] DOT: 44.44
[RSI] AAVE: 42.14
[RSI] UNI: 38.89
[RSI] NEAR: 39.41
[RSI] APT: 46.08
[RSI] CFX: 33.64
[RSI] CRV: 34.72
[RSI] STX: 50.0
[RSI] LDO: 46.34
[RSI] TAO: 41.5
[RSI] 成功采集 27/27 个币种，RSI之和: 1144.89
[保存] RSI数据已写入 /home/user/webapp/data/coin_change_tracker/rsi_20260316.jsonl
✅ [数据完整] 成功获取全部 27/27 个币种的数据
[保存] 数据已写入 /home/user/webapp/data/coin_change_tracker/coin_change_20260316.jsonl
[保存] 涨速数据已写入 /home/user/webapp/data/coin_change_tracker/velocity_20260316.jsonl
[统计] 总涨跌幅: 56.84%, 5分钟涨速: -6.30%, 币种数: 27, 上涨占比: 96.3% (26↑/1↓), RSI之和: 1144.89
[等待] 下次采集时间: 08:12:45

[2026-03-16 08:13:06] 开始采集...
[价格] BTC: 72727.6
[价格] ETH: 2175.1
[价格] XRP: 1.4521
[价格] BNB: 673.9
[价格] SOL: 92.45
[价格] LTC: 56.18
[价格] DOGE: 0.09768
[价格] SUI: 1.0234
[价格] TRX: 0.29811
[价格] TON: 1.304
[价格] ETC: 8.472
[价格] BCH: 468.6
[价格] HBAR: 0.09629
[价格] XLM: 0.16921
[价格] FIL: 0.8953
[价格] LINK: 9.49
[价格] CRO: 0.07798
[价格] DOT: 1.434
[价格] AAVE: 116.83
[价格] UNI: 4.079
[价格] NEAR: 1.3473
[价格] APT: 0.9347
[价格] CFX: 0.0612
[价格] CRV: 0.2432
[价格] STX: 0.2568
[价格] LDO: 0.3095
[价格] TAO: 284.6
✅ [数据完整] 成功获取全部 27/27 个币种的数据
[保存] 数据已写入 /home/user/webapp/data/coin_change_tracker/coin_change_20260316.jsonl
[保存] 涨速数据已写入 /home/user/webapp/data/coin_change_tracker/velocity_20260316.jsonl
[统计] 总涨跌幅: 58.22%, 5分钟涨速: -6.67%, 币种数: 27, 上涨占比: 96.3% (26↑/1↓)
[等待] 下次采集时间: 08:14:06

[2026-03-16 08:14:15] 开始采集...
[价格] BTC: 72728.8
[价格] ETH: 2175.79
[价格] XRP: 1.4515
[价格] BNB: 673.9
[价格] SOL: 92.33
[价格] LTC: 56.19
[价格] DOGE: 0.09762
[价格] SUI: 1.0223
[价格] TRX: 0.29811
[价格] TON: 1.304
[价格] ETC: 8.471
[价格] BCH: 468.7
[价格] HBAR: 0.09625
[价格] XLM: 0.16923
[价格] FIL: 0.8945
[价格] LINK: 9.489
[价格] CRO: 0.07794
[价格] DOT: 1.433
[价格] AAVE: 116.77
[价格] UNI: 4.075
[价格] NEAR: 1.3461
[价格] APT: 0.9341
[价格] CFX: 0.06111
[价格] CRV: 0.243
[价格] STX: 0.2566
[价格] LDO: 0.3094
[价格] TAO: 284.9
✅ [数据完整] 成功获取全部 27/27 个币种的数据
[保存] 数据已写入 /home/user/webapp/data/coin_change_tracker/coin_change_20260316.jsonl
[保存] 涨速数据已写入 /home/user/webapp/data/coin_change_tracker/velocity_20260316.jsonl
[统计] 总涨跌幅: 57.11%, 5分钟涨速: -7.27%, 币种数: 27, 上涨占比: 96.3% (26↑/1↓)
[等待] 下次采集时间: 08:15:15

[2026-03-16 08:15:25] 开始采集...
[价格] BTC: 72677.0
[价格] ETH: 2174.06
[价格] XRP: 1.4501
[价格] BNB: 673.7
[价格] SOL: 92.38
[价格] LTC: 56.17
[价格] DOGE: 0.09765
[价格] SUI: 1.0221
[价格] TRX: 0.2981
[价格] TON: 1.303
[价格] ETC: 8.468
[价格] BCH: 468.5
[价格] HBAR: 0.0962
[价格] XLM: 0.16904
[价格] FIL: 0.8932
[价格] LINK: 9.487
[价格] CRO: 0.07784
[价格] DOT: 1.432
[价格] AAVE: 116.81
[价格] UNI: 4.072
[价格] NEAR: 1.344
[价格] APT: 0.933
[价格] CFX: 0.06098
[价格] CRV: 0.2432
[价格] STX: 0.2566
[价格] LDO: 0.3092
[价格] TAO: 286.1
✅ [数据完整] 成功获取全部 27/27 个币种的数据
[保存] 数据已写入 /home/user/webapp/data/coin_change_tracker/coin_change_20260316.jsonl
[保存] 涨速数据已写入 /home/user/webapp/data/coin_change_tracker/velocity_20260316.jsonl
[统计] 总涨跌幅: 56.10%, 5分钟涨速: -6.64%, 币种数: 27, 上涨占比: 96.3% (26↑/1↓)
[等待] 下次采集时间: 08:16:25

[2026-03-16 08:16:36] 开始采集...
[价格] BTC: 72778.8
[价格] ETH: 2177.77
[价格] XRP: 1.453
[价格] BNB: 674.0
[价格] SOL: 92.49
[价格] LTC: 56.18
[价格] DOGE: 0.09781
[价格] SUI: 1.0232
[价格] TRX: 0.29809
[价格] TON: 1.303
[价格] ETC: 8.473
[价格] BCH: 468.7
[价格] HBAR: 0.0962
[价格] XLM: 0.16914
[价格] FIL: 0.8935
[价格] LINK: 9.499
[价格] CRO: 0.07787
[价格] DOT: 1.433
[价格] AAVE: 116.94
[价格] UNI: 4.079
[价格] NEAR: 1.3439
[价格] APT: 0.9338
[价格] CFX: 0.06099
[价格] CRV: 0.2433
[价格] STX: 0.2568
[价格] LDO: 0.3097
[价格] TAO: 285.8
✅ [数据完整] 成功获取全部 27/27 个币种的数据
[保存] 数据已写入 /home/user/webapp/data/coin_change_tracker/coin_change_20260316.jsonl
[保存] 涨速数据已写入 /home/user/webapp/data/coin_change_tracker/velocity_20260316.jsonl
[统计] 总涨跌幅: 58.06%, 5分钟涨速: +1.22%, 币种数: 27, 上涨占比: 96.3% (26↑/1↓)
[等待] 下次采集时间: 08:17:36

[2026-03-16 08:17:46] 开始采集...
[价格] BTC: 72820.5
[价格] ETH: 2179.1
[价格] XRP: 1.4554
[价格] BNB: 674.5
[价格] SOL: 92.59
[价格] LTC: 56.21
[价格] DOGE: 0.09792
[价格] SUI: 1.0235
[价格] TRX: 0.29809
[价格] TON: 1.302
[价格] ETC: 8.473
[价格] BCH: 468.9
[价格] HBAR: 0.09626
[价格] XLM: 0.16939
[价格] FIL: 0.8934
[价格] LINK: 9.506
[价格] CRO: 0.07791
[价格] DOT: 1.435
[价格] AAVE: 116.98
[价格] UNI: 4.079
[价格] NEAR: 1.3436
[价格] APT: 0.9336
[价格] CFX: 0.06099
[价格] CRV: 0.2432
[价格] STX: 0.2571
[价格] LDO: 0.3098
[价格] TAO: 286.2
[RSI] 开始采集5分钟RSI数据...
[RSI] BTC: 47.12
[RSI] ETH: 37.29
[RSI] XRP: 54.67
[RSI] BNB: 38.78
[RSI] SOL: 46.39
[RSI] LTC: 47.33
[RSI] DOGE: 52.73
[RSI] SUI: 44.05
[RSI] TRX: 39.81
[RSI] TON: 38.1
[RSI] ETC: 44.14
[RSI] BCH: 48.05
[RSI] HBAR: 46.71
[RSI] XLM: 45.75
[RSI] FIL: 35.54
[RSI] LINK: 48.21
[RSI] CRO: 24.8
[RSI] DOT: 43.24
[RSI] AAVE: 43.4
[RSI] UNI: 41.61
[RSI] NEAR: 34.97
[RSI] APT: 46.3
[RSI] CFX: 34.62
[RSI] CRV: 36.99
[RSI] STX: 50.59
[RSI] LDO: 51.72
[RSI] TAO: 52.17
[RSI] 成功采集 27/27 个币种，RSI之和: 1175.08
[保存] RSI数据已写入 /home/user/webapp/data/coin_change_tracker/rsi_20260316.jsonl
✅ [数据完整] 成功获取全部 27/27 个币种的数据
[保存] 数据已写入 /home/user/webapp/data/coin_change_tracker/coin_change_20260316.jsonl
[保存] 涨速数据已写入 /home/user/webapp/data/coin_change_tracker/velocity_20260316.jsonl
[统计] 总涨跌幅: 59.46%, 5分钟涨速: +1.24%, 币种数: 27, 上涨占比: 96.3% (26↑/1↓), RSI之和: 1175.08
[等待] 下次采集时间: 08:18:46

[2026-03-16 08:19:05] 开始采集...
[价格] BTC: 72687.4
[价格] ETH: 2174.61
[价格] XRP: 1.452
[价格] BNB: 673.4
[价格] SOL: 92.39
[价格] LTC: 56.11
[价格] DOGE: 0.09754
[价格] SUI: 1.0193
[价格] TRX: 0.29809
[价格] TON: 1.299
[价格] ETC: 8.443
[价格] BCH: 468.3
[价格] HBAR: 0.09599
[价格] XLM: 0.16883
[价格] FIL: 0.8906
[价格] LINK: 9.47
[价格] CRO: 0.07773
[价格] DOT: 1.431
[价格] AAVE: 116.71
[价格] UNI: 4.066
[价格] NEAR: 1.3399
[价格] APT: 0.9302
[价格] CFX: 0.06073
[价格] CRV: 0.2429
[价格] STX: 0.2563
[价格] LDO: 0.3088
[价格] TAO: 285.1
✅ [数据完整] 成功获取全部 27/27 个币种的数据
[保存] 数据已写入 /home/user/webapp/data/coin_change_tracker/coin_change_20260316.jsonl
[保存] 涨速数据已写入 /home/user/webapp/data/coin_change_tracker/velocity_20260316.jsonl
[统计] 总涨跌幅: 52.00%, 5分钟涨速: -5.11%, 币种数: 27, 上涨占比: 96.3% (26↑/1↓)
[等待] 下次采集时间: 08:20:05

[2026-03-16 08:20:14] 开始采集...
[价格] BTC: 72626.9
[价格] ETH: 2171.89
[价格] XRP: 1.4507
[价格] BNB: 673.1
[价格] SOL: 92.26
[价格] LTC: 56.07
[价格] DOGE: 0.09751
[价格] SUI: 1.0194
[价格] TRX: 0.29804
[价格] TON: 1.299
[价格] ETC: 8.441
[价格] BCH: 468.1
[价格] HBAR: 0.09598
[价格] XLM: 0.16864
[价格] FIL: 0.8912
[价格] LINK: 9.466
[价格] CRO: 0.07762
[价格] DOT: 1.432
[价格] AAVE: 116.57
[价格] UNI: 4.068
[价格] NEAR: 1.3403
[价格] APT: 0.9306
[价格] CFX: 0.06066
[价格] CRV: 0.243
[价格] STX: 0.2562
[价格] LDO: 0.3087
[价格] TAO: 283.8
✅ [数据完整] 成功获取全部 27/27 个币种的数据
[保存] 数据已写入 /home/user/webapp/data/coin_change_tracker/coin_change_20260316.jsonl
[保存] 涨速数据已写入 /home/user/webapp/data/coin_change_tracker/velocity_20260316.jsonl
[统计] 总涨跌幅: 50.52%, 5分钟涨速: -5.58%, 币种数: 27, 上涨占比: 96.3% (26↑/1↓)
[等待] 下次采集时间: 08:21:14

[2026-03-16 08:21:24] 开始采集...
[价格] BTC: 72597.1
[价格] ETH: 2171.74
[价格] XRP: 1.4505
[价格] BNB: 672.9
[价格] SOL: 92.19
[价格] LTC: 56.06
[价格] DOGE: 0.09754
[价格] SUI: 1.0194
[价格] TRX: 0.298
[价格] TON: 1.299
[价格] ETC: 8.448
[价格] BCH: 468.1
[价格] HBAR: 0.09597
[价格] XLM: 0.1687
[价格] FIL: 0.8916
[价格] LINK: 9.468
[价格] CRO: 0.07757
[价格] DOT: 1.432
[价格] AAVE: 116.58
[价格] UNI: 4.069
[价格] NEAR: 1.3415
[价格] APT: 0.931
[价格] CFX: 0.06063
[价格] CRV: 0.243
[价格] STX: 0.2562
[价格] LDO: 0.3087
[价格] TAO: 282.4
✅ [数据完整] 成功获取全部 27/27 个币种的数据
[保存] 数据已写入 /home/user/webapp/data/coin_change_tracker/coin_change_20260316.jsonl
[保存] 涨速数据已写入 /home/user/webapp/data/coin_change_tracker/velocity_20260316.jsonl
[统计] 总涨跌幅: 50.08%, 5分钟涨速: -7.98%, 币种数: 27, 上涨占比: 92.6% (25↑/2↓)
[等待] 下次采集时间: 08:22:24

[2026-03-16 08:22:33] 开始采集...
[价格] BTC: 72586.9
[价格] ETH: 2172.17
[价格] XRP: 1.4503
[价格] BNB: 672.7
[价格] SOL: 92.1
[价格] LTC: 56.07
[价格] DOGE: 0.09757
[价格] SUI: 1.019
[价格] TRX: 0.298
[价格] TON: 1.297
[价格] ETC: 8.456
[价格] BCH: 468.1
[价格] HBAR: 0.09595
[价格] XLM: 0.16853
[价格] FIL: 0.8914
[价格] LINK: 9.47
[价格] CRO: 0.0776
[价格] DOT: 1.432
[价格] AAVE: 116.71
[价格] UNI: 4.067
[价格] NEAR: 1.3412
[价格] APT: 0.9305
[价格] CFX: 0.06081
[价格] CRV: 0.2424
[价格] STX: 0.2562
[价格] LDO: 0.3087
[价格] TAO: 282.0
✅ [数据完整] 成功获取全部 27/27 个币种的数据
[保存] 数据已写入 /home/user/webapp/data/coin_change_tracker/coin_change_20260316.jsonl
[保存] 涨速数据已写入 /home/user/webapp/data/coin_change_tracker/velocity_20260316.jsonl
[统计] 总涨跌幅: 49.69%, 5分钟涨速: -9.77%, 币种数: 27, 上涨占比: 92.6% (25↑/2↓)
[等待] 下次采集时间: 08:23:33

[2026-03-16 08:23:43] 开始采集...
[价格] BTC: 72519.0
[价格] ETH: 2170.43
[价格] XRP: 1.448
[价格] BNB: 672.0
[价格] SOL: 92.04
[价格] LTC: 56.05
[价格] DOGE: 0.0974
[价格] SUI: 1.0181
[价格] TRX: 0.29803
[价格] TON: 1.296
[价格] ETC: 8.449
[价格] BCH: 468.0
[价格] HBAR: 0.09591
[价格] XLM: 0.16841
[价格] FIL: 0.8905
[价格] LINK: 9.463
[价格] CRO: 0.07757
[价格] DOT: 1.43
[价格] AAVE: 116.61
[价格] UNI: 4.062
[价格] NEAR: 1.3403
[价格] APT: 0.93
[价格] CFX: 0.06088
[价格] CRV: 0.2422
[价格] STX: 0.2559
[价格] LDO: 0.3085
[价格] TAO: 281.8
[RSI] 开始采集5分钟RSI数据...
[RSI] BTC: 34.01
[RSI] ETH: 28.09
[RSI] XRP: 47.13
[RSI] BNB: 33.33
[RSI] SOL: 40.8
[RSI] LTC: 43.51
[RSI] DOGE: 45.88
[RSI] SUI: 39.53
[RSI] TRX: 38.89
[RSI] TON: 30.77
[RSI] ETC: 43.21
[RSI] BCH: 40.79
[RSI] HBAR: 42.6
[RSI] XLM: 37.6
[RSI] FIL: 32.21
[RSI] LINK: 40.07
[RSI] CRO: 22.9
[RSI] DOT: 40.62
[RSI] AAVE: 40.77
[RSI] UNI: 37.4
[RSI] NEAR: 32.95
[RSI] APT: 39.53
[RSI] CFX: 35.97
[RSI] CRV: 34.25
[RSI] STX: 47.62
[RSI] LDO: 45.78
[RSI] TAO: 32.08
[RSI] 成功采集 27/27 个币种，RSI之和: 1028.29
[保存] RSI数据已写入 /home/user/webapp/data/coin_change_tracker/rsi_20260316.jsonl
✅ [数据完整] 成功获取全部 27/27 个币种的数据
[保存] 数据已写入 /home/user/webapp/data/coin_change_tracker/coin_change_20260316.jsonl
[保存] 涨速数据已写入 /home/user/webapp/data/coin_change_tracker/velocity_20260316.jsonl
[统计] 总涨跌幅: 47.68%, 5分钟涨速: -4.32%, 币种数: 27, 上涨占比: 92.3% (24↑/2↓), RSI之和: 1028.29
[等待] 下次采集时间: 08:24:43

[2026-03-16 08:25:02] 开始采集...
[价格] BTC: 72514.9
[价格] ETH: 2170.79
[价格] XRP: 1.4492
[价格] BNB: 672.1
[价格] SOL: 92.11
[价格] LTC: 56.05
[价格] DOGE: 0.09751
[价格] SUI: 1.0188
[价格] TRX: 0.29802
[价格] TON: 1.297
[价格] ETC: 8.454
[价格] BCH: 468.0
[价格] HBAR: 0.09592
[价格] XLM: 0.16841
[价格] FIL: 0.8908
[价格] LINK: 9.463
[价格] CRO: 0.07758
[价格] DOT: 1.431
[价格] AAVE: 116.58
[价格] UNI: 4.066
[价格] NEAR: 1.3404
[价格] APT: 0.9303
[价格] CFX: 0.06098
[价格] CRV: 0.2422
[价格] STX: 0.2562
[价格] LDO: 0.3085
[价格] TAO: 282.1
✅ [数据完整] 成功获取全部 27/27 个币种的数据
[保存] 数据已写入 /home/user/webapp/data/coin_change_tracker/coin_change_20260316.jsonl
[保存] 涨速数据已写入 /home/user/webapp/data/coin_change_tracker/velocity_20260316.jsonl
[统计] 总涨跌幅: 48.84%, 5分钟涨速: -1.68%, 币种数: 27, 上涨占比: 92.6% (25↑/2↓)
[等待] 下次采集时间: 08:26:02

[2026-03-16 08:26:11] 开始采集...
[价格] BTC: 72486.7
[价格] ETH: 2169.43
[价格] XRP: 1.4493
[价格] BNB: 671.9
[价格] SOL: 92.1
[价格] LTC: 56.03
[价格] DOGE: 0.09748
[价格] SUI: 1.0178
[价格] TRX: 0.29802
[价格] TON: 1.297
[价格] ETC: 8.451
[价格] BCH: 467.3
[价格] HBAR: 0.09582
[价格] XLM: 0.16818
[价格] FIL: 0.8904
[价格] LINK: 9.448
[价格] CRO: 0.07758
[价格] DOT: 1.431
[价格] AAVE: 116.49
[价格] UNI: 4.062
[价格] NEAR: 1.3396
[价格] APT: 0.9297
[价格] CFX: 0.06093
[价格] CRV: 0.242
[价格] STX: 0.256
[价格] LDO: 0.3084
[价格] TAO: 282.5
✅ [数据完整] 成功获取全部 27/27 个币种的数据
[保存] 数据已写入 /home/user/webapp/data/coin_change_tracker/coin_change_20260316.jsonl
[保存] 涨速数据已写入 /home/user/webapp/data/coin_change_tracker/velocity_20260316.jsonl
[统计] 总涨跌幅: 47.45%, 5分钟涨速: -2.63%, 币种数: 27, 上涨占比: 92.6% (25↑/2↓)
[等待] 下次采集时间: 08:27:11

[2026-03-16 08:27:25] 开始采集...
[价格] BTC: 72493.7
[价格] ETH: 2168.85
[价格] XRP: 1.4486
[价格] BNB: 671.8
[价格] SOL: 92.08
[价格] LTC: 56.02
[价格] DOGE: 0.0975
[价格] SUI: 1.0172
[价格] TRX: 0.29802
[价格] TON: 1.297
[价格] ETC: 8.446
[价格] BCH: 467.5
[价格] HBAR: 0.09578
[价格] XLM: 0.16822
[价格] FIL: 0.8904
[价格] LINK: 9.446
[价格] CRO: 0.07758
[价格] DOT: 1.431
[价格] AAVE: 116.59
[价格] UNI: 4.062
[价格] NEAR: 1.3394
[价格] APT: 0.9293
[价格] CFX: 0.06091
[价格] CRV: 0.242
[价格] STX: 0.2559
[价格] LDO: 0.3083
[价格] TAO: 282.5
✅ [数据完整] 成功获取全部 27/27 个币种的数据
[保存] 数据已写入 /home/user/webapp/data/coin_change_tracker/coin_change_20260316.jsonl
[保存] 涨速数据已写入 /home/user/webapp/data/coin_change_tracker/velocity_20260316.jsonl
[统计] 总涨跌幅: 47.16%, 5分钟涨速: -2.53%, 币种数: 27, 上涨占比: 92.6% (25↑/2↓)
[等待] 下次采集时间: 08:28:25

[2026-03-16 08:28:35] 开始采集...
[价格] BTC: 72489.1
[价格] ETH: 2168.17
[价格] XRP: 1.4478
[价格] BNB: 671.6
[价格] SOL: 92.01
[价格] LTC: 56.02
[价格] DOGE: 0.09739
[价格] SUI: 1.0164
[价格] TRX: 0.298
[价格] TON: 1.301
[价格] ETC: 8.442
[价格] BCH: 467.5
[价格] HBAR: 0.09573
[价格] XLM: 0.16818
[价格] FIL: 0.8896
[价格] LINK: 9.44
[价格] CRO: 0.07758
[价格] DOT: 1.43
[价格] AAVE: 116.46
[价格] UNI: 4.058
[价格] NEAR: 1.3389
[价格] APT: 0.929
[价格] CFX: 0.06093
[价格] CRV: 0.242
[价格] STX: 0.2558
[价格] LDO: 0.3081
[价格] TAO: 282.0
✅ [数据完整] 成功获取全部 27/27 个币种的数据
[保存] 数据已写入 /home/user/webapp/data/coin_change_tracker/coin_change_20260316.jsonl
[保存] 涨速数据已写入 /home/user/webapp/data/coin_change_tracker/velocity_20260316.jsonl
[统计] 总涨跌幅: 46.15%, 5分钟涨速: -1.53%, 币种数: 27, 上涨占比: 92.6% (25↑/2↓)
[等待] 下次采集时间: 08:29:35

[2026-03-16 08:29:45] 开始采集...
[价格] BTC: 72474.0
[价格] ETH: 2167.84
[价格] XRP: 1.4472
[价格] BNB: 671.5
[价格] SOL: 91.93
[价格] LTC: 56.02
[价格] DOGE: 0.09731
[价格] SUI: 1.0161
[价格] TRX: 0.298
[价格] TON: 1.3
[价格] ETC: 8.441
[价格] BCH: 467.5
[价格] HBAR: 0.0958
[价格] XLM: 0.16817
[价格] FIL: 0.8903
[价格] LINK: 9.442
[价格] CRO: 0.07757
[价格] DOT: 1.43
[价格] AAVE: 116.28
[价格] UNI: 4.064
[价格] NEAR: 1.3408
[价格] APT: 0.9293
[价格] CFX: 0.06101
[价格] CRV: 0.2421
[价格] STX: 0.2557
[价格] LDO: 0.3081
[价格] TAO: 282.6
[RSI] 开始采集5分钟RSI数据...
[RSI] BTC: 35.88
[RSI] ETH: 32.69
[RSI] XRP: 52.7
[RSI] BNB: 37.5
[RSI] SOL: 41.64
[RSI] LTC: 48.31
[RSI] DOGE: 53.23
[RSI] SUI: 41.03
[RSI] TRX: 34.78
[RSI] TON: 40.74
[RSI] ETC: 46.81
[RSI] BCH: 41.33
[RSI] HBAR: 46.45
[RSI] XLM: 40.84
[RSI] FIL: 35.68
[RSI] LINK: 42.86
[RSI] CRO: 26.32
[RSI] DOT: 48.28
[RSI] AAVE: 39.6
[RSI] UNI: 43.75
[RSI] NEAR: 49.8
[RSI] APT: 45.45
[RSI] CFX: 41.03
[RSI] CRV: 40.32
[RSI] STX: 63.49
[RSI] LDO: 61.9
[RSI] TAO: 38.51
[RSI] 成功采集 27/27 个币种，RSI之和: 1170.92
[保存] RSI数据已写入 /home/user/webapp/data/coin_change_tracker/rsi_20260316.jsonl
✅ [数据完整] 成功获取全部 27/27 个币种的数据
[保存] 数据已写入 /home/user/webapp/data/coin_change_tracker/coin_change_20260316.jsonl
[保存] 涨速数据已写入 /home/user/webapp/data/coin_change_tracker/velocity_20260316.jsonl
[统计] 总涨跌幅: 46.44%, 5分钟涨速: -2.40%, 币种数: 27, 上涨占比: 92.6% (25↑/2↓), RSI之和: 1170.92
[等待] 下次采集时间: 08:30:45

[2026-03-16 08:31:04] 开始采集...
[价格] BTC: 72494.0
[价格] ETH: 2167.33
[价格] XRP: 1.4465
[价格] BNB: 671.5
[价格] SOL: 92.03
[价格] LTC: 56.04
[价格] DOGE: 0.09729
[价格] SUI: 1.0169
[价格] TRX: 0.298
[价格] TON: 1.3
[价格] ETC: 8.45
[价格] BCH: 467.4
[价格] HBAR: 0.09582
[价格] XLM: 0.16808
[价格] FIL: 0.8897
[价格] LINK: 9.438
[价格] CRO: 0.07759
[价格] DOT: 1.431
[价格] AAVE: 116.3
[价格] UNI: 4.06
[价格] NEAR: 1.3428
[价格] APT: 0.9291
[价格] CFX: 0.0611
[价格] CRV: 0.2423
[价格] STX: 0.2557
[价格] LDO: 0.3082
[价格] TAO: 283.9
✅ [数据完整] 成功获取全部 27/27 个币种的数据
[保存] 数据已写入 /home/user/webapp/data/coin_change_tracker/coin_change_20260316.jsonl
[保存] 涨速数据已写入 /home/user/webapp/data/coin_change_tracker/velocity_20260316.jsonl
[统计] 总涨跌幅: 47.44%, 5分钟涨速: -0.01%, 币种数: 27, 上涨占比: 92.6% (25↑/2↓)
[等待] 下次采集时间: 08:32:04

[2026-03-16 08:32:13] 开始采集...
[价格] BTC: 72544.5
[价格] ETH: 2169.58
[价格] XRP: 1.4481
[价格] BNB: 671.9
[价格] SOL: 92.15
[价格] LTC: 56.1
[价格] DOGE: 0.09742
[价格] SUI: 1.0179
[价格] TRX: 0.298
[价格] TON: 1.3
[价格] ETC: 8.455
[价格] BCH: 467.7
[价格] HBAR: 0.09594
[价格] XLM: 0.16823
[价格] FIL: 0.8895
[价格] LINK: 9.445
[价格] CRO: 0.07765
[价格] DOT: 1.433
[价格] AAVE: 116.41
[价格] UNI: 4.062
[价格] NEAR: 1.3433
[价格] APT: 0.9296
[价格] CFX: 0.06114
[价格] CRV: 0.2425
[价格] STX: 0.2559
[价格] LDO: 0.3084
[价格] TAO: 283.7
✅ [数据完整] 成功获取全部 27/27 个币种的数据
[保存] 数据已写入 /home/user/webapp/data/coin_change_tracker/coin_change_20260316.jsonl
[保存] 涨速数据已写入 /home/user/webapp/data/coin_change_tracker/velocity_20260316.jsonl
[统计] 总涨跌幅: 49.33%, 5分钟涨速: +2.17%, 币种数: 27, 上涨占比: 96.3% (26↑/1↓)
[等待] 下次采集时间: 08:33:13

[2026-03-16 08:33:23] 开始采集...
[价格] BTC: 72519.9
[价格] ETH: 2168.78
[价格] XRP: 1.4472
[价格] BNB: 671.5
[价格] SOL: 92.02
[价格] LTC: 56.08
[价格] DOGE: 0.09729
[价格] SUI: 1.0174
[价格] TRX: 0.298
[价格] TON: 1.301
[价格] ETC: 8.453
[价格] BCH: 467.5
[价格] HBAR: 0.09589
[价格] XLM: 0.16803
[价格] FIL: 0.8897
[价格] LINK: 9.437
[价格] CRO: 0.07764
[价格] DOT: 1.432
[价格] AAVE: 116.31
[价格] UNI: 4.058
[价格] NEAR: 1.3428
[价格] APT: 0.9289
[价格] CFX: 0.06118
[价格] CRV: 0.2422
[价格] STX: 0.2557
[价格] LDO: 0.3082
[价格] TAO: 282.5
✅ [数据完整] 成功获取全部 27/27 个币种的数据
[保存] 数据已写入 /home/user/webapp/data/coin_change_tracker/coin_change_20260316.jsonl
[保存] 涨速数据已写入 /home/user/webapp/data/coin_change_tracker/velocity_20260316.jsonl
[统计] 总涨跌幅: 47.52%, 5分钟涨速: +1.37%, 币种数: 27, 上涨占比: 96.3% (26↑/1↓)
[等待] 下次采集时间: 08:34:23

[2026-03-16 08:34:32] 开始采集...
[价格] BTC: 72512.5
[价格] ETH: 2167.96
[价格] XRP: 1.4466
[价格] BNB: 671.5
[价格] SOL: 92.08
[价格] LTC: 56.09
[价格] DOGE: 0.09727
[价格] SUI: 1.0172
[价格] TRX: 0.2979
[价格] TON: 1.301
[价格] ETC: 8.455
[价格] BCH: 467.6
[价格] HBAR: 0.09589
[价格] XLM: 0.16805
[价格] FIL: 0.889
[价格] LINK: 9.441
[价格] CRO: 0.07759
[价格] DOT: 1.432
[价格] AAVE: 116.33
[价格] UNI: 4.058
[价格] NEAR: 1.3432
[价格] APT: 0.9291
[价格] CFX: 0.0612
[价格] CRV: 0.2421
[价格] STX: 0.2556
[价格] LDO: 0.3081
[价格] TAO: 281.6
✅ [数据完整] 成功获取全部 27/27 个币种的数据
[保存] 数据已写入 /home/user/webapp/data/coin_change_tracker/coin_change_20260316.jsonl
[保存] 涨速数据已写入 /home/user/webapp/data/coin_change_tracker/velocity_20260316.jsonl
[统计] 总涨跌幅: 47.06%, 5分钟涨速: +0.62%, 币种数: 27, 上涨占比: 92.6% (25↑/2↓)
[等待] 下次采集时间: 08:35:32

[2026-03-16 08:35:42] 开始采集...
[价格] BTC: 72600.5
[价格] ETH: 2170.6
[价格] XRP: 1.4492
[价格] BNB: 672.3
[价格] SOL: 92.32
[价格] LTC: 56.15
[价格] DOGE: 0.09743
[价格] SUI: 1.019
[价格] TRX: 0.29789
[价格] TON: 1.302
[价格] ETC: 8.466
[价格] BCH: 468.0
[价格] HBAR: 0.09604
[价格] XLM: 0.16829
[价格] FIL: 0.8898
[价格] LINK: 9.457
[价格] CRO: 0.07768
[价格] DOT: 1.435
[价格] AAVE: 116.7
[价格] UNI: 4.062
[价格] NEAR: 1.3455
[价格] APT: 0.9306
[价格] CFX: 0.0615
[价格] CRV: 0.2422
[价格] STX: 0.2559
[价格] LDO: 0.3086
[价格] TAO: 281.5
[RSI] 开始采集5分钟RSI数据...
[RSI] BTC: 58.37
[RSI] ETH: 49.27
[RSI] XRP: 63.93
[RSI] BNB: 49.15
[RSI] SOL: 58.55
[RSI] LTC: 62.16
[RSI] DOGE: 62.98
[RSI] SUI: 57.03
[RSI] TRX: 33.99
[RSI] TON: 47.83
[RSI] ETC: 61.43
[RSI] BCH: 56.72
[RSI] HBAR: 61.54
[RSI] XLM: 53.21
[RSI] FIL: 45.69
[RSI] LINK: 59.36
[RSI] CRO: 41.28
[RSI] DOT: 67.86
[RSI] AAVE: 62.0
[RSI] UNI: 63.29
[RSI] NEAR: 62.45
[RSI] APT: 60.11
[RSI] CFX: 45.61
[RSI] CRV: 49.02
[RSI] STX: 65.67
[RSI] LDO: 65.67
[RSI] TAO: 36.08
[RSI] 成功采集 27/27 个币种，RSI之和: 1500.25
[保存] RSI数据已写入 /home/user/webapp/data/coin_change_tracker/rsi_20260316.jsonl
✅ [数据完整] 成功获取全部 27/27 个币种的数据
[保存] 数据已写入 /home/user/webapp/data/coin_change_tracker/coin_change_20260316.jsonl
[保存] 涨速数据已写入 /home/user/webapp/data/coin_change_tracker/velocity_20260316.jsonl
[统计] 总涨跌幅: 51.05%, 5分钟涨速: +3.61%, 币种数: 27, 上涨占比: 96.3% (26↑/1↓), RSI之和: 1500.25
[等待] 下次采集时间: 08:36:42

[2026-03-16 08:37:01] 开始采集...
[价格] BTC: 72632.5
[价格] ETH: 2172.05
[价格] XRP: 1.4485
[价格] BNB: 672.0
[价格] SOL: 92.3
[价格] LTC: 56.14
[价格] DOGE: 0.09745
[价格] SUI: 1.0183
[价格] TRX: 0.29789
[价格] TON: 1.302
[价格] ETC: 8.464
[价格] BCH: 468.1
[价格] HBAR: 0.09602
[价格] XLM: 0.16827
[价格] FIL: 0.8897
[价格] LINK: 9.452
[价格] CRO: 0.07769
[价格] DOT: 1.435
[价格] AAVE: 116.68
[价格] UNI: 4.06
[价格] NEAR: 1.3459
[价格] APT: 0.9305
[价格] CFX: 0.06135
[价格] CRV: 0.2423
[价格] STX: 0.256
[价格] LDO: 0.3087
[价格] TAO: 280.4
✅ [数据完整] 成功获取全部 27/27 个币种的数据
[保存] 数据已写入 /home/user/webapp/data/coin_change_tracker/coin_change_20260316.jsonl
[保存] 涨速数据已写入 /home/user/webapp/data/coin_change_tracker/velocity_20260316.jsonl
[统计] 总涨跌幅: 50.34%, 5分钟涨速: +1.01%, 币种数: 27, 上涨占比: 96.3% (26↑/1↓)
[等待] 下次采集时间: 08:38:01

[2026-03-16 08:38:16] 开始采集...
[价格] BTC: 72565.6
[价格] ETH: 2169.99
[价格] XRP: 1.4485
[价格] BNB: 671.6
[价格] SOL: 92.14
[价格] LTC: 56.14
[价格] DOGE: 0.09746
[价格] SUI: 1.0184
[价格] TRX: 0.29789
[价格] TON: 1.302
[价格] ETC: 8.469
[价格] BCH: 467.8
[价格] HBAR: 0.09598
[价格] XLM: 0.16829
[价格] FIL: 0.8892
[价格] LINK: 9.451
[价格] CRO: 0.07763
[价格] DOT: 1.436
[价格] AAVE: 116.66
[价格] UNI: 4.059
[价格] NEAR: 1.3449
[价格] APT: 0.9305
[价格] CFX: 0.06135
[价格] CRV: 0.2422
[价格] STX: 0.2562
[价格] LDO: 0.3088
[价格] TAO: 281.1
✅ [数据完整] 成功获取全部 27/27 个币种的数据
[保存] 数据已写入 /home/user/webapp/data/coin_change_tracker/coin_change_20260316.jsonl
[保存] 涨速数据已写入 /home/user/webapp/data/coin_change_tracker/velocity_20260316.jsonl
[统计] 总涨跌幅: 50.00%, 5分钟涨速: +2.48%, 币种数: 27, 上涨占比: 96.3% (26↑/1↓)
[等待] 下次采集时间: 08:39:16

[2026-03-16 08:39:26] 开始采集...
[价格] BTC: 72542.0
[价格] ETH: 2170.66
[价格] XRP: 1.4481
[价格] BNB: 671.6
[价格] SOL: 92.13
[价格] LTC: 56.12
[价格] DOGE: 0.09753
[价格] SUI: 1.0187
[价格] TRX: 0.29789
[价格] TON: 1.303
[价格] ETC: 8.469
[价格] BCH: 467.6
[价格] HBAR: 0.09602
[价格] XLM: 0.16824
[价格] FIL: 0.8893
[价格] LINK: 9.45
[价格] CRO: 0.07765
[价格] DOT: 1.436
[价格] AAVE: 116.48
[价格] UNI: 4.058
[价格] NEAR: 1.3456
[价格] APT: 0.9303
[价格] CFX: 0.06144
[价格] CRV: 0.2421
[价格] STX: 0.2562
[价格] LDO: 0.3087
[价格] TAO: 280.4
✅ [数据完整] 成功获取全部 27/27 个币种的数据
[保存] 数据已写入 /home/user/webapp/data/coin_change_tracker/coin_change_20260316.jsonl
[保存] 涨速数据已写入 /home/user/webapp/data/coin_change_tracker/velocity_20260316.jsonl
[统计] 总涨跌幅: 49.77%, 5分钟涨速: +2.71%, 币种数: 27, 上涨占比: 96.3% (26↑/1↓)
[等待] 下次采集时间: 08:40:26

[2026-03-16 08:40:36] 开始采集...
[价格] BTC: 72415.1
[价格] ETH: 2164.48
[价格] XRP: 1.444
[价格] BNB: 670.6
[价格] SOL: 91.9
[价格] LTC: 56.02
[价格] DOGE: 0.09729
[价格] SUI: 1.0159
[价格] TRX: 0.29784
[价格] TON: 1.302
[价格] ETC: 8.448
[价格] BCH: 466.7
[价格] HBAR: 0.09592
[价格] XLM: 0.16781
[价格] FIL: 0.8876
[价格] LINK: 9.425
[价格] CRO: 0.07754
[价格] DOT: 1.432
[价格] AAVE: 116.15
[价格] UNI: 4.05
[价格] NEAR: 1.3427
[价格] APT: 0.9288
[价格] CFX: 0.06138
[价格] CRV: 0.2418
[价格] STX: 0.2556
[价格] LDO: 0.308
[价格] TAO: 279.9
✅ [数据完整] 成功获取全部 27/27 个币种的数据
[保存] 数据已写入 /home/user/webapp/data/coin_change_tracker/coin_change_20260316.jsonl
[保存] 涨速数据已写入 /home/user/webapp/data/coin_change_tracker/velocity_20260316.jsonl
[统计] 总涨跌幅: 44.36%, 5分钟涨速: -6.69%, 币种数: 27, 上涨占比: 92.6% (25↑/2↓)
[等待] 下次采集时间: 08:41:36

[2026-03-16 08:41:45] 开始采集...
[价格] BTC: 72457.9
[价格] ETH: 2166.46
[价格] XRP: 1.445
[价格] BNB: 670.9
[价格] SOL: 91.93
[价格] LTC: 56.02
[价格] DOGE: 0.09733
[价格] SUI: 1.0168
[价格] TRX: 0.29782
[价格] TON: 1.302
[价格] ETC: 8.453
[价格] BCH: 466.8
[价格] HBAR: 0.09598
[价格] XLM: 0.16786
[价格] FIL: 0.8886
[价格] LINK: 9.426
[价格] CRO: 0.07761
[价格] DOT: 1.432
[价格] AAVE: 116.13
[价格] UNI: 4.054
[价格] NEAR: 1.3442
[价格] APT: 0.9294
[价格] CFX: 0.06152
[价格] CRV: 0.2419
[价格] STX: 0.2559
[价格] LDO: 0.3082
[价格] TAO: 279.0
[RSI] 开始采集5分钟RSI数据...
[RSI] BTC: 49.65
[RSI] ETH: 47.17
[RSI] XRP: 53.72
[RSI] BNB: 44.44
[RSI] SOL: 50.97
[RSI] LTC: 51.35
[RSI] DOGE: 59.66
[RSI] SUI: 51.55
[RSI] TRX: 34.31
[RSI] TON: 52.17
[RSI] ETC: 54.68
[RSI] BCH: 39.39
[RSI] HBAR: 57.53
[RSI] XLM: 43.24
[RSI] FIL: 39.9
[RSI] LINK: 51.93
[RSI] CRO: 34.34
[RSI] DOT: 55.17
[RSI] AAVE: 57.06
[RSI] UNI: 55.68
[RSI] NEAR: 54.2
[RSI] APT: 52.35
[RSI] CFX: 42.91
[RSI] CRV: 43.14
[RSI] STX: 58.73
[RSI] LDO: 60.32
[RSI] TAO: 26.9
[RSI] 成功采集 27/27 个币种，RSI之和: 1322.46
[保存] RSI数据已写入 /home/user/webapp/data/coin_change_tracker/rsi_20260316.jsonl
✅ [数据完整] 成功获取全部 27/27 个币种的数据
[保存] 数据已写入 /home/user/webapp/data/coin_change_tracker/coin_change_20260316.jsonl
[保存] 涨速数据已写入 /home/user/webapp/data/coin_change_tracker/velocity_20260316.jsonl
[统计] 总涨跌幅: 45.56%, 5分钟涨速: -4.78%, 币种数: 27, 上涨占比: 96.2% (25↑/1↓), RSI之和: 1322.46
[等待] 下次采集时间: 08:42:45

[2026-03-16 08:43:04] 开始采集...
[价格] BTC: 72525.1
[价格] ETH: 2169.42
[价格] XRP: 1.4466
[价格] BNB: 671.4
[价格] SOL: 92.04
[价格] LTC: 56.07
[价格] DOGE: 0.09745
[价格] SUI: 1.0186
[价格] TRX: 0.29788
[价格] TON: 1.303
[价格] ETC: 8.459
[价格] BCH: 467.2
[价格] HBAR: 0.0961
[价格] XLM: 0.1681
[价格] FIL: 0.8899
[价格] LINK: 9.441
[价格] CRO: 0.07766
[价格] DOT: 1.435
[价格] AAVE: 116.35
[价格] UNI: 4.059
[价格] NEAR: 1.3455
[价格] APT: 0.9309
[价格] CFX: 0.06163
[价格] CRV: 0.242
[价格] STX: 0.2555
[价格] LDO: 0.3086
[价格] TAO: 280.5
✅ [数据完整] 成功获取全部 27/27 个币种的数据
[保存] 数据已写入 /home/user/webapp/data/coin_change_tracker/coin_change_20260316.jsonl
[保存] 涨速数据已写入 /home/user/webapp/data/coin_change_tracker/velocity_20260316.jsonl
[统计] 总涨跌幅: 48.94%, 5分钟涨速: -1.06%, 币种数: 27, 上涨占比: 96.3% (26↑/1↓)
[等待] 下次采集时间: 08:44:04

[2026-03-16 08:44:13] 开始采集...
[价格] BTC: 72510.1
[价格] ETH: 2169.86
[价格] XRP: 1.4453
[价格] BNB: 671.3
[价格] SOL: 92.07
[价格] LTC: 56.07
[价格] DOGE: 0.09748
[价格] SUI: 1.0185
[价格] TRX: 0.29788
[价格] TON: 1.302
[价格] ETC: 8.457
[价格] BCH: 467.3
[价格] HBAR: 0.09603
[价格] XLM: 0.16804
[价格] FIL: 0.8896
[价格] LINK: 9.443
[价格] CRO: 0.07769
[价格] DOT: 1.434
[价格] AAVE: 116.43
[价格] UNI: 4.056
[价格] NEAR: 1.3446
[价格] APT: 0.9305
[价格] CFX: 0.0615
[价格] CRV: 0.2419
[价格] STX: 0.2552
[价格] LDO: 0.3086
[价格] TAO: 281.7
✅ [数据完整] 成功获取全部 27/27 个币种的数据
[保存] 数据已写入 /home/user/webapp/data/coin_change_tracker/coin_change_20260316.jsonl
[保存] 涨速数据已写入 /home/user/webapp/data/coin_change_tracker/velocity_20260316.jsonl
[统计] 总涨跌幅: 48.57%, 5分钟涨速: -1.20%, 币种数: 27, 上涨占比: 96.3% (26↑/1↓)
[等待] 下次采集时间: 08:45:13

[2026-03-16 08:45:23] 开始采集...
[价格] BTC: 72491.0
[价格] ETH: 2169.49
[价格] XRP: 1.445
[价格] BNB: 671.3
[价格] SOL: 92.07
[价格] LTC: 56.07
[价格] DOGE: 0.09751
[价格] SUI: 1.0191
[价格] TRX: 0.29788
[价格] TON: 1.303
[价格] ETC: 8.456
[价格] BCH: 467.2
[价格] HBAR: 0.09606
[价格] XLM: 0.168
[价格] FIL: 0.8899
[价格] LINK: 9.443
[价格] CRO: 0.07772
[价格] DOT: 1.434
[价格] AAVE: 116.39
[价格] UNI: 4.057
[价格] NEAR: 1.344
[价格] APT: 0.9304
[价格] CFX: 0.06158
[价格] CRV: 0.2419
[价格] STX: 0.2554
[价格] LDO: 0.3086
[价格] TAO: 281.8
✅ [数据完整] 成功获取全部 27/27 个币种的数据
[保存] 数据已写入 /home/user/webapp/data/coin_change_tracker/coin_change_20260316.jsonl
[保存] 涨速数据已写入 /home/user/webapp/data/coin_change_tracker/velocity_20260316.jsonl
[统计] 总涨跌幅: 48.94%, 5分钟涨速: +4.58%, 币种数: 27, 上涨占比: 96.3% (26↑/1↓)
[等待] 下次采集时间: 08:46:23

[2026-03-16 08:46:33] 开始采集...
[价格] BTC: 72509.2
[价格] ETH: 2169.95
[价格] XRP: 1.4452
[价格] BNB: 671.4
[价格] SOL: 92.14
[价格] LTC: 56.07
[价格] DOGE: 0.09757
[价格] SUI: 1.0185
[价格] TRX: 0.29787
[价格] TON: 1.303
[价格] ETC: 8.455
[价格] BCH: 467.3
[价格] HBAR: 0.09599
[价格] XLM: 0.16796
[价格] FIL: 0.8896
[价格] LINK: 9.447
[价格] CRO: 0.07778
[价格] DOT: 1.435
[价格] AAVE: 116.37
[价格] UNI: 4.055
[价格] NEAR: 1.3434
[价格] APT: 0.9304
[价格] CFX: 0.06163
[价格] CRV: 0.2419
[价格] STX: 0.2554
[价格] LDO: 0.3085
[价格] TAO: 280.5
✅ [数据完整] 成功获取全部 27/27 个币种的数据
[保存] 数据已写入 /home/user/webapp/data/coin_change_tracker/coin_change_20260316.jsonl
[保存] 涨速数据已写入 /home/user/webapp/data/coin_change_tracker/velocity_20260316.jsonl
[统计] 总涨跌幅: 48.63%, 5分钟涨速: +3.07%, 币种数: 27, 上涨占比: 96.3% (26↑/1↓)
[等待] 下次采集时间: 08:47:33

[2026-03-16 08:47:42] 开始采集...
[价格] BTC: 72516.2
[价格] ETH: 2169.34
[价格] XRP: 1.445
[价格] BNB: 671.3
[价格] SOL: 92.09
[价格] LTC: 56.11
[价格] DOGE: 0.09762
[价格] SUI: 1.0194
[价格] TRX: 0.29781
[价格] TON: 1.303
[价格] ETC: 8.458
[价格] BCH: 467.4
[价格] HBAR: 0.0961
[价格] XLM: 0.16802
[价格] FIL: 0.8903
[价格] LINK: 9.447
[价格] CRO: 0.07778
[价格] DOT: 1.435
[价格] AAVE: 116.45
[价格] UNI: 4.058
[价格] NEAR: 1.3454
[价格] APT: 0.9315
[价格] CFX: 0.0617
[价格] CRV: 0.2419
[价格] STX: 0.2555
[价格] LDO: 0.3087
[价格] TAO: 280.2
[RSI] 开始采集5分钟RSI数据...
[RSI] BTC: 50.99
[RSI] ETH: 50.08
[RSI] XRP: 52.88
[RSI] BNB: 45.6
[RSI] SOL: 54.67
[RSI] LTC: 58.1
[RSI] DOGE: 64.34
[RSI] SUI: 56.55
[RSI] TRX: 39.55
[RSI] TON: 52.17
[RSI] ETC: 58.03
[RSI] BCH: 46.67
[RSI] HBAR: 63.16
[RSI] XLM: 43.14
[RSI] FIL: 48.69
[RSI] LINK: 55.9
[RSI] CRO: 46.09
[RSI] DOT: 60.71
[RSI] AAVE: 60.87
[RSI] UNI: 60.0
[RSI] NEAR: 56.5
[RSI] APT: 57.69
[RSI] CFX: 48.94
[RSI] CRV: 44.9
[RSI] STX: 54.17
[RSI] LDO: 69.49
[RSI] TAO: 35.06
[RSI] 成功采集 27/27 个币种，RSI之和: 1434.94
[保存] RSI数据已写入 /home/user/webapp/data/coin_change_tracker/rsi_20260316.jsonl
✅ [数据完整] 成功获取全部 27/27 个币种的数据
[保存] 数据已写入 /home/user/webapp/data/coin_change_tracker/coin_change_20260316.jsonl
[保存] 涨速数据已写入 /home/user/webapp/data/coin_change_tracker/velocity_20260316.jsonl
[统计] 总涨跌幅: 49.54%, 5分钟涨速: +0.60%, 币种数: 27, 上涨占比: 96.3% (26↑/1↓), RSI之和: 1434.94
[等待] 下次采集时间: 08:48:42

[2026-03-16 08:49:01] 开始采集...
[价格] BTC: 72592.0
[价格] ETH: 2172.95
[价格] XRP: 1.4475
[价格] BNB: 672.1
[价格] SOL: 92.21
[价格] LTC: 56.19
[价格] DOGE: 0.0978
[价格] SUI: 1.0215
[价格] TRX: 0.29779
[价格] TON: 1.302
[价格] ETC: 8.474
[价格] BCH: 467.8
[价格] HBAR: 0.09616
[价格] XLM: 0.16826
[价格] FIL: 0.8917
[价格] LINK: 9.465
[价格] CRO: 0.07786
[价格] DOT: 1.438
[价格] AAVE: 116.68
[价格] UNI: 4.065
[价格] NEAR: 1.3483
[价格] APT: 0.9329
[价格] CFX: 0.06184
[价格] CRV: 0.2423
[价格] STX: 0.2559
[价格] LDO: 0.309
[价格] TAO: 280.4
✅ [数据完整] 成功获取全部 27/27 个币种的数据
[保存] 数据已写入 /home/user/webapp/data/coin_change_tracker/coin_change_20260316.jsonl
[保存] 涨速数据已写入 /home/user/webapp/data/coin_change_tracker/velocity_20260316.jsonl
[统计] 总涨跌幅: 53.34%, 5分钟涨速: +4.77%, 币种数: 27, 上涨占比: 96.3% (26↑/1↓)
[等待] 下次采集时间: 08:50:01

[2026-03-16 08:50:11] 开始采集...
[价格] BTC: 72558.0
[价格] ETH: 2172.18
[价格] XRP: 1.4463
[价格] BNB: 671.8
[价格] SOL: 92.11
[价格] LTC: 56.16
[价格] DOGE: 0.09769
[价格] SUI: 1.0205
[价格] TRX: 0.29779
[价格] TON: 1.302
[价格] ETC: 8.471
[价格] BCH: 467.6
[价格] HBAR: 0.09602
[价格] XLM: 0.16808
[价格] FIL: 0.8915
[价格] LINK: 9.454
[价格] CRO: 0.07782
[价格] DOT: 1.439
[价格] AAVE: 116.59
[价格] UNI: 4.061
[价格] NEAR: 1.348
[价格] APT: 0.9328
[价格] CFX: 0.06198
[价格] CRV: 0.2421
[价格] STX: 0.2559
[价格] LDO: 0.309
[价格] TAO: 279.2
✅ [数据完整] 成功获取全部 27/27 个币种的数据
[保存] 数据已写入 /home/user/webapp/data/coin_change_tracker/coin_change_20260316.jsonl
[保存] 涨速数据已写入 /home/user/webapp/data/coin_change_tracker/velocity_20260316.jsonl
[统计] 总涨跌幅: 51.82%, 5分钟涨速: +2.88%, 币种数: 27, 上涨占比: 96.3% (26↑/1↓)
[等待] 下次采集时间: 08:51:11

[2026-03-16 08:51:20] 开始采集...
[价格] BTC: 72597.1
[价格] ETH: 2173.33
[价格] XRP: 1.4467
[价格] BNB: 672.1
[价格] SOL: 92.14
[价格] LTC: 56.18
[价格] DOGE: 0.09773
[价格] SUI: 1.0207
[价格] TRX: 0.29776
[价格] TON: 1.303
[价格] ETC: 8.475
[价格] BCH: 467.6
[价格] HBAR: 0.09605
[价格] XLM: 0.16815
[价格] FIL: 0.8918
[价格] LINK: 9.459
[价格] CRO: 0.07773
[价格] DOT: 1.437
[价格] AAVE: 116.65
[价格] UNI: 4.063
[价格] NEAR: 1.3495
[价格] APT: 0.9332
[价格] CFX: 0.06223
[价格] CRV: 0.2422
[价格] STX: 0.2559
[价格] LDO: 0.3088
[价格] TAO: 278.7
✅ [数据完整] 成功获取全部 27/27 个币种的数据
[保存] 数据已写入 /home/user/webapp/data/coin_change_tracker/coin_change_20260316.jsonl
[保存] 涨速数据已写入 /home/user/webapp/data/coin_change_tracker/velocity_20260316.jsonl
[统计] 总涨跌幅: 52.58%, 5分钟涨速: +3.95%, 币种数: 27, 上涨占比: 96.3% (26↑/1↓)
[等待] 下次采集时间: 08:52:20

[2026-03-16 08:52:30] 开始采集...
[价格] BTC: 72564.0
[价格] ETH: 2171.51
[价格] XRP: 1.4466
[价格] BNB: 672.1
[价格] SOL: 92.09
[价格] LTC: 56.16
[价格] DOGE: 0.09782
[价格] SUI: 1.0212
[价格] TRX: 0.29773
[价格] TON: 1.303
[价格] ETC: 8.475
[价格] BCH: 467.7
[价格] HBAR: 0.09607
[价格] XLM: 0.16815
[价格] FIL: 0.8922
[价格] LINK: 9.453
[价格] CRO: 0.07776
[价格] DOT: 1.437
[价格] AAVE: 116.63
[价格] UNI: 4.064
[价格] NEAR: 1.3506
[价格] APT: 0.9328
[价格] CFX: 0.06226
[价格] CRV: 0.2423
[价格] STX: 0.2559
[价格] LDO: 0.3091
[价格] TAO: 278.5
✅ [数据完整] 成功获取全部 27/27 个币种的数据
[保存] 数据已写入 /home/user/webapp/data/coin_change_tracker/coin_change_20260316.jsonl
[保存] 涨速数据已写入 /home/user/webapp/data/coin_change_tracker/velocity_20260316.jsonl
[统计] 总涨跌幅: 52.70%, 5分钟涨速: +3.16%, 币种数: 27, 上涨占比: 96.3% (26↑/1↓)
[等待] 下次采集时间: 08:53:30

[2026-03-16 08:53:39] 开始采集...
[价格] BTC: 72538.7
[价格] ETH: 2171.5
[价格] XRP: 1.4457
[价格] BNB: 671.7
[价格] SOL: 92.0
[价格] LTC: 56.15
[价格] DOGE: 0.09781
[价格] SUI: 1.0202
[价格] TRX: 0.2977
[价格] TON: 1.304
[价格] ETC: 8.478
[价格] BCH: 467.6
[价格] HBAR: 0.096
[价格] XLM: 0.16814
[价格] FIL: 0.8916
[价格] LINK: 9.448
[价格] CRO: 0.07779
[价格] DOT: 1.435
[价格] AAVE: 116.59
[价格] UNI: 4.062
[价格] NEAR: 1.3506
[价格] APT: 0.9325
[价格] CFX: 0.06232
[价格] CRV: 0.2421
[价格] STX: 0.2558
[价格] LDO: 0.309
[价格] TAO: 276.5
[RSI] 开始采集5分钟RSI数据...
[RSI] BTC: 43.41
[RSI] ETH: 40.16
[RSI] XRP: 47.59
[RSI] BNB: 42.15
[RSI] SOL: 45.91
[RSI] LTC: 54.81
[RSI] DOGE: 62.17
[RSI] SUI: 53.51
[RSI] TRX: 23.38
[RSI] TON: 54.17
[RSI] ETC: 58.25
[RSI] BCH: 35.29
[RSI] HBAR: 55.0
[RSI] XLM: 43.65
[RSI] FIL: 47.62
[RSI] LINK: 44.61
[RSI] CRO: 38.53
[RSI] DOT: 57.14
[RSI] AAVE: 56.69
[RSI] UNI: 56.18
[RSI] NEAR: 62.72
[RSI] APT: 57.51
[RSI] CFX: 61.92
[RSI] CRV: 49.06
[RSI] STX: 52.78
[RSI] LDO: 67.86
[RSI] TAO: 31.28
[RSI] 成功采集 27/27 个币种，RSI之和: 1343.35
[保存] RSI数据已写入 /home/user/webapp/data/coin_change_tracker/rsi_20260316.jsonl
✅ [数据完整] 成功获取全部 27/27 个币种的数据
[保存] 数据已写入 /home/user/webapp/data/coin_change_tracker/coin_change_20260316.jsonl
[保存] 涨速数据已写入 /home/user/webapp/data/coin_change_tracker/velocity_20260316.jsonl
[统计] 总涨跌幅: 51.21%, 5分钟涨速: -2.13%, 币种数: 27, 上涨占比: 96.3% (26↑/1↓), RSI之和: 1343.35
[等待] 下次采集时间: 08:54:39

[2026-03-16 08:54:58] 开始采集...
[价格] BTC: 72585.1
[价格] ETH: 2172.79
[价格] XRP: 1.4464
[价格] BNB: 671.9
[价格] SOL: 92.08
[价格] LTC: 56.17
[价格] DOGE: 0.09786
[价格] SUI: 1.0204
[价格] TRX: 0.29769
[价格] TON: 1.304
[价格] ETC: 8.484
[价格] BCH: 467.6
[价格] HBAR: 0.09605
[价格] XLM: 0.16816
[价格] FIL: 0.8926
[价格] LINK: 9.452
[价格] CRO: 0.07782
[价格] DOT: 1.435
[价格] AAVE: 116.7
[价格] UNI: 4.064
[价格] NEAR: 1.3525
[价格] APT: 0.933
[价格] CFX: 0.06193
[价格] CRV: 0.2423
[价格] STX: 0.2559
[价格] LDO: 0.3092
[价格] TAO: 276.7
✅ [数据完整] 成功获取全部 27/27 个币种的数据
[保存] 数据已写入 /home/user/webapp/data/coin_change_tracker/coin_change_20260316.jsonl
[保存] 涨速数据已写入 /home/user/webapp/data/coin_change_tracker/velocity_20260316.jsonl
[统计] 总涨跌幅: 51.91%, 5分钟涨速: +0.09%, 币种数: 27, 上涨占比: 96.3% (26↑/1↓)
[等待] 下次采集时间: 08:55:58

[2026-03-16 08:56:08] 开始采集...
[价格] BTC: 72523.8
[价格] ETH: 2170.62
[价格] XRP: 1.4455
[价格] BNB: 671.7
[价格] SOL: 92.05
[价格] LTC: 56.08
[价格] DOGE: 0.09794
[价格] SUI: 1.0203
[价格] TRX: 0.29769
[价格] TON: 1.305
[价格] ETC: 8.482
[价格] BCH: 467.4
[价格] HBAR: 0.09602
[价格] XLM: 0.16815
[价格] FIL: 0.8927
[价格] LINK: 9.45
[价格] CRO: 0.07781
[价格] DOT: 1.436
[价格] AAVE: 116.68
[价格] UNI: 4.063
[价格] NEAR: 1.3517
[价格] APT: 0.9331
[价格] CFX: 0.06202
[价格] CRV: 0.2423
[价格] STX: 0.2562
[价格] LDO: 0.3091
[价格] TAO: 277.0
✅ [数据完整] 成功获取全部 27/27 个币种的数据
[保存] 数据已写入 /home/user/webapp/data/coin_change_tracker/coin_change_20260316.jsonl
[保存] 涨速数据已写入 /home/user/webapp/data/coin_change_tracker/velocity_20260316.jsonl
[统计] 总涨跌幅: 51.75%, 5分钟涨速: -0.83%, 币种数: 27, 上涨占比: 96.3% (26↑/1↓)
[等待] 下次采集时间: 08:57:08

[2026-03-16 08:57:22] 开始采集...
[价格] BTC: 72539.2
[价格] ETH: 2172.04
[价格] XRP: 1.4467
[价格] BNB: 672.0
[价格] SOL: 92.08
[价格] LTC: 56.13
[价格] DOGE: 0.09808
[价格] SUI: 1.0215
[价格] TRX: 0.29769
[价格] TON: 1.306
[价格] ETC: 8.494
[价格] BCH: 467.8
[价格] HBAR: 0.09604
[价格] XLM: 0.16827
[价格] FIL: 0.894
[价格] LINK: 9.458
[价格] CRO: 0.07784
[价格] DOT: 1.437
[价格] AAVE: 116.79
[价格] UNI: 4.067
[价格] NEAR: 1.3537
[价格] APT: 0.9339
[价格] CFX: 0.06203
[价格] CRV: 0.2424
[价格] STX: 0.2567
[价格] LDO: 0.3096
[价格] TAO: 277.6
✅ [数据完整] 成功获取全部 27/27 个币种的数据
[保存] 数据已写入 /home/user/webapp/data/coin_change_tracker/coin_change_20260316.jsonl
[保存] 涨速数据已写入 /home/user/webapp/data/coin_change_tracker/velocity_20260316.jsonl
[统计] 总涨跌幅: 54.20%, 5分钟涨速: +1.50%, 币种数: 27, 上涨占比: 96.3% (26↑/1↓)
[等待] 下次采集时间: 08:58:22

[2026-03-16 08:58:32] 开始采集...
[价格] BTC: 72511.2
[价格] ETH: 2170.95
[价格] XRP: 1.4473
[价格] BNB: 671.8
[价格] SOL: 92.05
[价格] LTC: 56.12
[价格] DOGE: 0.09805
[价格] SUI: 1.0207
[价格] TRX: 0.2977
[价格] TON: 1.307
[价格] ETC: 8.492
[价格] BCH: 467.5
[价格] HBAR: 0.09603
[价格] XLM: 0.16817
[价格] FIL: 0.8948
[价格] LINK: 9.456
[价格] CRO: 0.07781
[价格] DOT: 1.437
[价格] AAVE: 116.68
[价格] UNI: 4.068
[价格] NEAR: 1.3536
[价格] APT: 0.9346
[价格] CFX: 0.06197
[价格] CRV: 0.2423
[价格] STX: 0.2567
[价格] LDO: 0.3096
[价格] TAO: 277.7
✅ [数据完整] 成功获取全部 27/27 个币种的数据
[保存] 数据已写入 /home/user/webapp/data/coin_change_tracker/coin_change_20260316.jsonl
[保存] 涨速数据已写入 /home/user/webapp/data/coin_change_tracker/velocity_20260316.jsonl
[统计] 总涨跌幅: 53.81%, 5分钟涨速: +2.60%, 币种数: 27, 上涨占比: 96.3% (26↑/1↓)
[等待] 下次采集时间: 08:59:32

[2026-03-16 08:59:42] 开始采集...
[价格] BTC: 72509.0
[价格] ETH: 2170.69
[价格] XRP: 1.4469
[价格] BNB: 672.0
[价格] SOL: 92.0
[价格] LTC: 56.11
[价格] DOGE: 0.098
[价格] SUI: 1.0206
[价格] TRX: 0.2977
[价格] TON: 1.306
[价格] ETC: 8.489
[价格] BCH: 467.5
[价格] HBAR: 0.09601
[价格] XLM: 0.16816
[价格] FIL: 0.8947
[价格] LINK: 9.456
[价格] CRO: 0.07779
[价格] DOT: 1.436
[价格] AAVE: 116.7
[价格] UNI: 4.067
[价格] NEAR: 1.3538
[价格] APT: 0.9339
[价格] CFX: 0.06196
[价格] CRV: 0.2423
[价格] STX: 0.2566
[价格] LDO: 0.3094
[价格] TAO: 277.7
[RSI] 开始采集5分钟RSI数据...
[RSI] BTC: 41.79
[RSI] ETH: 41.9
[RSI] XRP: 49.3
[RSI] BNB: 41.88
[RSI] SOL: 45.16
[RSI] LTC: 50.49
[RSI] DOGE: 61.33
[RSI] SUI: 49.38
[RSI] TRX: 18.06
[RSI] TON: 60.0
[RSI] ETC: 56.68
[RSI] BCH: 35.29
[RSI] HBAR: 52.71
[RSI] XLM: 37.85
[RSI] FIL: 50.0
[RSI] LINK: 43.46
[RSI] CRO: 31.63
[RSI] DOT: 56.25
[RSI] AAVE: 55.21
[RSI] UNI: 59.09
[RSI] NEAR: 64.69
[RSI] APT: 55.49
[RSI] CFX: 61.87
[RSI] CRV: 50.0
[RSI] STX: 55.41
[RSI] LDO: 67.27
[RSI] TAO: 33.01
[RSI] 成功采集 27/27 个币种，RSI之和: 1325.2
[保存] RSI数据已写入 /home/user/webapp/data/coin_change_tracker/rsi_20260316.jsonl
✅ [数据完整] 成功获取全部 27/27 个币种的数据
[保存] 数据已写入 /home/user/webapp/data/coin_change_tracker/coin_change_20260316.jsonl
[保存] 涨速数据已写入 /home/user/webapp/data/coin_change_tracker/velocity_20260316.jsonl
[统计] 总涨跌幅: 53.18%, 5分钟涨速: +1.27%, 币种数: 27, 上涨占比: 96.3% (26↑/1↓), RSI之和: 1325.2
[等待] 下次采集时间: 09:00:42

[2026-03-16 09:01:01] 开始采集...
[价格] BTC: 72500.0
[价格] ETH: 2170.21
[价格] XRP: 1.4478
[价格] BNB: 672.1
[价格] SOL: 91.99
[价格] LTC: 56.13
[价格] DOGE: 0.09792
[价格] SUI: 1.0204
[价格] TRX: 0.2977
[价格] TON: 1.305
[价格] ETC: 8.486
[价格] BCH: 467.3
[价格] HBAR: 0.09603
[价格] XLM: 0.16807
[价格] FIL: 0.893
[价格] LINK: 9.455
[价格] CRO: 0.07777
[价格] DOT: 1.436
[价格] AAVE: 116.67
[价格] UNI: 4.067
[价格] NEAR: 1.353
[价格] APT: 0.9331
[价格] CFX: 0.06186
[价格] CRV: 0.2423
[价格] STX: 0.2563
[价格] LDO: 0.3093
[价格] TAO: 277.9
✅ [数据完整] 成功获取全部 27/27 个币种的数据
[保存] 数据已写入 /home/user/webapp/data/coin_change_tracker/coin_change_20260316.jsonl
[保存] 涨速数据已写入 /home/user/webapp/data/coin_change_tracker/velocity_20260316.jsonl
[统计] 总涨跌幅: 52.31%, 5分钟涨速: +0.56%, 币种数: 27, 上涨占比: 96.3% (26↑/1↓)
[等待] 下次采集时间: 09:02:01

[2026-03-16 09:02:10] 开始采集...
[价格] BTC: 72525.0
[价格] ETH: 2171.28
[价格] XRP: 1.4486
[价格] BNB: 672.9
[价格] SOL: 92.01
[价格] LTC: 56.15
[价格] DOGE: 0.09795
[价格] SUI: 1.0204
[价格] TRX: 0.29771
[价格] TON: 1.305
[价格] ETC: 8.491
[价格] BCH: 467.2
[价格] HBAR: 0.09603
[价格] XLM: 0.16823
[价格] FIL: 0.8933
[价格] LINK: 9.461
[价格] CRO: 0.07779
[价格] DOT: 1.437
[价格] AAVE: 116.62
[价格] UNI: 4.068
[价格] NEAR: 1.3538
[价格] APT: 0.9329
[价格] CFX: 0.06201
[价格] CRV: 0.2421
[价格] STX: 0.2564
[价格] LDO: 0.3094
[价格] TAO: 276.9
✅ [数据完整] 成功获取全部 27/27 个币种的数据
[保存] 数据已写入 /home/user/webapp/data/coin_change_tracker/coin_change_20260316.jsonl
[保存] 涨速数据已写入 /home/user/webapp/data/coin_change_tracker/velocity_20260316.jsonl
[统计] 总涨跌幅: 52.88%, 5分钟涨速: -1.32%, 币种数: 27, 上涨占比: 96.3% (26↑/1↓)
[等待] 下次采集时间: 09:03:10

[2026-03-16 09:03:20] 开始采集...
[价格] BTC: 72458.6
[价格] ETH: 2168.7
[价格] XRP: 1.446
[价格] BNB: 671.9
[价格] SOL: 91.87
[价格] LTC: 56.11
[价格] DOGE: 0.09785
[价格] SUI: 1.0187
[价格] TRX: 0.29764
[价格] TON: 1.305
[价格] ETC: 8.486
[价格] BCH: 466.5
[价格] HBAR: 0.09596
[价格] XLM: 0.16802
[价格] FIL: 0.8925
[价格] LINK: 9.447
[价格] CRO: 0.07776
[价格] DOT: 1.437
[价格] AAVE: 116.43
[价格] UNI: 4.063
[价格] NEAR: 1.3522
[价格] APT: 0.9321
[价格] CFX: 0.06192
[价格] CRV: 0.242
[价格] STX: 0.2564
[价格] LDO: 0.3092
[价格] TAO: 276.8
✅ [数据完整] 成功获取全部 27/27 个币种的数据
[保存] 数据已写入 /home/user/webapp/data/coin_change_tracker/coin_change_20260316.jsonl
[保存] 涨速数据已写入 /home/user/webapp/data/coin_change_tracker/velocity_20260316.jsonl
[统计] 总涨跌幅: 50.35%, 5分钟涨速: -3.46%, 币种数: 27, 上涨占比: 96.3% (26↑/1↓)
[等待] 下次采集时间: 09:04:20

[2026-03-16 09:04:29] 开始采集...
[价格] BTC: 72335.9
[价格] ETH: 2165.98
[价格] XRP: 1.4427
[价格] BNB: 670.7
[价格] SOL: 91.69
[价格] LTC: 56.04
[价格] DOGE: 0.09762
[价格] SUI: 1.0164
[价格] TRX: 0.29762
[价格] TON: 1.306
[价格] ETC: 8.471
[价格] BCH: 466.1
[价格] HBAR: 0.09589
[价格] XLM: 0.16782
[价格] FIL: 0.892
[价格] LINK: 9.436
[价格] CRO: 0.07773
[价格] DOT: 1.434
[价格] AAVE: 116.13
[价格] UNI: 4.054
[价格] NEAR: 1.3527
[价格] APT: 0.9311
[价格] CFX: 0.06186
[价格] CRV: 0.242
[价格] STX: 0.2559
[价格] LDO: 0.3087
[价格] TAO: 276.8
✅ [数据完整] 成功获取全部 27/27 个币种的数据
[保存] 数据已写入 /home/user/webapp/data/coin_change_tracker/coin_change_20260316.jsonl
[保存] 涨速数据已写入 /home/user/webapp/data/coin_change_tracker/velocity_20260316.jsonl
[统计] 总涨跌幅: 46.97%, 5分钟涨速: -6.21%, 币种数: 27, 上涨占比: 96.3% (26↑/1↓)
[等待] 下次采集时间: 09:05:29

[2026-03-16 09:05:39] 开始采集...
[价格] BTC: 72382.0
[价格] ETH: 2168.66
[价格] XRP: 1.4441
[价格] BNB: 671.3
[价格] SOL: 91.78
[价格] LTC: 56.07
[价格] DOGE: 0.09772
[价格] SUI: 1.0177
[价格] TRX: 0.29762
[价格] TON: 1.305
[价格] ETC: 8.478
[价格] BCH: 466.1
[价格] HBAR: 0.09596
[价格] XLM: 0.16797
[价格] FIL: 0.8923
[价格] LINK: 9.444
[价格] CRO: 0.07779
[价格] DOT: 1.434
[价格] AAVE: 116.21
[价格] UNI: 4.055
[价格] NEAR: 1.3526
[价格] APT: 0.9307
[价格] CFX: 0.06199
[价格] CRV: 0.2422
[价格] STX: 0.256
[价格] LDO: 0.309
[价格] TAO: 275.5
[RSI] 开始采集5分钟RSI数据...
[RSI] BTC: 31.72
[RSI] ETH: 36.71
[RSI] XRP: 42.5
[RSI] BNB: 40.71
[RSI] SOL: 40.68
[RSI] LTC: 42.57
[RSI] DOGE: 58.59
[RSI] SUI: 40.24
[RSI] TRX: 10.83
[RSI] TON: 54.55
[RSI] ETC: 52.33
[RSI] BCH: 25.4
[RSI] HBAR: 38.46
[RSI] XLM: 28.47
[RSI] FIL: 45.21
[RSI] LINK: 37.02
[RSI] CRO: 30.39
[RSI] DOT: 42.86
[RSI] AAVE: 48.75
[RSI] UNI: 43.75
[RSI] NEAR: 57.79
[RSI] APT: 39.56
[RSI] CFX: 61.02
[RSI] CRV: 38.64
[RSI] STX: 45.83
[RSI] LDO: 52.17
[RSI] TAO: 33.33
[RSI] 成功采集 27/27 个币种，RSI之和: 1120.08
[保存] RSI数据已写入 /home/user/webapp/data/coin_change_tracker/rsi_20260316.jsonl
✅ [数据完整] 成功获取全部 27/27 个币种的数据
[保存] 数据已写入 /home/user/webapp/data/coin_change_tracker/coin_change_20260316.jsonl
[保存] 涨速数据已写入 /home/user/webapp/data/coin_change_tracker/velocity_20260316.jsonl
[统计] 总涨跌幅: 48.11%, 5分钟涨速: -4.20%, 币种数: 27, 上涨占比: 92.6% (25↑/2↓), RSI之和: 1120.08
[等待] 下次采集时间: 09:06:39

[2026-03-16 09:06:58] 开始采集...
[价格] BTC: 72422.0
[价格] ETH: 2169.75
[价格] XRP: 1.446
[价格] BNB: 671.4
[价格] SOL: 91.79
[价格] LTC: 56.1
[价格] DOGE: 0.09774
[价格] SUI: 1.018
[价格] TRX: 0.29761
[价格] TON: 1.308
[价格] ETC: 8.477
[价格] BCH: 466.2
[价格] HBAR: 0.09598
[价格] XLM: 0.16801
[价格] FIL: 0.8922
[价格] LINK: 9.446
[价格] CRO: 0.07781
[价格] DOT: 1.433
[价格] AAVE: 116.17
[价格] UNI: 4.055
[价格] NEAR: 1.3527
[价格] APT: 0.9301
[价格] CFX: 0.06184
[价格] CRV: 0.2421
[价格] STX: 0.2561
[价格] LDO: 0.3089
[价格] TAO: 276.3
✅ [数据完整] 成功获取全部 27/27 个币种的数据
[保存] 数据已写入 /home/user/webapp/data/coin_change_tracker/coin_change_20260316.jsonl
[保存] 涨速数据已写入 /home/user/webapp/data/coin_change_tracker/velocity_20260316.jsonl
[统计] 总涨跌幅: 48.67%, 5分钟涨速: -4.21%, 币种数: 27, 上涨占比: 96.3% (26↑/1↓)
[等待] 下次采集时间: 09:07:58

[2026-03-16 09:08:08] 开始采集...
[价格] BTC: 72383.9
[价格] ETH: 2168.53
[价格] XRP: 1.4451
[价格] BNB: 671.0
[价格] SOL: 91.8
[价格] LTC: 56.08
[价格] DOGE: 0.09759
[价格] SUI: 1.0182
[价格] TRX: 0.29762
[价格] TON: 1.308
[价格] ETC: 8.472
[价格] BCH: 465.9
[价格] HBAR: 0.09593
[价格] XLM: 0.16795
[价格] FIL: 0.892
[价格] LINK: 9.443
[价格] CRO: 0.0777
[价格] DOT: 1.433
[价格] AAVE: 116.19
[价格] UNI: 4.054
[价格] NEAR: 1.3536
[价格] APT: 0.9301
[价格] CFX: 0.06185
[价格] CRV: 0.2422
[价格] STX: 0.256
[价格] LDO: 0.3089
[价格] TAO: 276.6
✅ [数据完整] 成功获取全部 27/27 个币种的数据
[保存] 数据已写入 /home/user/webapp/data/coin_change_tracker/coin_change_20260316.jsonl
[保存] 涨速数据已写入 /home/user/webapp/data/coin_change_tracker/velocity_20260316.jsonl
[统计] 总涨跌幅: 48.05%, 5分钟涨速: -2.30%, 币种数: 27, 上涨占比: 96.3% (26↑/1↓)
[等待] 下次采集时间: 09:09:08

[2026-03-16 09:09:17] 开始采集...
[价格] BTC: 72377.8
[价格] ETH: 2167.56
[价格] XRP: 1.4441
[价格] BNB: 670.9
[价格] SOL: 91.83
[价格] LTC: 56.06
[价格] DOGE: 0.09755
[价格] SUI: 1.0159
[价格] TRX: 0.29762
[价格] TON: 1.309
[价格] ETC: 8.474
[价格] BCH: 466.0
[价格] HBAR: 0.09593
[价格] XLM: 0.16789
[价格] FIL: 0.8917
[价格] LINK: 9.437
[价格] CRO: 0.07768
[价格] DOT: 1.433
[价格] AAVE: 116.08
[价格] UNI: 4.053
[价格] NEAR: 1.3544
[价格] APT: 0.9305
[价格] CFX: 0.06179
[价格] CRV: 0.2422
[价格] STX: 0.256
[价格] LDO: 0.3084
[价格] TAO: 276.3
✅ [数据完整] 成功获取全部 27/27 个币种的数据
[保存] 数据已写入 /home/user/webapp/data/coin_change_tracker/coin_change_20260316.jsonl
[保存] 涨速数据已写入 /home/user/webapp/data/coin_change_tracker/velocity_20260316.jsonl
[统计] 总涨跌幅: 47.17%, 5分钟涨速: +0.20%, 币种数: 27, 上涨占比: 96.3% (26↑/1↓)
[等待] 下次采集时间: 09:10:17

[2026-03-16 09:10:27] 开始采集...
[价格] BTC: 72439.1
[价格] ETH: 2171.16
[价格] XRP: 1.4452
[价格] BNB: 671.5
[价格] SOL: 91.95
[价格] LTC: 56.09
[价格] DOGE: 0.09772
[价格] SUI: 1.0173
[价格] TRX: 0.29762
[价格] TON: 1.313
[价格] ETC: 8.48
[价格] BCH: 466.3
[价格] HBAR: 0.096
[价格] XLM: 0.168
[价格] FIL: 0.8918
[价格] LINK: 9.452
[价格] CRO: 0.0777
[价格] DOT: 1.434
[价格] AAVE: 116.29
[价格] UNI: 4.056
[价格] NEAR: 1.3542
[价格] APT: 0.9306
[价格] CFX: 0.06201
[价格] CRV: 0.2423
[价格] STX: 0.2562
[价格] LDO: 0.3086
[价格] TAO: 276.7
✅ [数据完整] 成功获取全部 27/27 个币种的数据
[保存] 数据已写入 /home/user/webapp/data/coin_change_tracker/coin_change_20260316.jsonl
[保存] 涨速数据已写入 /home/user/webapp/data/coin_change_tracker/velocity_20260316.jsonl
[统计] 总涨跌幅: 49.96%, 5分钟涨速: +1.85%, 币种数: 27, 上涨占比: 96.3% (26↑/1↓)
[等待] 下次采集时间: 09:11:27

[2026-03-16 09:11:36] 开始采集...
[价格] BTC: 72400.0
[价格] ETH: 2168.54
[价格] XRP: 1.4431
[价格] BNB: 671.0
[价格] SOL: 91.89
[价格] LTC: 56.01
[价格] DOGE: 0.09761
[价格] SUI: 1.016
[价格] TRX: 0.29762
[价格] TON: 1.31
[价格] ETC: 8.472
[价格] BCH: 466.0
[价格] HBAR: 0.09592
[价格] XLM: 0.16779
[价格] FIL: 0.8915
[价格] LINK: 9.443
[价格] CRO: 0.07767
[价格] DOT: 1.433
[价格] AAVE: 116.24
[价格] UNI: 4.051
[价格] NEAR: 1.3528
[价格] APT: 0.9298
[价格] CFX: 0.06203
[价格] CRV: 0.2422
[价格] STX: 0.2561
[价格] LDO: 0.3083
[价格] TAO: 276.4
[RSI] 开始采集5分钟RSI数据...
[RSI] BTC: 23.52
[RSI] ETH: 28.68
[RSI] XRP: 27.16
[RSI] BNB: 22.99
[RSI] SOL: 26.76
[RSI] LTC: 26.83
[RSI] DOGE: 42.86
[RSI] SUI: 30.09
[RSI] TRX: 15.73
[RSI] TON: 57.14
[RSI] ETC: 44.03
[RSI] BCH: 18.64
[RSI] HBAR: 33.63
[RSI] XLM: 13.85
[RSI] FIL: 36.99
[RSI] LINK: 27.39
[RSI] CRO: 25.47
[RSI] DOT: 42.86
[RSI] AAVE: 35.11
[RSI] UNI: 25.0
[RSI] NEAR: 57.39
[RSI] APT: 34.83
[RSI] CFX: 64.52
[RSI] CRV: 17.65
[RSI] STX: 35.0
[RSI] LDO: 31.71
[RSI] TAO: 36.55
[RSI] 成功采集 27/27 个币种，RSI之和: 882.38
[保存] RSI数据已写入 /home/user/webapp/data/coin_change_tracker/rsi_20260316.jsonl
✅ [数据完整] 成功获取全部 27/27 个币种的数据
[保存] 数据已写入 /home/user/webapp/data/coin_change_tracker/coin_change_20260316.jsonl
[保存] 涨速数据已写入 /home/user/webapp/data/coin_change_tracker/velocity_20260316.jsonl
[统计] 总涨跌幅: 47.63%, 5分钟涨速: -1.04%, 币种数: 27, 上涨占比: 96.3% (26↑/1↓), RSI之和: 882.38
[等待] 下次采集时间: 09:12:36

[2026-03-16 09:13:16] 开始采集...
[价格] BTC: 72280.1
[价格] ETH: 2167.31
[价格] XRP: 1.4417
[价格] BNB: 670.4
[价格] SOL: 91.7
[价格] LTC: 55.94
[价格] DOGE: 0.09737
[价格] SUI: 1.015
[价格] TRX: 0.29759
[价格] TON: 1.311
[价格] ETC: 8.45
[价格] BCH: 465.6
[价格] HBAR: 0.09574
[价格] XLM: 0.16758
[价格] FIL: 0.8898
[价格] LINK: 9.425
[价格] CRO: 0.07752
[价格] DOT: 1.43
[价格] AAVE: 115.95
[价格] UNI: 4.049
[价格] NEAR: 1.3511
[价格] APT: 0.9286
[价格] CFX: 0.06187
[价格] CRV: 0.2421
[价格] STX: 0.2557
[价格] LDO: 0.3079
[价格] TAO: 275.8
✅ [数据完整] 成功获取全部 27/27 个币种的数据
[保存] 数据已写入 /home/user/webapp/data/coin_change_tracker/coin_change_20260316.jsonl
[保存] 涨速数据已写入 /home/user/webapp/data/coin_change_tracker/velocity_20260316.jsonl
[统计] 总涨跌幅: 43.73%, 5分钟涨速: -4.32%, 币种数: 27, 上涨占比: 92.6% (25↑/2↓)
[等待] 下次采集时间: 09:14:16

[2026-03-16 09:14:26] 开始采集...
[价格] BTC: 72276.2
[价格] ETH: 2165.29
[价格] XRP: 1.4408
[价格] BNB: 670.0
[价格] SOL: 91.6
[价格] LTC: 55.93
[价格] DOGE: 0.09735
[价格] SUI: 1.0141
[价格] TRX: 0.29758
[价格] TON: 1.311
[价格] ETC: 8.441
[价格] BCH: 465.0
[价格] HBAR: 0.09569
[价格] XLM: 0.16745
[价格] FIL: 0.8898
[价格] LINK: 9.412
[价格] CRO: 0.07754
[价格] DOT: 1.43
[价格] AAVE: 115.95
[价格] UNI: 4.048
[价格] NEAR: 1.3515
[价格] APT: 0.9282
[价格] CFX: 0.06179
[价格] CRV: 0.2417
[价格] STX: 0.2555
[价格] LDO: 0.3079
[价格] TAO: 276.5
✅ [数据完整] 成功获取全部 27/27 个币种的数据
[保存] 数据已写入 /home/user/webapp/data/coin_change_tracker/coin_change_20260316.jsonl
[保存] 涨速数据已写入 /home/user/webapp/data/coin_change_tracker/velocity_20260316.jsonl
[统计] 总涨跌幅: 42.61%, 5分钟涨速: -4.56%, 币种数: 27, 上涨占比: 92.6% (25↑/2↓)
[等待] 下次采集时间: 09:15:26

[2026-03-16 09:15:35] 开始采集...
[价格] BTC: 72318.8
[价格] ETH: 2166.55
[价格] XRP: 1.4405
[价格] BNB: 670.4
[价格] SOL: 91.58
[价格] LTC: 55.95
[价格] DOGE: 0.09735
[价格] SUI: 1.0151
[价格] TRX: 0.29766
[价格] TON: 1.312
[价格] ETC: 8.45
[价格] BCH: 465.6
[价格] HBAR: 0.09577
[价格] XLM: 0.16761
[价格] FIL: 0.8905
[价格] LINK: 9.414
[价格] CRO: 0.07751
[价格] DOT: 1.433
[价格] AAVE: 116.0
[价格] UNI: 4.048
[价格] NEAR: 1.3524
[价格] APT: 0.9286
[价格] CFX: 0.0617
[价格] CRV: 0.2416
[价格] STX: 0.2558
[价格] LDO: 0.3081
[价格] TAO: 275.7
✅ [数据完整] 成功获取全部 27/27 个币种的数据
[保存] 数据已写入 /home/user/webapp/data/coin_change_tracker/coin_change_20260316.jsonl
[保存] 涨速数据已写入 /home/user/webapp/data/coin_change_tracker/velocity_20260316.jsonl
[统计] 总涨跌幅: 43.55%, 5分钟涨速: -6.41%, 币种数: 27, 上涨占比: 92.6% (25↑/2↓)
[等待] 下次采集时间: 09:16:35

[2026-03-16 09:16:45] 开始采集...
[价格] BTC: 72363.8
[价格] ETH: 2167.35
[价格] XRP: 1.4413
[价格] BNB: 670.7
[价格] SOL: 91.61
[价格] LTC: 55.96
[价格] DOGE: 0.0974
[价格] SUI: 1.0154
[价格] TRX: 0.29768
[价格] TON: 1.312
[价格] ETC: 8.453
[价格] BCH: 465.7
[价格] HBAR: 0.0958
[价格] XLM: 0.16764
[价格] FIL: 0.8916
[价格] LINK: 9.425
[价格] CRO: 0.07755
[价格] DOT: 1.435
[价格] AAVE: 116.17
[价格] UNI: 4.055
[价格] NEAR: 1.3533
[价格] APT: 0.9305
[价格] CFX: 0.06188
[价格] CRV: 0.2419
[价格] STX: 0.2558
[价格] LDO: 0.3083
[价格] TAO: 275.5
[RSI] 开始采集5分钟RSI数据...
[RSI] BTC: 28.95
[RSI] ETH: 32.23
[RSI] XRP: 25.1
[RSI] BNB: 27.72
[RSI] SOL: 27.75
[RSI] LTC: 29.89
[RSI] DOGE: 39.51
[RSI] SUI: 30.31
[RSI] TRX: 11.49
[RSI] TON: 66.67
[RSI] ETC: 42.42
[RSI] BCH: 26.67
[RSI] HBAR: 30.71
[RSI] XLM: 18.06
[RSI] FIL: 35.05
[RSI] LINK: 28.22
[RSI] CRO: 25.64
[RSI] DOT: 48.48
[RSI] AAVE: 32.82
[RSI] UNI: 31.65
[RSI] NEAR: 55.59
[RSI] APT: 35.27
[RSI] CFX: 59.47
[RSI] CRV: 29.03
[RSI] STX: 35.29
[RSI] LDO: 36.54
[RSI] TAO: 27.93
[RSI] 成功采集 27/27 个币种，RSI之和: 918.46
[保存] RSI数据已写入 /home/user/webapp/data/coin_change_tracker/rsi_20260316.jsonl
✅ [数据完整] 成功获取全部 27/27 个币种的数据
[保存] 数据已写入 /home/user/webapp/data/coin_change_tracker/coin_change_20260316.jsonl
[保存] 涨速数据已写入 /home/user/webapp/data/coin_change_tracker/velocity_20260316.jsonl
[统计] 总涨跌幅: 45.43%, 5分钟涨速: -2.20%, 币种数: 27, 上涨占比: 88.9% (24↑/3↓), RSI之和: 918.46
[等待] 下次采集时间: 09:17:45

[2026-03-16 09:18:04] 开始采集...
[价格] BTC: 72329.0
[价格] ETH: 2165.99
[价格] XRP: 1.4405
[价格] BNB: 670.5
[价格] SOL: 91.53
[价格] LTC: 55.94
[价格] DOGE: 0.09732
[价格] SUI: 1.0149
[价格] TRX: 0.29768
[价格] TON: 1.313
[价格] ETC: 8.447
[价格] BCH: 465.4
[价格] HBAR: 0.09574
[价格] XLM: 0.16756
[价格] FIL: 0.8904
[价格] LINK: 9.416
[价格] CRO: 0.07752
[价格] DOT: 1.434
[价格] AAVE: 116.07
[价格] UNI: 4.049
[价格] NEAR: 1.3514
[价格] APT: 0.9296
[价格] CFX: 0.06165
[价格] CRV: 0.2416
[价格] STX: 0.2559
[价格] LDO: 0.3081
[价格] TAO: 276.5
✅ [数据完整] 成功获取全部 27/27 个币种的数据
[保存] 数据已写入 /home/user/webapp/data/coin_change_tracker/coin_change_20260316.jsonl
[保存] 涨速数据已写入 /home/user/webapp/data/coin_change_tracker/velocity_20260316.jsonl
[统计] 总涨跌幅: 43.84%, 5分钟涨速: +0.11%, 币种数: 27, 上涨占比: 92.6% (25↑/2↓)
[等待] 下次采集时间: 09:19:04

[2026-03-16 09:19:14] 开始采集...
[价格] BTC: 72377.9
[价格] ETH: 2167.35
[价格] XRP: 1.4418
[价格] BNB: 670.9
[价格] SOL: 91.56
[价格] LTC: 55.98
[价格] DOGE: 0.09736
[价格] SUI: 1.016
[价格] TRX: 0.29768
[价格] TON: 1.312
[价格] ETC: 8.457
[价格] BCH: 465.8
[价格] HBAR: 0.09586
[价格] XLM: 0.16779
[价格] FIL: 0.8914
[价格] LINK: 9.43
[价格] CRO: 0.07758
[价格] DOT: 1.435
[价格] AAVE: 116.19
[价格] UNI: 4.052
[价格] NEAR: 1.3542
[价格] APT: 0.9311
[价格] CFX: 0.06163
[价格] CRV: 0.2418
[价格] STX: 0.256
[价格] LDO: 0.3085
[价格] TAO: 276.2
✅ [数据完整] 成功获取全部 27/27 个币种的数据
[保存] 数据已写入 /home/user/webapp/data/coin_change_tracker/coin_change_20260316.jsonl
[保存] 涨速数据已写入 /home/user/webapp/data/coin_change_tracker/velocity_20260316.jsonl
[统计] 总涨跌幅: 45.82%, 5分钟涨速: +3.21%, 币种数: 27, 上涨占比: 92.6% (25↑/2↓)
[等待] 下次采集时间: 09:20:14

[2026-03-16 09:20:23] 开始采集...
[价格] BTC: 72439.0
[价格] ETH: 2171.68
[价格] XRP: 1.4438
[价格] BNB: 671.7
[价格] SOL: 91.79
[价格] LTC: 56.06
[价格] DOGE: 0.09757
[价格] SUI: 1.0179
[价格] TRX: 0.2977
[价格] TON: 1.314
[价格] ETC: 8.471
[价格] BCH: 466.6
[价格] HBAR: 0.09598
[价格] XLM: 0.16811
[价格] FIL: 0.8931
[价格] LINK: 9.447
[价格] CRO: 0.07765
[价格] DOT: 1.44
[价格] AAVE: 116.54
[价格] UNI: 4.061
[价格] NEAR: 1.3584
[价格] APT: 0.9325
[价格] CFX: 0.0617
[价格] CRV: 0.2417
[价格] STX: 0.2564
[价格] LDO: 0.3089
[价格] TAO: 276.4
✅ [数据完整] 成功获取全部 27/27 个币种的数据
[保存] 数据已写入 /home/user/webapp/data/coin_change_tracker/coin_change_20260316.jsonl
[保存] 涨速数据已写入 /home/user/webapp/data/coin_change_tracker/velocity_20260316.jsonl
[统计] 总涨跌幅: 50.28%, 5分钟涨速: +6.73%, 币种数: 27, 上涨占比: 96.3% (26↑/1↓)
[等待] 下次采集时间: 09:21:23

[2026-03-16 09:21:33] 开始采集...
[价格] BTC: 72457.5
[价格] ETH: 2173.41
[价格] XRP: 1.4441
[价格] BNB: 672.2
[价格] SOL: 91.86
[价格] LTC: 56.09
[价格] DOGE: 0.09771
[价格] SUI: 1.0192
[价格] TRX: 0.29785
[价格] TON: 1.314
[价格] ETC: 8.48
[价格] BCH: 466.8
[价格] HBAR: 0.09598
[价格] XLM: 0.1682
[价格] FIL: 0.8939
[价格] LINK: 9.45
[价格] CRO: 0.07767
[价格] DOT: 1.44
[价格] AAVE: 116.66
[价格] UNI: 4.066
[价格] NEAR: 1.3595
[价格] APT: 0.9338
[价格] CFX: 0.06175
[价格] CRV: 0.2416
[价格] STX: 0.2567
[价格] LDO: 0.3091
[价格] TAO: 276.8
✅ [数据完整] 成功获取全部 27/27 个币种的数据
[保存] 数据已写入 /home/user/webapp/data/coin_change_tracker/coin_change_20260316.jsonl
[保存] 涨速数据已写入 /home/user/webapp/data/coin_change_tracker/velocity_20260316.jsonl
[统计] 总涨跌幅: 52.16%, 5分钟涨速: +6.73%, 币种数: 27, 上涨占比: 96.3% (26↑/1↓)
[等待] 下次采集时间: 09:22:33

[2026-03-16 09:22:42] 开始采集...
[价格] BTC: 72485.5
[价格] ETH: 2174.16
[价格] XRP: 1.4448
[价格] BNB: 672.5
[价格] SOL: 91.86
[价格] LTC: 56.09
[价格] DOGE: 0.09779
[价格] SUI: 1.0197
[价格] TRX: 0.29775
[价格] TON: 1.315
[价格] ETC: 8.482
[价格] BCH: 466.9
[价格] HBAR: 0.09601
[价格] XLM: 0.16825
[价格] FIL: 0.8939
[价格] LINK: 9.453
[价格] CRO: 0.07773
[价格] DOT: 1.442
[价格] AAVE: 116.74
[价格] UNI: 4.066
[价格] NEAR: 1.3591
[价格] APT: 0.9342
[价格] CFX: 0.06163
[价格] CRV: 0.2416
[价格] STX: 0.2566
[价格] LDO: 0.309
[价格] TAO: 276.4
[RSI] 开始采集5分钟RSI数据...
[RSI] BTC: 38.92
[RSI] ETH: 49.54
[RSI] XRP: 37.86
[RSI] BNB: 44.79
[RSI] SOL: 39.05
[RSI] LTC: 46.25
[RSI] DOGE: 55.61
[RSI] SUI: 46.61
[RSI] TRX: 23.94
[RSI] TON: 68.97
[RSI] ETC: 53.69
[RSI] BCH: 39.47
[RSI] HBAR: 43.15
[RSI] XLM: 35.48
[RSI] FIL: 51.15
[RSI] LINK: 41.5
[RSI] CRO: 42.48
[RSI] DOT: 63.89
[RSI] AAVE: 49.64
[RSI] UNI: 46.75
[RSI] NEAR: 70.75
[RSI] APT: 51.22
[RSI] CFX: 60.57
[RSI] CRV: 28.12
[RSI] STX: 50.0
[RSI] LDO: 48.98
[RSI] TAO: 25.29
[RSI] 成功采集 27/27 个币种，RSI之和: 1253.67
[保存] RSI数据已写入 /home/user/webapp/data/coin_change_tracker/rsi_20260316.jsonl
✅ [数据完整] 成功获取全部 27/27 个币种的数据
[保存] 数据已写入 /home/user/webapp/data/coin_change_tracker/coin_change_20260316.jsonl
[保存] 涨速数据已写入 /home/user/webapp/data/coin_change_tracker/velocity_20260316.jsonl
[统计] 总涨跌幅: 52.53%, 5分钟涨速: +8.69%, 币种数: 27, 上涨占比: 96.3% (26↑/1↓), RSI之和: 1253.67
[等待] 下次采集时间: 09:23:42

[2026-03-16 09:24:01] 开始采集...
[价格] BTC: 72576.4
[价格] ETH: 2178.71
[价格] XRP: 1.4473
[价格] BNB: 673.9
[价格] SOL: 92.09
[价格] LTC: 56.19
[价格] DOGE: 0.09808
[价格] SUI: 1.0225
[价格] TRX: 0.29782
[价格] TON: 1.316
[价格] ETC: 8.497
[价格] BCH: 467.4
[价格] HBAR: 0.09615
[价格] XLM: 0.1687
[价格] FIL: 0.8946
[价格] LINK: 9.477
[价格] CRO: 0.07787
[价格] DOT: 1.443
[价格] AAVE: 117.06
[价格] UNI: 4.08
[价格] NEAR: 1.3618
[价格] APT: 0.9356
[价格] CFX: 0.06165
[价格] CRV: 0.2421
[价格] STX: 0.2567
[价格] LDO: 0.3096
[价格] TAO: 276.7
✅ [数据完整] 成功获取全部 27/27 个币种的数据
[保存] 数据已写入 /home/user/webapp/data/coin_change_tracker/coin_change_20260316.jsonl
[保存] 涨速数据已写入 /home/user/webapp/data/coin_change_tracker/velocity_20260316.jsonl
[统计] 总涨跌幅: 57.30%, 5分钟涨速: +11.48%, 币种数: 27, 上涨占比: 96.3% (26↑/1↓)
[等待] 下次采集时间: 09:25:01

[2026-03-16 09:25:11] 开始采集...
[价格] BTC: 72608.0
[价格] ETH: 2178.86
[价格] XRP: 1.4459
[价格] BNB: 673.7
[价格] SOL: 92.07
[价格] LTC: 56.17
[价格] DOGE: 0.09792
[价格] SUI: 1.0217
[价格] TRX: 0.29782
[价格] TON: 1.315
[价格] ETC: 8.493
[价格] BCH: 466.9
[价格] HBAR: 0.09609
[价格] XLM: 0.16848
[价格] FIL: 0.8946
[价格] LINK: 9.477
[价格] CRO: 0.07787
[价格] DOT: 1.442
[价格] AAVE: 117.08
[价格] UNI: 4.08
[价格] NEAR: 1.3597
[价格] APT: 0.9347
[价格] CFX: 0.06157
[价格] CRV: 0.2418
[价格] STX: 0.2563
[价格] LDO: 0.3095
[价格] TAO: 276.5
✅ [数据完整] 成功获取全部 27/27 个币种的数据
[保存] 数据已写入 /home/user/webapp/data/coin_change_tracker/coin_change_20260316.jsonl
[保存] 涨速数据已写入 /home/user/webapp/data/coin_change_tracker/velocity_20260316.jsonl
[统计] 总涨跌幅: 55.63%, 5分钟涨速: +5.35%, 币种数: 27, 上涨占比: 96.3% (26↑/1↓)
[等待] 下次采集时间: 09:26:11

[2026-03-16 09:26:20] 开始采集...
[价格] BTC: 72536.0
[价格] ETH: 2176.21
[价格] XRP: 1.444
[价格] BNB: 673.0
[价格] SOL: 91.92
[价格] LTC: 56.08
[价格] DOGE: 0.09771
[价格] SUI: 1.0195
[价格] TRX: 0.29782
[价格] TON: 1.315
[价格] ETC: 8.474
[价格] BCH: 466.9
[价格] HBAR: 0.09596
[价格] XLM: 0.16812
[价格] FIL: 0.8935
[价格] LINK: 9.462
[价格] CRO: 0.07776
[价格] DOT: 1.438
[价格] AAVE: 116.72
[价格] UNI: 4.069
[价格] NEAR: 1.357
[价格] APT: 0.9334
[价格] CFX: 0.06147
[价格] CRV: 0.2415
[价格] STX: 0.256
[价格] LDO: 0.3091
[价格] TAO: 276.4
✅ [数据完整] 成功获取全部 27/27 个币种的数据
[保存] 数据已写入 /home/user/webapp/data/coin_change_tracker/coin_change_20260316.jsonl
[保存] 涨速数据已写入 /home/user/webapp/data/coin_change_tracker/velocity_20260316.jsonl
[统计] 总涨跌幅: 51.58%, 5分钟涨速: -0.58%, 币种数: 27, 上涨占比: 96.3% (26↑/1↓)
[等待] 下次采集时间: 09:27:20

[2026-03-16 09:27:30] 开始采集...
[价格] BTC: 72610.4
[价格] ETH: 2179.33
[价格] XRP: 1.445
[价格] BNB: 673.4
[价格] SOL: 91.98
[价格] LTC: 56.13
[价格] DOGE: 0.09786
[价格] SUI: 1.0208
[价格] TRX: 0.2978
[价格] TON: 1.314
[价格] ETC: 8.482
[价格] BCH: 467.2
[价格] HBAR: 0.09602
[价格] XLM: 0.16818
[价格] FIL: 0.894
[价格] LINK: 9.473
[价格] CRO: 0.07782
[价格] DOT: 1.44
[价格] AAVE: 116.93
[价格] UNI: 4.073
[价格] NEAR: 1.358
[价格] APT: 0.9344
[价格] CFX: 0.0615
[价格] CRV: 0.2416
[价格] STX: 0.2562
[价格] LDO: 0.3096
[价格] TAO: 276.9
✅ [数据完整] 成功获取全部 27/27 个币种的数据
[保存] 数据已写入 /home/user/webapp/data/coin_change_tracker/coin_change_20260316.jsonl
[保存] 涨速数据已写入 /home/user/webapp/data/coin_change_tracker/velocity_20260316.jsonl
[统计] 总涨跌幅: 53.96%, 5分钟涨速: +1.43%, 币种数: 27, 上涨占比: 96.3% (26↑/1↓)
[等待] 下次采集时间: 09:28:30

[2026-03-16 09:28:39] 开始采集...
[价格] BTC: 72582.0
[价格] ETH: 2177.93
[价格] XRP: 1.4444
[价格] BNB: 673.0
[价格] SOL: 91.9
[价格] LTC: 56.12
[价格] DOGE: 0.09783
[价格] SUI: 1.0205
[价格] TRX: 0.29789
[价格] TON: 1.316
[价格] ETC: 8.481
[价格] BCH: 467.1
[价格] HBAR: 0.096
[价格] XLM: 0.1682
[价格] FIL: 0.894
[价格] LINK: 9.473
[价格] CRO: 0.07777
[价格] DOT: 1.44
[价格] AAVE: 116.82
[价格] UNI: 4.071
[价格] NEAR: 1.3584
[价格] APT: 0.9347
[价格] CFX: 0.0615
[价格] CRV: 0.2416
[价格] STX: 0.256
[价格] LDO: 0.3095
[价格] TAO: 276.8
[RSI] 开始采集5分钟RSI数据...
[RSI] BTC: 48.5
[RSI] ETH: 58.92
[RSI] XRP: 38.52
[RSI] BNB: 50.48
[RSI] SOL: 42.56
[RSI] LTC: 53.57
[RSI] DOGE: 57.71
[RSI] SUI: 53.15
[RSI] TRX: 39.74
[RSI] TON: 80.77
[RSI] ETC: 61.73
[RSI] BCH: 43.84
[RSI] HBAR: 49.65
[RSI] XLM: 42.99
[RSI] FIL: 63.23
[RSI] LINK: 52.45
[RSI] CRO: 57.28
[RSI] DOT: 65.71
[RSI] AAVE: 53.82
[RSI] UNI: 53.85
[RSI] NEAR: 77.38
[RSI] APT: 64.17
[RSI] CFX: 69.3
[RSI] CRV: 32.26
[RSI] STX: 49.21
[RSI] LDO: 60.0
[RSI] TAO: 29.48
[RSI] 成功采集 27/27 个币种，RSI之和: 1450.27
[保存] RSI数据已写入 /home/user/webapp/data/coin_change_tracker/rsi_20260316.jsonl
✅ [数据完整] 成功获取全部 27/27 个币种的数据
[保存] 数据已写入 /home/user/webapp/data/coin_change_tracker/coin_change_20260316.jsonl
[保存] 涨速数据已写入 /home/user/webapp/data/coin_change_tracker/velocity_20260316.jsonl
[统计] 总涨跌幅: 53.42%, 5分钟涨速: -3.88%, 币种数: 27, 上涨占比: 96.3% (26↑/1↓), RSI之和: 1450.27
[等待] 下次采集时间: 09:29:39

[2026-03-16 09:29:58] 开始采集...
[价格] BTC: 72615.9
[价格] ETH: 2179.09
[价格] XRP: 1.4447
[价格] BNB: 673.2
[价格] SOL: 91.91
[价格] LTC: 56.11
[价格] DOGE: 0.09781
[价格] SUI: 1.021
[价格] TRX: 0.29791
[价格] TON: 1.317
[价格] ETC: 8.488
[价格] BCH: 467.2
[价格] HBAR: 0.09597
[价格] XLM: 0.16818
[价格] FIL: 0.8945
[价格] LINK: 9.472
[价格] CRO: 0.07779
[价格] DOT: 1.442
[价格] AAVE: 116.87
[价格] UNI: 4.071
[价格] NEAR: 1.3566
[价格] APT: 0.9344
[价格] CFX: 0.06158
[价格] CRV: 0.2419
[价格] STX: 0.2561
[价格] LDO: 0.3094
[价格] TAO: 276.5
✅ [数据完整] 成功获取全部 27/27 个币种的数据
[保存] 数据已写入 /home/user/webapp/data/coin_change_tracker/coin_change_20260316.jsonl
[保存] 涨速数据已写入 /home/user/webapp/data/coin_change_tracker/velocity_20260316.jsonl
[统计] 总涨跌幅: 54.00%, 5分钟涨速: -1.63%, 币种数: 27, 上涨占比: 96.3% (26↑/1↓)
[等待] 下次采集时间: 09:30:58

[2026-03-16 09:31:08] 开始采集...
[价格] BTC: 72564.1
[价格] ETH: 2177.83
[价格] XRP: 1.4428
[价格] BNB: 672.5
[价格] SOL: 91.83
[价格] LTC: 56.1
[价格] DOGE: 0.09772
[价格] SUI: 1.02
[价格] TRX: 0.29791
[价格] TON: 1.317
[价格] ETC: 8.481
[价格] BCH: 466.4
[价格] HBAR: 0.0959
[价格] XLM: 0.16799
[价格] FIL: 0.894
[价格] LINK: 9.466
[价格] CRO: 0.07776
[价格] DOT: 1.44
[价格] AAVE: 116.76
[价格] UNI: 4.069
[价格] NEAR: 1.3572
[价格] APT: 0.9339
[价格] CFX: 0.06155
[价格] CRV: 0.2414
[价格] STX: 0.256
[价格] LDO: 0.3095
[价格] TAO: 276.2
✅ [数据完整] 成功获取全部 27/27 个币种的数据
[保存] 数据已写入 /home/user/webapp/data/coin_change_tracker/coin_change_20260316.jsonl
[保存] 涨速数据已写入 /home/user/webapp/data/coin_change_tracker/velocity_20260316.jsonl
[统计] 总涨跌幅: 52.02%, 5分钟涨速: +0.44%, 币种数: 27, 上涨占比: 96.3% (26↑/1↓)
[等待] 下次采集时间: 09:32:08

[2026-03-16 09:32:18] 开始采集...
[价格] BTC: 72500.0
[价格] ETH: 2175.02
[价格] XRP: 1.4407
[价格] BNB: 671.7
[价格] SOL: 91.66
[价格] LTC: 56.02
[价格] DOGE: 0.09745
[价格] SUI: 1.0178
[价格] TRX: 0.2978
[价格] TON: 1.317
[价格] ETC: 8.464
[价格] BCH: 466.0
[价格] HBAR: 0.09577
[价格] XLM: 0.16771
[价格] FIL: 0.8923
[价格] LINK: 9.447
[价格] CRO: 0.07768
[价格] DOT: 1.439
[价格] AAVE: 116.51
[价格] UNI: 4.06
[价格] NEAR: 1.3542
[价格] APT: 0.9321
[价格] CFX: 0.0615
[价格] CRV: 0.241
[价格] STX: 0.2557
[价格] LDO: 0.309
[价格] TAO: 274.5
✅ [数据完整] 成功获取全部 27/27 个币种的数据
[保存] 数据已写入 /home/user/webapp/data/coin_change_tracker/coin_change_20260316.jsonl
[保存] 涨速数据已写入 /home/user/webapp/data/coin_change_tracker/velocity_20260316.jsonl
[统计] 总涨跌幅: 47.49%, 5分钟涨速: -6.47%, 币种数: 27, 上涨占比: 92.6% (25↑/2↓)
[等待] 下次采集时间: 09:33:18

[2026-03-16 09:33:27] 开始采集...
[价格] BTC: 72480.9
[价格] ETH: 2174.72
[价格] XRP: 1.4401
[价格] BNB: 671.5
[价格] SOL: 91.58
[价格] LTC: 56.01
[价格] DOGE: 0.09743
[价格] SUI: 1.0175
[价格] TRX: 0.29773
[价格] TON: 1.316
[价格] ETC: 8.461
[价格] BCH: 465.9
[价格] HBAR: 0.0957
[价格] XLM: 0.16763
[价格] FIL: 0.8928
[价格] LINK: 9.438
[价格] CRO: 0.07767
[价格] DOT: 1.438
[价格] AAVE: 116.37
[价格] UNI: 4.057
[价格] NEAR: 1.3553
[价格] APT: 0.932
[价格] CFX: 0.06184
[价格] CRV: 0.2411
[价格] STX: 0.2556
[价格] LDO: 0.3088
[价格] TAO: 274.0
✅ [数据完整] 成功获取全部 27/27 个币种的数据
[保存] 数据已写入 /home/user/webapp/data/coin_change_tracker/coin_change_20260316.jsonl
[保存] 涨速数据已写入 /home/user/webapp/data/coin_change_tracker/velocity_20260316.jsonl
[统计] 总涨跌幅: 46.97%, 5分钟涨速: -6.45%, 币种数: 27, 上涨占比: 92.6% (25↑/2↓)
[等待] 下次采集时间: 09:34:27

[2026-03-16 09:34:37] 开始采集...
[价格] BTC: 72526.2
[价格] ETH: 2175.87
[价格] XRP: 1.4403
[价格] BNB: 672.0
[价格] SOL: 91.59
[价格] LTC: 56.03
[价格] DOGE: 0.09749
[价格] SUI: 1.0194
[价格] TRX: 0.29773
[价格] TON: 1.318
[价格] ETC: 8.471
[价格] BCH: 466.0
[价格] HBAR: 0.09584
[价格] XLM: 0.16786
[价格] FIL: 0.8937
[价格] LINK: 9.451
[价格] CRO: 0.07773
[价格] DOT: 1.439
[价格] AAVE: 116.63
[价格] UNI: 4.065
[价格] NEAR: 1.3582
[价格] APT: 0.9341
[价格] CFX: 0.0619
[价格] CRV: 0.2413
[价格] STX: 0.2558
[价格] LDO: 0.3094
[价格] TAO: 274.5
[RSI] 开始采集5分钟RSI数据...
[RSI] BTC: 50.32
[RSI] ETH: 56.63
[RSI] XRP: 35.02
[RSI] BNB: 49.07
[RSI] SOL: 39.77
[RSI] LTC: 49.45
[RSI] DOGE: 48.11
[RSI] SUI: 50.94
[RSI] TRX: 34.69
[RSI] TON: 92.0
[RSI] ETC: 54.12
[RSI] BCH: 38.64
[RSI] HBAR: 47.33
[RSI] XLM: 41.84
[RSI] FIL: 58.93
[RSI] LINK: 46.44
[RSI] CRO: 57.84
[RSI] DOT: 61.11
[RSI] AAVE: 49.42
[RSI] UNI: 50.0
[RSI] NEAR: 75.88
[RSI] APT: 59.51
[RSI] CFX: 73.85
[RSI] CRV: 34.48
[RSI] STX: 49.21
[RSI] LDO: 58.18
[RSI] TAO: 28.65
[RSI] 成功采集 27/27 个币种，RSI之和: 1391.43
[保存] RSI数据已写入 /home/user/webapp/data/coin_change_tracker/rsi_20260316.jsonl
✅ [数据完整] 成功获取全部 27/27 个币种的数据
[保存] 数据已写入 /home/user/webapp/data/coin_change_tracker/coin_change_20260316.jsonl
[保存] 涨速数据已写入 /home/user/webapp/data/coin_change_tracker/velocity_20260316.jsonl
[统计] 总涨跌幅: 49.98%, 5分钟涨速: -4.02%, 币种数: 27, 上涨占比: 92.6% (25↑/2↓), RSI之和: 1391.43
[等待] 下次采集时间: 09:35:37

[2026-03-16 09:35:55] 开始采集...
[价格] BTC: 72571.0
[价格] ETH: 2177.38
[价格] XRP: 1.4416
[价格] BNB: 672.5
[价格] SOL: 91.66
[价格] LTC: 56.06
[价格] DOGE: 0.09756
[价格] SUI: 1.0206
[价格] TRX: 0.29775
[价格] TON: 1.317
[价格] ETC: 8.475
[价格] BCH: 466.3
[价格] HBAR: 0.09588
[价格] XLM: 0.16787
[价格] FIL: 0.8941
[价格] LINK: 9.458
[价格] CRO: 0.07779
[价格] DOT: 1.44
[价格] AAVE: 116.65
[价格] UNI: 4.07
[价格] NEAR: 1.358
[价格] APT: 0.9351
[价格] CFX: 0.06198
[价格] CRV: 0.2417
[价格] STX: 0.2561
[价格] LDO: 0.3097
[价格] TAO: 274.8
✅ [数据完整] 成功获取全部 27/27 个币种的数据
[保存] 数据已写入 /home/user/webapp/data/coin_change_tracker/coin_change_20260316.jsonl
[保存] 涨速数据已写入 /home/user/webapp/data/coin_change_tracker/velocity_20260316.jsonl
[统计] 总涨跌幅: 51.84%, 5分钟涨速: -0.18%, 币种数: 27, 上涨占比: 92.6% (25↑/2↓)
[等待] 下次采集时间: 09:36:55

[2026-03-16 09:37:05] 开始采集...
[价格] BTC: 72595.8
[价格] ETH: 2179.51
[价格] XRP: 1.4412
[价格] BNB: 672.9
[价格] SOL: 91.7
[价格] LTC: 56.08
[价格] DOGE: 0.09765
[价格] SUI: 1.0211
[价格] TRX: 0.29788
[价格] TON: 1.318
[价格] ETC: 8.479
[价格] BCH: 466.4
[价格] HBAR: 0.09591
[价格] XLM: 0.16785
[价格] FIL: 0.8936
[价格] LINK: 9.466
[价格] CRO: 0.07789
[价格] DOT: 1.44
[价格] AAVE: 116.68
[价格] UNI: 4.07
[价格] NEAR: 1.3595
[价格] APT: 0.9349
[价格] CFX: 0.06228
[价格] CRV: 0.2415
[价格] STX: 0.2562
[价格] LDO: 0.3097
[价格] TAO: 274.5
✅ [数据完整] 成功获取全部 27/27 个币种的数据
[保存] 数据已写入 /home/user/webapp/data/coin_change_tracker/coin_change_20260316.jsonl
[保存] 涨速数据已写入 /home/user/webapp/data/coin_change_tracker/velocity_20260316.jsonl
[统计] 总涨跌幅: 53.07%, 5分钟涨速: +5.58%, 币种数: 27, 上涨占比: 92.6% (25↑/2↓)
[等待] 下次采集时间: 09:38:05

[2026-03-16 09:38:15] 开始采集...
[价格] BTC: 72601.5
[价格] ETH: 2179.47
[价格] XRP: 1.4418
[价格] BNB: 672.9
[价格] SOL: 91.7
[价格] LTC: 56.1
[价格] DOGE: 0.09759
[价格] SUI: 1.0205
[价格] TRX: 0.29789
[价格] TON: 1.316
[价格] ETC: 8.48
[价格] BCH: 466.3
[价格] HBAR: 0.0959
[价格] XLM: 0.16784
[价格] FIL: 0.8938
[价格] LINK: 9.475
[价格] CRO: 0.07789
[价格] DOT: 1.44
[价格] AAVE: 116.65
[价格] UNI: 4.07
[价格] NEAR: 1.3577
[价格] APT: 0.9352
[价格] CFX: 0.0623
[价格] CRV: 0.2415
[价格] STX: 0.2561
[价格] LDO: 0.3096
[价格] TAO: 274.4
✅ [数据完整] 成功获取全部 27/27 个币种的数据
[保存] 数据已写入 /home/user/webapp/data/coin_change_tracker/coin_change_20260316.jsonl
[保存] 涨速数据已写入 /home/user/webapp/data/coin_change_tracker/velocity_20260316.jsonl
[统计] 总涨跌幅: 52.75%, 5分钟涨速: +5.78%, 币种数: 27, 上涨占比: 92.6% (25↑/2↓)
[等待] 下次采集时间: 09:39:15

[2026-03-16 09:39:24] 开始采集...
[价格] BTC: 72590.0
[价格] ETH: 2178.58
[价格] XRP: 1.4432
[价格] BNB: 672.6
[价格] SOL: 91.73
[价格] LTC: 56.09
[价格] DOGE: 0.09765
[价格] SUI: 1.0208
[价格] TRX: 0.29788
[价格] TON: 1.317
[价格] ETC: 8.48
[价格] BCH: 466.2
[价格] HBAR: 0.09591
[价格] XLM: 0.16792
[价格] FIL: 0.8946
[价格] LINK: 9.478
[价格] CRO: 0.07789
[价格] DOT: 1.44
[价格] AAVE: 116.66
[价格] UNI: 4.071
[价格] NEAR: 1.3598
[价格] APT: 0.9352
[价格] CFX: 0.06238
[价格] CRV: 0.2417
[价格] STX: 0.2561
[价格] LDO: 0.3096
[价格] TAO: 274.0
✅ [数据完整] 成功获取全部 27/27 个币种的数据
[保存] 数据已写入 /home/user/webapp/data/coin_change_tracker/coin_change_20260316.jsonl
[保存] 涨速数据已写入 /home/user/webapp/data/coin_change_tracker/velocity_20260316.jsonl
[统计] 总涨跌幅: 53.39%, 5分钟涨速: +3.41%, 币种数: 27, 上涨占比: 92.6% (25↑/2↓)
[等待] 下次采集时间: 09:40:24

[2026-03-16 09:40:33] 开始采集...
[价格] BTC: 72591.8
[价格] ETH: 2179.49
[价格] XRP: 1.443
[价格] BNB: 672.8
[价格] SOL: 91.7
[价格] LTC: 56.11
[价格] DOGE: 0.09763
[价格] SUI: 1.0206
[价格] TRX: 0.29782
[价格] TON: 1.317
[价格] ETC: 8.487
[价格] BCH: 466.4
[价格] HBAR: 0.09592
[价格] XLM: 0.16786
[价格] FIL: 0.8944
[价格] LINK: 9.477
[价格] CRO: 0.07784
[价格] DOT: 1.441
[价格] AAVE: 116.55
[价格] UNI: 4.073
[价格] NEAR: 1.3611
[价格] APT: 0.9357
[价格] CFX: 0.06249
[价格] CRV: 0.2417
[价格] STX: 0.2561
[价格] LDO: 0.3098
[价格] TAO: 274.3
[RSI] 开始采集5分钟RSI数据...
[RSI] BTC: 48.94
[RSI] ETH: 60.43
[RSI] XRP: 39.58
[RSI] BNB: 52.0
[RSI] SOL: 38.89
[RSI] LTC: 47.73
[RSI] DOGE: 54.69
[RSI] SUI: 54.35
[RSI] TRX: 46.24
[RSI] TON: 85.71
[RSI] ETC: 55.74
[RSI] BCH: 40.24
[RSI] HBAR: 48.09
[RSI] XLM: 43.41
[RSI] FIL: 64.88
[RSI] LINK: 55.02
[RSI] CRO: 60.38
[RSI] DOT: 60.61
[RSI] AAVE: 50.16
[RSI] UNI: 54.81
[RSI] NEAR: 74.85
[RSI] APT: 63.85
[RSI] CFX: 76.54
[RSI] CRV: 42.42
[RSI] STX: 53.13
[RSI] LDO: 62.75
[RSI] TAO: 27.17
[RSI] 成功采集 27/27 个币种，RSI之和: 1462.61
[保存] RSI数据已写入 /home/user/webapp/data/coin_change_tracker/rsi_20260316.jsonl
✅ [数据完整] 成功获取全部 27/27 个币种的数据
[保存] 数据已写入 /home/user/webapp/data/coin_change_tracker/coin_change_20260316.jsonl
[保存] 涨速数据已写入 /home/user/webapp/data/coin_change_tracker/velocity_20260316.jsonl
[统计] 总涨跌幅: 53.92%, 5分钟涨速: +2.08%, 币种数: 27, 上涨占比: 92.6% (25↑/2↓), RSI之和: 1462.61
[等待] 下次采集时间: 09:41:33

[2026-03-16 09:41:52] 开始采集...
[价格] BTC: 72485.8
[价格] ETH: 2175.71
[价格] XRP: 1.4413
[价格] BNB: 672.0
[价格] SOL: 91.62
[价格] LTC: 56.04
[价格] DOGE: 0.0975
[价格] SUI: 1.0196
[价格] TRX: 0.29782
[价格] TON: 1.317
[价格] ETC: 8.474
[价格] BCH: 466.0
[价格] HBAR: 0.0958
[价格] XLM: 0.16766
[价格] FIL: 0.8934
[价格] LINK: 9.472
[价格] CRO: 0.07785
[价格] DOT: 1.44
[价格] AAVE: 116.35
[价格] UNI: 4.068
[价格] NEAR: 1.361
[价格] APT: 0.9348
[价格] CFX: 0.06253
[价格] CRV: 0.2415
[价格] STX: 0.2559
[价格] LDO: 0.3093
[价格] TAO: 274.2
✅ [数据完整] 成功获取全部 27/27 个币种的数据
[保存] 数据已写入 /home/user/webapp/data/coin_change_tracker/coin_change_20260316.jsonl
[保存] 涨速数据已写入 /home/user/webapp/data/coin_change_tracker/velocity_20260316.jsonl
[统计] 总涨跌幅: 51.47%, 5分钟涨速: -1.60%, 币种数: 27, 上涨占比: 92.6% (25↑/2↓)
[等待] 下次采集时间: 09:42:52

[2026-03-16 09:43:02] 开始采集...
[价格] BTC: 72572.4
[价格] ETH: 2179.25
[价格] XRP: 1.4436
[价格] BNB: 672.6
[价格] SOL: 91.73
[价格] LTC: 56.08
[价格] DOGE: 0.09759
[价格] SUI: 1.0208
[价格] TRX: 0.29782
[价格] TON: 1.317
[价格] ETC: 8.483
[价格] BCH: 466.2
[价格] HBAR: 0.09589
[价格] XLM: 0.16784
[价格] FIL: 0.8944
[价格] LINK: 9.484
[价格] CRO: 0.07785
[价格] DOT: 1.441
[价格] AAVE: 116.44
[价格] UNI: 4.072
[价格] NEAR: 1.3605
[价格] APT: 0.9355
[价格] CFX: 0.06251
[价格] CRV: 0.2416
[价格] STX: 0.2559
[价格] LDO: 0.3094
[价格] TAO: 274.5
✅ [数据完整] 成功获取全部 27/27 个币种的数据
[保存] 数据已写入 /home/user/webapp/data/coin_change_tracker/coin_change_20260316.jsonl
[保存] 涨速数据已写入 /home/user/webapp/data/coin_change_tracker/velocity_20260316.jsonl
[统计] 总涨跌幅: 53.46%, 5分钟涨速: +0.71%, 币种数: 27, 上涨占比: 92.6% (25↑/2↓)
[等待] 下次采集时间: 09:44:02

[2026-03-16 09:44:11] 开始采集...
[价格] BTC: 72542.1
[价格] ETH: 2178.08
[价格] XRP: 1.4422
[价格] BNB: 672.4
[价格] SOL: 91.69
[价格] LTC: 56.04
[价格] DOGE: 0.09751
[价格] SUI: 1.0198
[价格] TRX: 0.29779
[价格] TON: 1.317
[价格] ETC: 8.476
[价格] BCH: 466.1
[价格] HBAR: 0.09582
[价格] XLM: 0.16769
[价格] FIL: 0.8939
[价格] LINK: 9.47
[价格] CRO: 0.07782
[价格] DOT: 1.438
[价格] AAVE: 116.39
[价格] UNI: 4.068
[价格] NEAR: 1.3572
[价格] APT: 0.9347
[价格] CFX: 0.06249
[价格] CRV: 0.2415
[价格] STX: 0.2559
[价格] LDO: 0.3093
[价格] TAO: 274.7
✅ [数据完整] 成功获取全部 27/27 个币种的数据
[保存] 数据已写入 /home/user/webapp/data/coin_change_tracker/coin_change_20260316.jsonl
[保存] 涨速数据已写入 /home/user/webapp/data/coin_change_tracker/velocity_20260316.jsonl
[统计] 总涨跌幅: 51.69%, 5分钟涨速: -1.70%, 币种数: 27, 上涨占比: 92.6% (25↑/2↓)
[等待] 下次采集时间: 09:45:11

[2026-03-16 09:45:21] 开始采集...
[价格] BTC: 72580.0
[价格] ETH: 2178.73
[价格] XRP: 1.4434
[价格] BNB: 672.8
[价格] SOL: 91.72
[价格] LTC: 56.06
[价格] DOGE: 0.09753
[价格] SUI: 1.0204
[价格] TRX: 0.29778
[价格] TON: 1.317
[价格] ETC: 8.481
[价格] BCH: 466.3
[价格] HBAR: 0.09584
[价格] XLM: 0.16768
[价格] FIL: 0.8941
[价格] LINK: 9.471
[价格] CRO: 0.07784
[价格] DOT: 1.44
[价格] AAVE: 116.49
[价格] UNI: 4.069
[价格] NEAR: 1.3575
[价格] APT: 0.9354
[价格] CFX: 0.06244
[价格] CRV: 0.2415
[价格] STX: 0.2559
[价格] LDO: 0.3094
[价格] TAO: 275.1
✅ [数据完整] 成功获取全部 27/27 个币种的数据
[保存] 数据已写入 /home/user/webapp/data/coin_change_tracker/coin_change_20260316.jsonl
[保存] 涨速数据已写入 /home/user/webapp/data/coin_change_tracker/velocity_20260316.jsonl
[统计] 总涨跌幅: 52.70%, 5分钟涨速: -1.22%, 币种数: 27, 上涨占比: 92.6% (25↑/2↓)
[等待] 下次采集时间: 09:46:21

[2026-03-16 09:46:30] 开始采集...
[价格] BTC: 72580.0
[价格] ETH: 2178.24
[价格] XRP: 1.4433
[价格] BNB: 672.7
[价格] SOL: 91.73
[价格] LTC: 56.05
[价格] DOGE: 0.09751
[价格] SUI: 1.0205
[价格] TRX: 0.29778
[价格] TON: 1.318
[价格] ETC: 8.481
[价格] BCH: 466.4
[价格] HBAR: 0.09583
[价格] XLM: 0.16768
[价格] FIL: 0.8941
[价格] LINK: 9.473
[价格] CRO: 0.07783
[价格] DOT: 1.44
[价格] AAVE: 116.48
[价格] UNI: 4.07
[价格] NEAR: 1.3578
[价格] APT: 0.9355
[价格] CFX: 0.06232
[价格] CRV: 0.2414
[价格] STX: 0.2559
[价格] LDO: 0.3094
[价格] TAO: 274.7
[RSI] 开始采集5分钟RSI数据...
[RSI] BTC: 53.9
[RSI] ETH: 63.34
[RSI] XRP: 44.2
[RSI] BNB: 57.45
[RSI] SOL: 43.5
[RSI] LTC: 48.75
[RSI] DOGE: 51.74
[RSI] SUI: 56.7
[RSI] TRX: 43.48
[RSI] TON: 85.71
[RSI] ETC: 54.75
[RSI] BCH: 43.42
[RSI] HBAR: 45.6
[RSI] XLM: 44.04
[RSI] FIL: 66.88
[RSI] LINK: 57.87
[RSI] CRO: 60.0
[RSI] DOT: 55.88
[RSI] AAVE: 52.05
[RSI] UNI: 59.78
[RSI] NEAR: 69.51
[RSI] APT: 63.94
[RSI] CFX: 71.63
[RSI] CRV: 38.71
[RSI] STX: 47.54
[RSI] LDO: 60.0
[RSI] TAO: 31.85
[RSI] 成功采集 27/27 个币种，RSI之和: 1472.22
[保存] RSI数据已写入 /home/user/webapp/data/coin_change_tracker/rsi_20260316.jsonl
✅ [数据完整] 成功获取全部 27/27 个币种的数据
[保存] 数据已写入 /home/user/webapp/data/coin_change_tracker/coin_change_20260316.jsonl
[保存] 涨速数据已写入 /home/user/webapp/data/coin_change_tracker/velocity_20260316.jsonl
[统计] 总涨跌幅: 52.38%, 5分钟涨速: +0.91%, 币种数: 27, 上涨占比: 92.6% (25↑/2↓), RSI之和: 1472.22
[等待] 下次采集时间: 09:47:30

[2026-03-16 09:47:49] 开始采集...
[价格] BTC: 72613.7
[价格] ETH: 2180.41
[价格] XRP: 1.4444
[价格] BNB: 673.2
[价格] SOL: 91.83
[价格] LTC: 56.1
[价格] DOGE: 0.09758
[价格] SUI: 1.021
[价格] TRX: 0.29778
[价格] TON: 1.318
[价格] ETC: 8.483
[价格] BCH: 466.6
[价格] HBAR: 0.09586
[价格] XLM: 0.16778
[价格] FIL: 0.8941
[价格] LINK: 9.482
[价格] CRO: 0.078
[价格] DOT: 1.441
[价格] AAVE: 116.56
[价格] UNI: 4.078
[价格] NEAR: 1.3598
[价格] APT: 0.9359
[价格] CFX: 0.0624
[价格] CRV: 0.2414
[价格] STX: 0.2559
[价格] LDO: 0.3094
[价格] TAO: 275.0
✅ [数据完整] 成功获取全部 27/27 个币种的数据
[保存] 数据已写入 /home/user/webapp/data/coin_change_tracker/coin_change_20260316.jsonl
[保存] 涨速数据已写入 /home/user/webapp/data/coin_change_tracker/velocity_20260316.jsonl
[统计] 总涨跌幅: 54.26%, 5分钟涨速: +0.80%, 币种数: 27, 上涨占比: 92.6% (25↑/2↓)
[等待] 下次采集时间: 09:48:49

[2026-03-16 09:48:59] 开始采集...
[价格] BTC: 72590.3
[价格] ETH: 2178.12
[价格] XRP: 1.4456
[价格] BNB: 673.4
[价格] SOL: 91.8
[价格] LTC: 56.08
[价格] DOGE: 0.09756
[价格] SUI: 1.0216
[价格] TRX: 0.29763
[价格] TON: 1.319
[价格] ETC: 8.485
[价格] BCH: 466.4
[价格] HBAR: 0.09589
[价格] XLM: 0.16782
[价格] FIL: 0.8936
[价格] LINK: 9.48
[价格] CRO: 0.07793
[价格] DOT: 1.441
[价格] AAVE: 116.67
[价格] UNI: 4.079
[价格] NEAR: 1.3616
[价格] APT: 0.9359
[价格] CFX: 0.06219
[价格] CRV: 0.2415
[价格] STX: 0.2562
[价格] LDO: 0.3096
[价格] TAO: 275.1
✅ [数据完整] 成功获取全部 27/27 个币种的数据
[保存] 数据已写入 /home/user/webapp/data/coin_change_tracker/coin_change_20260316.jsonl
[保存] 涨速数据已写入 /home/user/webapp/data/coin_change_tracker/velocity_20260316.jsonl
[统计] 总涨跌幅: 54.28%, 5分钟涨速: +2.59%, 币种数: 27, 上涨占比: 92.6% (25↑/2↓)
[等待] 下次采集时间: 09:49:59

[2026-03-16 09:50:08] 开始采集...
[价格] BTC: 72636.7
[价格] ETH: 2179.94
[价格] XRP: 1.4463
[价格] BNB: 673.8
[价格] SOL: 91.86
[价格] LTC: 56.12
[价格] DOGE: 0.09764
[价格] SUI: 1.0227
[价格] TRX: 0.29773
[价格] TON: 1.315
[价格] ETC: 8.494
[价格] BCH: 466.9
[价格] HBAR: 0.09599
[价格] XLM: 0.16798
[价格] FIL: 0.895
[价格] LINK: 9.496
[价格] CRO: 0.07803
[价格] DOT: 1.444
[价格] AAVE: 116.78
[价格] UNI: 4.084
[价格] NEAR: 1.3634
[价格] APT: 0.9379
[价格] CFX: 0.0622
[价格] CRV: 0.2418
[价格] STX: 0.2564
[价格] LDO: 0.3099
[价格] TAO: 275.5
✅ [数据完整] 成功获取全部 27/27 个币种的数据
[保存] 数据已写入 /home/user/webapp/data/coin_change_tracker/coin_change_20260316.jsonl
[保存] 涨速数据已写入 /home/user/webapp/data/coin_change_tracker/velocity_20260316.jsonl
[统计] 总涨跌幅: 56.72%, 5分钟涨速: +4.02%, 币种数: 27, 上涨占比: 92.6% (25↑/2↓)
[等待] 下次采集时间: 09:51:08

[2026-03-16 09:51:18] 开始采集...
[价格] BTC: 72675.0
[价格] ETH: 2181.16
[价格] XRP: 1.4478
[价格] BNB: 674.6
[价格] SOL: 91.89
[价格] LTC: 56.13
[价格] DOGE: 0.09768
[价格] SUI: 1.0234
[价格] TRX: 0.29773
[价格] TON: 1.317
[价格] ETC: 8.497
[价格] BCH: 466.9
[价格] HBAR: 0.09606
[价格] XLM: 0.1679
[价格] FIL: 0.8957
[价格] LINK: 9.501
[价格] CRO: 0.07808
[价格] DOT: 1.444
[价格] AAVE: 116.85
[价格] UNI: 4.087
[价格] NEAR: 1.3633
[价格] APT: 0.9377
[价格] CFX: 0.06219
[价格] CRV: 0.242
[价格] STX: 0.2566
[价格] LDO: 0.3101
[价格] TAO: 275.2
✅ [数据完整] 成功获取全部 27/27 个币种的数据
[保存] 数据已写入 /home/user/webapp/data/coin_change_tracker/coin_change_20260316.jsonl
[保存] 涨速数据已写入 /home/user/webapp/data/coin_change_tracker/velocity_20260316.jsonl
[统计] 总涨跌幅: 57.87%, 5分钟涨速: +5.49%, 币种数: 27, 上涨占比: 92.6% (25↑/2↓)
[等待] 下次采集时间: 09:52:18

[2026-03-16 09:52:27] 开始采集...
[价格] BTC: 72659.4
[价格] ETH: 2180.69
[价格] XRP: 1.4472
[价格] BNB: 674.4
[价格] SOL: 91.9
[价格] LTC: 56.11
[价格] DOGE: 0.09766
[价格] SUI: 1.0235
[价格] TRX: 0.29773
[价格] TON: 1.317
[价格] ETC: 8.492
[价格] BCH: 466.7
[价格] HBAR: 0.09602
[价格] XLM: 0.16788
[价格] FIL: 0.8966
[价格] LINK: 9.502
[价格] CRO: 0.07806
[价格] DOT: 1.443
[价格] AAVE: 116.84
[价格] UNI: 4.087
[价格] NEAR: 1.3636
[价格] APT: 0.9378
[价格] CFX: 0.06236
[价格] CRV: 0.242
[价格] STX: 0.2567
[价格] LDO: 0.3102
[价格] TAO: 275.6
[RSI] 开始采集5分钟RSI数据...
[RSI] BTC: 60.5
[RSI] ETH: 67.17
[RSI] XRP: 55.81
[RSI] BNB: 67.52
[RSI] SOL: 48.15
[RSI] LTC: 53.41
[RSI] DOGE: 54.13
[RSI] SUI: 61.96
[RSI] TRX: 42.55
[RSI] TON: 82.61
[RSI] ETC: 60.0
[RSI] BCH: 48.75
[RSI] HBAR: 51.08
[RSI] XLM: 49.23
[RSI] FIL: 70.11
[RSI] LINK: 63.6
[RSI] CRO: 65.29
[RSI] DOT: 62.86
[RSI] AAVE: 58.08
[RSI] UNI: 65.42
[RSI] NEAR: 76.38
[RSI] APT: 67.11
[RSI] CFX: 67.98
[RSI] CRV: 52.94
[RSI] STX: 63.33
[RSI] LDO: 64.29
[RSI] TAO: 29.61
[RSI] 成功采集 27/27 个币种，RSI之和: 1609.87
[保存] RSI数据已写入 /home/user/webapp/data/coin_change_tracker/rsi_20260316.jsonl
✅ [数据完整] 成功获取全部 27/27 个币种的数据
[保存] 数据已写入 /home/user/webapp/data/coin_change_tracker/coin_change_20260316.jsonl
[保存] 涨速数据已写入 /home/user/webapp/data/coin_change_tracker/velocity_20260316.jsonl
[统计] 总涨跌幅: 58.10%, 5分钟涨速: +3.84%, 币种数: 27, 上涨占比: 96.2% (25↑/1↓), RSI之和: 1609.87
[等待] 下次采集时间: 09:53:27

[2026-03-16 09:53:46] 开始采集...
[价格] BTC: 72736.4
[价格] ETH: 2183.78
[价格] XRP: 1.4489
[价格] BNB: 675.6
[价格] SOL: 92.06
[价格] LTC: 56.17
[价格] DOGE: 0.09772
[价格] SUI: 1.0251
[价格] TRX: 0.29773
[价格] TON: 1.317
[价格] ETC: 8.497
[价格] BCH: 467.0
[价格] HBAR: 0.09606
[价格] XLM: 0.1679
[价格] FIL: 0.8968
[价格] LINK: 9.51
[价格] CRO: 0.07808
[价格] DOT: 1.444
[价格] AAVE: 117.02
[价格] UNI: 4.092
[价格] NEAR: 1.3651
[价格] APT: 0.938
[价格] CFX: 0.06234
[价格] CRV: 0.2422
[价格] STX: 0.2569
[价格] LDO: 0.3105
[价格] TAO: 276.2
✅ [数据完整] 成功获取全部 27/27 个币种的数据
[保存] 数据已写入 /home/user/webapp/data/coin_change_tracker/coin_change_20260316.jsonl
[保存] 涨速数据已写入 /home/user/webapp/data/coin_change_tracker/velocity_20260316.jsonl
[统计] 总涨跌幅: 60.41%, 5分钟涨速: +6.13%, 币种数: 27, 上涨占比: 96.3% (26↑/1↓)
[等待] 下次采集时间: 09:54:46

[2026-03-16 09:54:56] 开始采集...
[价格] BTC: 72821.9
[价格] ETH: 2189.03
[价格] XRP: 1.4489
[价格] BNB: 676.5
[价格] SOL: 92.17
[价格] LTC: 56.27
[价格] DOGE: 0.09783
[价格] SUI: 1.0268
[价格] TRX: 0.29785
[价格] TON: 1.317
[价格] ETC: 8.511
[价格] BCH: 467.9
[价格] HBAR: 0.0962
[价格] XLM: 0.16815
[价格] FIL: 0.8983
[价格] LINK: 9.526
[价格] CRO: 0.0781
[价格] DOT: 1.445
[价格] AAVE: 117.16
[价格] UNI: 4.098
[价格] NEAR: 1.3676
[价格] APT: 0.9389
[价格] CFX: 0.06242
[价格] CRV: 0.2425
[价格] STX: 0.2571
[价格] LDO: 0.3108
[价格] TAO: 276.0
✅ [数据完整] 成功获取全部 27/27 个币种的数据
[保存] 数据已写入 /home/user/webapp/data/coin_change_tracker/coin_change_20260316.jsonl
[保存] 涨速数据已写入 /home/user/webapp/data/coin_change_tracker/velocity_20260316.jsonl
[统计] 总涨跌幅: 63.58%, 5分钟涨速: +6.86%, 币种数: 27, 上涨占比: 96.3% (26↑/1↓)
[等待] 下次采集时间: 09:55:56

[2026-03-16 09:56:06] 开始采集...
[价格] BTC: 72743.0
[价格] ETH: 2186.52
[价格] XRP: 1.4474
[价格] BNB: 676.0
[价格] SOL: 92.12
[价格] LTC: 56.25
[价格] DOGE: 0.0977
[价格] SUI: 1.0253
[价格] TRX: 0.29785
[价格] TON: 1.317
[价格] ETC: 8.504
[价格] BCH: 467.8
[价格] HBAR: 0.09612
[价格] XLM: 0.16793
[价格] FIL: 0.897
[价格] LINK: 9.516
[价格] CRO: 0.07807
[价格] DOT: 1.442
[价格] AAVE: 116.95
[价格] UNI: 4.093
[价格] NEAR: 1.3661
[价格] APT: 0.9374
[价格] CFX: 0.06231
[价格] CRV: 0.2424
[价格] STX: 0.2568
[价格] LDO: 0.3103
[价格] TAO: 275.2
✅ [数据完整] 成功获取全部 27/27 个币种的数据
[保存] 数据已写入 /home/user/webapp/data/coin_change_tracker/coin_change_20260316.jsonl
[保存] 涨速数据已写入 /home/user/webapp/data/coin_change_tracker/velocity_20260316.jsonl
[统计] 总涨跌幅: 60.57%, 5分钟涨速: +2.70%, 币种数: 27, 上涨占比: 92.6% (25↑/2↓)
[等待] 下次采集时间: 09:57:06

[2026-03-16 09:57:15] 开始采集...
[价格] BTC: 72759.9
[价格] ETH: 2187.71
[价格] XRP: 1.4477
[价格] BNB: 676.4
[价格] SOL: 92.14
[价格] LTC: 56.26
[价格] DOGE: 0.0978
[价格] SUI: 1.0254
[价格] TRX: 0.29775
[价格] TON: 1.319
[价格] ETC: 8.509
[价格] BCH: 467.9
[价格] HBAR: 0.0961
[价格] XLM: 0.16798
[价格] FIL: 0.8976
[价格] LINK: 9.524
[价格] CRO: 0.07811
[价格] DOT: 1.443
[价格] AAVE: 116.99
[价格] UNI: 4.097
[价格] NEAR: 1.3677
[价格] APT: 0.9375
[价格] CFX: 0.06225
[价格] CRV: 0.2424
[价格] STX: 0.2568
[价格] LDO: 0.3105
[价格] TAO: 275.4
✅ [数据完整] 成功获取全部 27/27 个币种的数据
[保存] 数据已写入 /home/user/webapp/data/coin_change_tracker/coin_change_20260316.jsonl
[保存] 涨速数据已写入 /home/user/webapp/data/coin_change_tracker/velocity_20260316.jsonl
[统计] 总涨跌幅: 61.69%, 5分钟涨速: +3.59%, 币种数: 27, 上涨占比: 92.6% (25↑/2↓)
[等待] 下次采集时间: 09:58:15

[2026-03-16 09:58:25] 开始采集...
[价格] BTC: 72708.9
[价格] ETH: 2185.1
[价格] XRP: 1.4468
[价格] BNB: 675.9
[价格] SOL: 92.04
[价格] LTC: 56.19
[价格] DOGE: 0.09765
[价格] SUI: 1.0236
[价格] TRX: 0.29775
[价格] TON: 1.32
[价格] ETC: 8.51
[价格] BCH: 467.7
[价格] HBAR: 0.09601
[价格] XLM: 0.16785
[价格] FIL: 0.8973
[价格] LINK: 9.511
[价格] CRO: 0.07808
[价格] DOT: 1.443
[价格] AAVE: 116.81
[价格] UNI: 4.091
[价格] NEAR: 1.3675
[价格] APT: 0.9369
[价格] CFX: 0.0623
[价格] CRV: 0.2421
[价格] STX: 0.2567
[价格] LDO: 0.3102
[价格] TAO: 276.1
[RSI] 开始采集5分钟RSI数据...
[RSI] BTC: 56.29
[RSI] ETH: 64.53
[RSI] XRP: 49.52
[RSI] BNB: 65.35
[RSI] SOL: 47.53
[RSI] LTC: 51.02
[RSI] DOGE: 48.39
[RSI] SUI: 54.42
[RSI] TRX: 47.71
[RSI] TON: 84.62
[RSI] ETC: 59.68
[RSI] BCH: 50.0
[RSI] HBAR: 48.21
[RSI] XLM: 45.22
[RSI] FIL: 65.19
[RSI] LINK: 60.38
[RSI] CRO: 60.71
[RSI] DOT: 57.58
[RSI] AAVE: 52.19
[RSI] UNI: 62.28
[RSI] NEAR: 74.55
[RSI] APT: 58.44
[RSI] CFX: 57.58
[RSI] CRV: 47.5
[RSI] STX: 56.67
[RSI] LDO: 58.82
[RSI] TAO: 37.5
[RSI] 成功采集 27/27 个币种，RSI之和: 1521.88
[保存] RSI数据已写入 /home/user/webapp/data/coin_change_tracker/rsi_20260316.jsonl
✅ [数据完整] 成功获取全部 27/27 个币种的数据
[保存] 数据已写入 /home/user/webapp/data/coin_change_tracker/coin_change_20260316.jsonl
[保存] 涨速数据已写入 /home/user/webapp/data/coin_change_tracker/velocity_20260316.jsonl
[统计] 总涨跌幅: 60.11%, 5分钟涨速: -0.30%, 币种数: 27, 上涨占比: 96.3% (26↑/1↓), RSI之和: 1521.88
[等待] 下次采集时间: 09:59:25

[2026-03-16 09:59:44] 开始采集...
[价格] BTC: 72703.8
[价格] ETH: 2184.29
[价格] XRP: 1.4459
[价格] BNB: 675.6
[价格] SOL: 92.04
[价格] LTC: 56.17
[价格] DOGE: 0.09759
[价格] SUI: 1.0229
[价格] TRX: 0.29776
[价格] TON: 1.318
[价格] ETC: 8.503
[价格] BCH: 467.7
[价格] HBAR: 0.09593
[价格] XLM: 0.16777
[价格] FIL: 0.8967
[价格] LINK: 9.512
[价格] CRO: 0.07806
[价格] DOT: 1.442
[价格] AAVE: 116.83
[价格] UNI: 4.094
[价格] NEAR: 1.3654
[价格] APT: 0.9368
[价格] CFX: 0.06238
[价格] CRV: 0.2421
[价格] STX: 0.2566
[价格] LDO: 0.3103
[价格] TAO: 276.0
✅ [数据完整] 成功获取全部 27/27 个币种的数据
[保存] 数据已写入 /home/user/webapp/data/coin_change_tracker/coin_change_20260316.jsonl
[保存] 涨速数据已写入 /home/user/webapp/data/coin_change_tracker/velocity_20260316.jsonl
[统计] 总涨跌幅: 59.28%, 5分钟涨速: -4.30%, 币种数: 27, 上涨占比: 96.3% (26↑/1↓)
[等待] 下次采集时间: 10:00:44

[2026-03-16 10:00:53] 开始采集...
[价格] BTC: 72685.0
[价格] ETH: 2182.98
[价格] XRP: 1.4454
[价格] BNB: 675.2
[价格] SOL: 92.02
[价格] LTC: 56.12
[价格] DOGE: 0.09752
[价格] SUI: 1.0213
[价格] TRX: 0.29777
[价格] TON: 1.317
[价格] ETC: 8.502
[价格] BCH: 467.4
[价格] HBAR: 0.09588
[价格] XLM: 0.16767
[价格] FIL: 0.8976
[价格] LINK: 9.502
[价格] CRO: 0.07794
[价格] DOT: 1.441
[价格] AAVE: 116.74
[价格] UNI: 4.089
[价格] NEAR: 1.3615
[价格] APT: 0.936
[价格] CFX: 0.06255
[价格] CRV: 0.2424
[价格] STX: 0.2563
[价格] LDO: 0.3101
[价格] TAO: 276.4
✅ [数据完整] 成功获取全部 27/27 个币种的数据
[保存] 数据已写入 /home/user/webapp/data/coin_change_tracker/coin_change_20260316.jsonl
[保存] 涨速数据已写入 /home/user/webapp/data/coin_change_tracker/velocity_20260316.jsonl
[统计] 总涨跌幅: 58.05%, 5分钟涨速: -2.52%, 币种数: 27, 上涨占比: 96.3% (26↑/1↓)
[等待] 下次采集时间: 10:01:53

[2026-03-16 10:02:03] 开始采集...
[价格] BTC: 72695.3
[价格] ETH: 2184.29
[价格] XRP: 1.4463
[价格] BNB: 675.1
[价格] SOL: 92.07
[价格] LTC: 56.13
[价格] DOGE: 0.09764
[价格] SUI: 1.0217
[价格] TRX: 0.29777
[价格] TON: 1.319
[价格] ETC: 8.501
[价格] BCH: 467.7
[价格] HBAR: 0.09588
[价格] XLM: 0.16782
[价格] FIL: 0.8976
[价格] LINK: 9.5
[价格] CRO: 0.07793
[价格] DOT: 1.441
[价格] AAVE: 116.74
[价格] UNI: 4.092
[价格] NEAR: 1.363
[价格] APT: 0.9358
[价格] CFX: 0.06263
[价格] CRV: 0.2423
[价格] STX: 0.2562
[价格] LDO: 0.3101
[价格] TAO: 276.3
✅ [数据完整] 成功获取全部 27/27 个币种的数据
[保存] 数据已写入 /home/user/webapp/data/coin_change_tracker/coin_change_20260316.jsonl
[保存] 涨速数据已写入 /home/user/webapp/data/coin_change_tracker/velocity_20260316.jsonl
[统计] 总涨跌幅: 58.84%, 5分钟涨速: -2.85%, 币种数: 27, 上涨占比: 96.3% (26↑/1↓)
[等待] 下次采集时间: 10:03:03

[2026-03-16 10:03:12] 开始采集...
[价格] BTC: 72709.2
[价格] ETH: 2183.56
[价格] XRP: 1.4456
[价格] BNB: 675.1
[价格] SOL: 92.07
[价格] LTC: 56.15
[价格] DOGE: 0.09768
[价格] SUI: 1.0214
[价格] TRX: 0.29778
[价格] TON: 1.318
[价格] ETC: 8.508
[价格] BCH: 467.8
[价格] HBAR: 0.09592
[价格] XLM: 0.16796
[价格] FIL: 0.8981
[价格] LINK: 9.502
[价格] CRO: 0.07787
[价格] DOT: 1.442
[价格] AAVE: 116.87
[价格] UNI: 4.093
[价格] NEAR: 1.3658
[价格] APT: 0.937
[价格] CFX: 0.06275
[价格] CRV: 0.2424
[价格] STX: 0.2566
[价格] LDO: 0.3103
[价格] TAO: 275.5
✅ [数据完整] 成功获取全部 27/27 个币种的数据
[保存] 数据已写入 /home/user/webapp/data/coin_change_tracker/coin_change_20260316.jsonl
[保存] 涨速数据已写入 /home/user/webapp/data/coin_change_tracker/velocity_20260316.jsonl
[统计] 总涨跌幅: 59.74%, 5分钟涨速: -0.37%, 币种数: 27, 上涨占比: 92.6% (25↑/2↓)
[等待] 下次采集时间: 10:04:12

[2026-03-16 10:04:22] 开始采集...
[价格] BTC: 72778.6
[价格] ETH: 2185.68
[价格] XRP: 1.447
[价格] BNB: 676.1
[价格] SOL: 92.16
[价格] LTC: 56.21
[价格] DOGE: 0.09785
[价格] SUI: 1.0224
[价格] TRX: 0.29793
[价格] TON: 1.318
[价格] ETC: 8.526
[价格] BCH: 468.2
[价格] HBAR: 0.09599
[价格] XLM: 0.1682
[价格] FIL: 0.8985
[价格] LINK: 9.519
[价格] CRO: 0.07794
[价格] DOT: 1.445
[价格] AAVE: 117.13
[价格] UNI: 4.1
[价格] NEAR: 1.3683
[价格] APT: 0.9389
[价格] CFX: 0.06268
[价格] CRV: 0.2427
[价格] STX: 0.2566
[价格] LDO: 0.3108
[价格] TAO: 277.1
[RSI] 开始采集5分钟RSI数据...
[RSI] BTC: 59.99
[RSI] ETH: 65.99
[RSI] XRP: 52.8
[RSI] BNB: 65.93
[RSI] SOL: 51.72
[RSI] LTC: 51.92
[RSI] DOGE: 50.0
[RSI] SUI: 53.47
[RSI] TRX: 60.0
[RSI] TON: 81.82
[RSI] ETC: 60.29
[RSI] BCH: 52.81
[RSI] HBAR: 48.6
[RSI] XLM: 50.86
[RSI] FIL: 66.67
[RSI] LINK: 63.32
[RSI] CRO: 53.97
[RSI] DOT: 62.86
[RSI] AAVE: 55.53
[RSI] UNI: 65.25
[RSI] NEAR: 69.92
[RSI] APT: 60.87
[RSI] CFX: 67.16
[RSI] CRV: 55.32
[RSI] STX: 55.74
[RSI] LDO: 61.43
[RSI] TAO: 53.98
[RSI] 成功采集 27/27 个币种，RSI之和: 1598.22
[保存] RSI数据已写入 /home/user/webapp/data/coin_change_tracker/rsi_20260316.jsonl
✅ [数据完整] 成功获取全部 27/27 个币种的数据
[保存] 数据已写入 /home/user/webapp/data/coin_change_tracker/coin_change_20260316.jsonl
[保存] 涨速数据已写入 /home/user/webapp/data/coin_change_tracker/velocity_20260316.jsonl
[统计] 总涨跌幅: 63.36%, 5分钟涨速: +4.08%, 币种数: 27, 上涨占比: 96.3% (26↑/1↓), RSI之和: 1598.22
[等待] 下次采集时间: 10:05:22

[2026-03-16 10:05:41] 开始采集...
[价格] BTC: 72802.4
[价格] ETH: 2186.42
[价格] XRP: 1.4486
[价格] BNB: 676.1
[价格] SOL: 92.2
[价格] LTC: 56.23
[价格] DOGE: 0.09791
[价格] SUI: 1.0227
[价格] TRX: 0.29792
[价格] TON: 1.32
[价格] ETC: 8.527
[价格] BCH: 468.1
[价格] HBAR: 0.09599
[价格] XLM: 0.16826
[价格] FIL: 0.8993
[价格] LINK: 9.526
[价格] CRO: 0.07795
[价格] DOT: 1.445
[价格] AAVE: 117.14
[价格] UNI: 4.1
[价格] NEAR: 1.3669
[价格] APT: 0.9379
[价格] CFX: 0.06278
[价格] CRV: 0.2429
[价格] STX: 0.2566
[价格] LDO: 0.3108
[价格] TAO: 276.6
✅ [数据完整] 成功获取全部 27/27 个币种的数据
[保存] 数据已写入 /home/user/webapp/data/coin_change_tracker/coin_change_20260316.jsonl
[保存] 涨速数据已写入 /home/user/webapp/data/coin_change_tracker/velocity_20260316.jsonl
[统计] 总涨跌幅: 63.91%, 5分钟涨速: +5.86%, 币种数: 27, 上涨占比: 96.3% (26↑/1↓)
[等待] 下次采集时间: 10:06:41

[2026-03-16 10:06:50] 开始采集...
[价格] BTC: 72739.2
[价格] ETH: 2183.97
[价格] XRP: 1.447
[价格] BNB: 675.6
[价格] SOL: 92.09
[价格] LTC: 56.17
[价格] DOGE: 0.0978
[价格] SUI: 1.0214
[价格] TRX: 0.29782
[价格] TON: 1.32
[价格] ETC: 8.525
[价格] BCH: 467.7
[价格] HBAR: 0.09589
[价格] XLM: 0.16801
[价格] FIL: 0.8986
[价格] LINK: 9.515
[价格] CRO: 0.07795
[价格] DOT: 1.444
[价格] AAVE: 117.06
[价格] UNI: 4.095
[价格] NEAR: 1.3706
[价格] APT: 0.9378
[价格] CFX: 0.06292
[价格] CRV: 0.2424
[价格] STX: 0.2566
[价格] LDO: 0.3106
[价格] TAO: 276.4
✅ [数据完整] 成功获取全部 27/27 个币种的数据
[保存] 数据已写入 /home/user/webapp/data/coin_change_tracker/coin_change_20260316.jsonl
[保存] 涨速数据已写入 /home/user/webapp/data/coin_change_tracker/velocity_20260316.jsonl
[统计] 总涨跌幅: 62.30%, 5分钟涨速: +3.46%, 币种数: 27, 上涨占比: 96.3% (26↑/1↓)
[等待] 下次采集时间: 10:07:50

[2026-03-16 10:08:00] 开始采集...
[价格] BTC: 72724.9
[价格] ETH: 2183.05
[价格] XRP: 1.4468
[价格] BNB: 675.5
[价格] SOL: 92.12
[价格] LTC: 56.19
[价格] DOGE: 0.09785
[价格] SUI: 1.0217
[价格] TRX: 0.29781
[价格] TON: 1.321
[价格] ETC: 8.526
[价格] BCH: 467.9
[价格] HBAR: 0.09592
[价格] XLM: 0.16805
[价格] FIL: 0.8983
[价格] LINK: 9.514
[价格] CRO: 0.07798
[价格] DOT: 1.444
[价格] AAVE: 117.12
[价格] UNI: 4.097
[价格] NEAR: 1.3706
[价格] APT: 0.9377
[价格] CFX: 0.06282
[价格] CRV: 0.2425
[价格] STX: 0.2566
[价格] LDO: 0.3105
[价格] TAO: 276.8
✅ [数据完整] 成功获取全部 27/27 个币种的数据
[保存] 数据已写入 /home/user/webapp/data/coin_change_tracker/coin_change_20260316.jsonl
[保存] 涨速数据已写入 /home/user/webapp/data/coin_change_tracker/velocity_20260316.jsonl
[统计] 总涨跌幅: 62.64%, 5分钟涨速: +2.90%, 币种数: 27, 上涨占比: 96.3% (26↑/1↓)
[等待] 下次采集时间: 10:09:00

[2026-03-16 10:09:09] 开始采集...
[价格] BTC: 72750.5
[价格] ETH: 2182.52
[价格] XRP: 1.4458
[价格] BNB: 675.5
[价格] SOL: 92.15
[价格] LTC: 56.18
[价格] DOGE: 0.09785
[价格] SUI: 1.0224
[价格] TRX: 0.29781
[价格] TON: 1.321
[价格] ETC: 8.53
[价格] BCH: 467.8
[价格] HBAR: 0.09593
[价格] XLM: 0.16794
[价格] FIL: 0.8985
[价格] LINK: 9.516
[价格] CRO: 0.07797
[价格] DOT: 1.445
[价格] AAVE: 117.17
[价格] UNI: 4.097
[价格] NEAR: 1.3714
[价格] APT: 0.9383
[价格] CFX: 0.06283
[价格] CRV: 0.2426
[价格] STX: 0.2566
[价格] LDO: 0.3106
[价格] TAO: 276.9
✅ [数据完整] 成功获取全部 27/27 个币种的数据
[保存] 数据已写入 /home/user/webapp/data/coin_change_tracker/coin_change_20260316.jsonl
[保存] 涨速数据已写入 /home/user/webapp/data/coin_change_tracker/velocity_20260316.jsonl
[统计] 总涨跌幅: 63.01%, 5分钟涨速: -0.35%, 币种数: 27, 上涨占比: 96.3% (26↑/1↓)
[等待] 下次采集时间: 10:10:09

[2026-03-16 10:10:19] 开始采集...
[价格] BTC: 72762.7
[价格] ETH: 2182.53
[价格] XRP: 1.4453
[价格] BNB: 675.3
[价格] SOL: 92.12
[价格] LTC: 56.16
[价格] DOGE: 0.09782
[价格] SUI: 1.0219
[价格] TRX: 0.29782
[价格] TON: 1.321
[价格] ETC: 8.522
[价格] BCH: 467.9
[价格] HBAR: 0.0959
[价格] XLM: 0.16776
[价格] FIL: 0.8983
[价格] LINK: 9.509
[价格] CRO: 0.07795
[价格] DOT: 1.443
[价格] AAVE: 117.15
[价格] UNI: 4.097
[价格] NEAR: 1.3702
[价格] APT: 0.9378
[价格] CFX: 0.06246
[价格] CRV: 0.2427
[价格] STX: 0.2565
[价格] LDO: 0.3105
[价格] TAO: 278.2
[RSI] 开始采集5分钟RSI数据...
[RSI] BTC: 68.56
[RSI] ETH: 65.15
[RSI] XRP: 53.77
[RSI] BNB: 65.93
[RSI] SOL: 57.55
[RSI] LTC: 56.12
[RSI] DOGE: 53.47
[RSI] SUI: 59.39
[RSI] TRX: 57.98
[RSI] TON: 83.33
[RSI] ETC: 62.56
[RSI] BCH: 62.67
[RSI] HBAR: 49.72
[RSI] XLM: 48.46
[RSI] FIL: 66.47
[RSI] LINK: 63.85
[RSI] CRO: 58.33
[RSI] DOT: 64.71
[RSI] AAVE: 63.79
[RSI] UNI: 69.09
[RSI] NEAR: 71.93
[RSI] APT: 66.37
[RSI] CFX: 60.22
[RSI] CRV: 56.25
[RSI] STX: 56.0
[RSI] LDO: 61.19
[RSI] TAO: 58.7
[RSI] 成功采集 27/27 个币种，RSI之和: 1661.56
[保存] RSI数据已写入 /home/user/webapp/data/coin_change_tracker/rsi_20260316.jsonl
✅ [数据完整] 成功获取全部 27/27 个币种的数据
[保存] 数据已写入 /home/user/webapp/data/coin_change_tracker/coin_change_20260316.jsonl
[保存] 涨速数据已写入 /home/user/webapp/data/coin_change_tracker/velocity_20260316.jsonl
[统计] 总涨跌幅: 62.01%, 5分钟涨速: -1.90%, 币种数: 27, 上涨占比: 96.3% (26↑/1↓), RSI之和: 1661.56
[等待] 下次采集时间: 10:11:19

[2026-03-16 10:11:38] 开始采集...
[价格] BTC: 72745.5
[价格] ETH: 2181.4
[价格] XRP: 1.4444
[价格] BNB: 675.0
[价格] SOL: 92.12
[价格] LTC: 56.15
[价格] DOGE: 0.09784
[价格] SUI: 1.0209
[价格] TRX: 0.29781
[价格] TON: 1.322
[价格] ETC: 8.525
[价格] BCH: 467.8
[价格] HBAR: 0.09593
[价格] XLM: 0.1678
[价格] FIL: 0.8982
[价格] LINK: 9.508
[价格] CRO: 0.07792
[价格] DOT: 1.443
[价格] AAVE: 117.01
[价格] UNI: 4.096
[价格] NEAR: 1.3713
[价格] APT: 0.9371
[价格] CFX: 0.06259
[价格] CRV: 0.2426
[价格] STX: 0.2565
[价格] LDO: 0.3105
[价格] TAO: 277.1
✅ [数据完整] 成功获取全部 27/27 个币种的数据
[保存] 数据已写入 /home/user/webapp/data/coin_change_tracker/coin_change_20260316.jsonl
[保存] 涨速数据已写入 /home/user/webapp/data/coin_change_tracker/velocity_20260316.jsonl
[统计] 总涨跌幅: 61.44%, 5分钟涨速: -0.86%, 币种数: 27, 上涨占比: 96.3% (26↑/1↓)
[等待] 下次采集时间: 10:12:38

[2026-03-16 10:12:49] 开始采集...
[价格] BTC: 72690.7
[价格] ETH: 2179.5
[价格] XRP: 1.4429
[价格] BNB: 674.5
[价格] SOL: 92.04
[价格] LTC: 56.11
[价格] DOGE: 0.0978
[价格] SUI: 1.0202
[价格] TRX: 0.29781
[价格] TON: 1.32
[价格] ETC: 8.516
[价格] BCH: 467.5
[价格] HBAR: 0.09594
[价格] XLM: 0.16773
[价格] FIL: 0.8978
[价格] LINK: 9.501
[价格] CRO: 0.07787
[价格] DOT: 1.442
[价格] AAVE: 116.97
[价格] UNI: 4.093
[价格] NEAR: 1.3712
[价格] APT: 0.9365
[价格] CFX: 0.06237
[价格] CRV: 0.2425
[价格] STX: 0.2564
[价格] LDO: 0.3102
[价格] TAO: 276.7
✅ [数据完整] 成功获取全部 27/27 个币种的数据
[保存] 数据已写入 /home/user/webapp/data/coin_change_tracker/coin_change_20260316.jsonl
[保存] 涨速数据已写入 /home/user/webapp/data/coin_change_tracker/velocity_20260316.jsonl
[统计] 总涨跌幅: 59.35%, 5分钟涨速: -3.29%, 币种数: 27, 上涨占比: 96.3% (26↑/1↓)
[等待] 下次采集时间: 10:13:49

[2026-03-16 10:13:58] 开始采集...
[价格] BTC: 72653.1
[价格] ETH: 2178.59
[价格] XRP: 1.4429
[价格] BNB: 674.1
[价格] SOL: 92.02
[价格] LTC: 56.11
[价格] DOGE: 0.09781
[价格] SUI: 1.02
[价格] TRX: 0.29782
[价格] TON: 1.319
[价格] ETC: 8.507
[价格] BCH: 467.2
[价格] HBAR: 0.09589
[价格] XLM: 0.16769
[价格] FIL: 0.8974
[价格] LINK: 9.492
[价格] CRO: 0.07784
[价格] DOT: 1.442
[价格] AAVE: 116.94
[价格] UNI: 4.09
[价格] NEAR: 1.3689
[价格] APT: 0.936
[价格] CFX: 0.06251
[价格] CRV: 0.2424
[价格] STX: 0.2563
[价格] LDO: 0.3101
[价格] TAO: 276.9
✅ [数据完整] 成功获取全部 27/27 个币种的数据
[保存] 数据已写入 /home/user/webapp/data/coin_change_tracker/coin_change_20260316.jsonl
[保存] 涨速数据已写入 /home/user/webapp/data/coin_change_tracker/velocity_20260316.jsonl
[统计] 总涨跌幅: 58.51%, 5分钟涨速: -4.50%, 币种数: 27, 上涨占比: 96.3% (26↑/1↓)
[等待] 下次采集时间: 10:14:58

[2026-03-16 10:15:08] 开始采集...
[价格] BTC: 72678.6
[价格] ETH: 2179.99
[价格] XRP: 1.4428
[价格] BNB: 674.4
[价格] SOL: 92.01
[价格] LTC: 56.13
[价格] DOGE: 0.09786
[价格] SUI: 1.0205
[价格] TRX: 0.29782
[价格] TON: 1.318
[价格] ETC: 8.517
[价格] BCH: 467.3
[价格] HBAR: 0.09592
[价格] XLM: 0.16772
[价格] FIL: 0.8982
[价格] LINK: 9.503
[价格] CRO: 0.07781
[价格] DOT: 1.443
[价格] AAVE: 116.99
[价格] UNI: 4.092
[价格] NEAR: 1.3704
[价格] APT: 0.9371
[价格] CFX: 0.06241
[价格] CRV: 0.2424
[价格] STX: 0.2565
[价格] LDO: 0.3104
[价格] TAO: 277.0
✅ [数据完整] 成功获取全部 27/27 个币种的数据
[保存] 数据已写入 /home/user/webapp/data/coin_change_tracker/coin_change_20260316.jsonl
[保存] 涨速数据已写入 /home/user/webapp/data/coin_change_tracker/velocity_20260316.jsonl
[统计] 总涨跌幅: 59.51%, 5分钟涨速: -2.50%, 币种数: 27, 上涨占比: 96.3% (26↑/1↓)
[等待] 下次采集时间: 10:16:08

[2026-03-16 10:16:17] 开始采集...
[价格] BTC: 72575.1
[价格] ETH: 2176.45
[价格] XRP: 1.4395
[价格] BNB: 673.4
[价格] SOL: 91.77
[价格] LTC: 56.01
[价格] DOGE: 0.09762
[价格] SUI: 1.0168
[价格] TRX: 0.29759
[价格] TON: 1.319
[价格] ETC: 8.498
[价格] BCH: 466.6
[价格] HBAR: 0.09567
[价格] XLM: 0.16732
[价格] FIL: 0.8963
[价格] LINK: 9.474
[价格] CRO: 0.07771
[价格] DOT: 1.439
[价格] AAVE: 116.63
[价格] UNI: 4.079
[价格] NEAR: 1.3662
[价格] APT: 0.9347
[价格] CFX: 0.06232
[价格] CRV: 0.2418
[价格] STX: 0.2561
[价格] LDO: 0.3095
[价格] TAO: 276.3
[RSI] 开始采集5分钟RSI数据...
[RSI] BTC: 57.37
[RSI] ETH: 57.37
[RSI] XRP: 43.47
[RSI] BNB: 56.95
[RSI] SOL: 47.92
[RSI] LTC: 48.67
[RSI] DOGE: 48.86
[RSI] SUI: 50.16
[RSI] TRX: 49.31
[RSI] TON: 66.67
[RSI] ETC: 54.05
[RSI] BCH: 53.49
[RSI] HBAR: 42.79
[RSI] XLM: 42.92
[RSI] FIL: 62.71
[RSI] LINK: 56.69
[RSI] CRO: 51.09
[RSI] DOT: 56.76
[RSI] AAVE: 54.78
[RSI] UNI: 58.59
[RSI] NEAR: 63.88
[RSI] APT: 58.5
[RSI] CFX: 54.74
[RSI] CRV: 45.45
[RSI] STX: 50.0
[RSI] LDO: 56.16
[RSI] TAO: 48.45
[RSI] 成功采集 27/27 个币种，RSI之和: 1437.8
[保存] RSI数据已写入 /home/user/webapp/data/coin_change_tracker/rsi_20260316.jsonl
✅ [数据完整] 成功获取全部 27/27 个币种的数据
[保存] 数据已写入 /home/user/webapp/data/coin_change_tracker/coin_change_20260316.jsonl
[保存] 涨速数据已写入 /home/user/webapp/data/coin_change_tracker/velocity_20260316.jsonl
[统计] 总涨跌幅: 53.50%, 5分钟涨速: -7.94%, 币种数: 27, 上涨占比: 96.3% (26↑/1↓), RSI之和: 1437.8
[等待] 下次采集时间: 10:17:17

[2026-03-16 10:17:36] 开始采集...
[价格] BTC: 72597.8
[价格] ETH: 2178.22
[价格] XRP: 1.44
[价格] BNB: 673.5
[价格] SOL: 91.82
[价格] LTC: 56.01
[价格] DOGE: 0.09771
[价格] SUI: 1.0175
[价格] TRX: 0.29746
[价格] TON: 1.319
[价格] ETC: 8.5
[价格] BCH: 466.7
[价格] HBAR: 0.09575
[价格] XLM: 0.16736
[价格] FIL: 0.8962
[价格] LINK: 9.483
[价格] CRO: 0.07771
[价格] DOT: 1.438
[价格] AAVE: 116.64
[价格] UNI: 4.079
[价格] NEAR: 1.3644
[价格] APT: 0.9342
[价格] CFX: 0.06231
[价格] CRV: 0.2419
[价格] STX: 0.2561
[价格] LDO: 0.3096
[价格] TAO: 275.9
✅ [数据完整] 成功获取全部 27/27 个币种的数据
[保存] 数据已写入 /home/user/webapp/data/coin_change_tracker/coin_change_20260316.jsonl
[保存] 涨速数据已写入 /home/user/webapp/data/coin_change_tracker/velocity_20260316.jsonl
[统计] 总涨跌幅: 53.77%, 5分钟涨速: -5.58%, 币种数: 27, 上涨占比: 96.3% (26↑/1↓)
[等待] 下次采集时间: 10:18:36

[2026-03-16 10:18:46] 开始采集...
[价格] BTC: 72572.0
[价格] ETH: 2177.46
[价格] XRP: 1.4403
[价格] BNB: 673.4
[价格] SOL: 91.78
[价格] LTC: 56.02
[价格] DOGE: 0.09778
[价格] SUI: 1.0173
[价格] TRX: 0.29746
[价格] TON: 1.319
[价格] ETC: 8.504
[价格] BCH: 466.8
[价格] HBAR: 0.09577
[价格] XLM: 0.16744
[价格] FIL: 0.8956
[价格] LINK: 9.483
[价格] CRO: 0.07767
[价格] DOT: 1.439
[价格] AAVE: 116.72
[价格] UNI: 4.081
[价格] NEAR: 1.3656
[价格] APT: 0.9345
[价格] CFX: 0.06233
[价格] CRV: 0.2419
[价格] STX: 0.2561
[价格] LDO: 0.3097
[价格] TAO: 276.6
✅ [数据完整] 成功获取全部 27/27 个币种的数据
[保存] 数据已写入 /home/user/webapp/data/coin_change_tracker/coin_change_20260316.jsonl
[保存] 涨速数据已写入 /home/user/webapp/data/coin_change_tracker/velocity_20260316.jsonl
[统计] 总涨跌幅: 54.39%, 5分钟涨速: -4.12%, 币种数: 27, 上涨占比: 96.3% (26↑/1↓)
[等待] 下次采集时间: 10:19:46

[2026-03-16 10:19:55] 开始采集...
[价格] BTC: 72556.9
[价格] ETH: 2177.13
[价格] XRP: 1.4399
[价格] BNB: 673.2
[价格] SOL: 91.72
[价格] LTC: 55.96
[价格] DOGE: 0.09758
[价格] SUI: 1.0161
[价格] TRX: 0.29747
[价格] TON: 1.318
[价格] ETC: 8.494
[价格] BCH: 466.8
[价格] HBAR: 0.09574
[价格] XLM: 0.16724
[价格] FIL: 0.894
[价格] LINK: 9.465
[价格] CRO: 0.07764
[价格] DOT: 1.437
[价格] AAVE: 116.6
[价格] UNI: 4.079
[价格] NEAR: 1.3661
[价格] APT: 0.9327
[价格] CFX: 0.06237
[价格] CRV: 0.2418
[价格] STX: 0.2559
[价格] LDO: 0.3094
[价格] TAO: 276.0
✅ [数据完整] 成功获取全部 27/27 个币种的数据
[保存] 数据已写入 /home/user/webapp/data/coin_change_tracker/coin_change_20260316.jsonl
[保存] 涨速数据已写入 /home/user/webapp/data/coin_change_tracker/velocity_20260316.jsonl
[统计] 总涨跌幅: 52.20%, 5分钟涨速: -7.31%, 币种数: 27, 上涨占比: 96.3% (26↑/1↓)
[等待] 下次采集时间: 10:20:55

[2026-03-16 10:21:05] 开始采集...
[价格] BTC: 72547.2
[价格] ETH: 2177.37
[价格] XRP: 1.4392
[价格] BNB: 672.8
[价格] SOL: 91.73
[价格] LTC: 55.93
[价格] DOGE: 0.09747
[价格] SUI: 1.0155
[价格] TRX: 0.29746
[价格] TON: 1.318
[价格] ETC: 8.487
[价格] BCH: 466.7
[价格] HBAR: 0.09562
[价格] XLM: 0.16717
[价格] FIL: 0.8937
[价格] LINK: 9.466
[价格] CRO: 0.07755
[价格] DOT: 1.435
[价格] AAVE: 116.48
[价格] UNI: 4.074
[价格] NEAR: 1.3644
[价格] APT: 0.932
[价格] CFX: 0.06227
[价格] CRV: 0.2416
[价格] STX: 0.2557
[价格] LDO: 0.3092
[价格] TAO: 274.9
✅ [数据完整] 成功获取全部 27/27 个币种的数据
[保存] 数据已写入 /home/user/webapp/data/coin_change_tracker/coin_change_20260316.jsonl
[保存] 涨速数据已写入 /home/user/webapp/data/coin_change_tracker/velocity_20260316.jsonl
[统计] 总涨跌幅: 50.07%, 5分钟涨速: -3.43%, 币种数: 27, 上涨占比: 88.9% (24↑/3↓)
[等待] 下次采集时间: 10:22:05

[2026-03-16 10:22:14] 开始采集...
[价格] BTC: 72510.7
[价格] ETH: 2175.86
[价格] XRP: 1.438
[价格] BNB: 672.4
[价格] SOL: 91.62
[价格] LTC: 55.89
[价格] DOGE: 0.09736
[价格] SUI: 1.0147
[价格] TRX: 0.29759
[价格] TON: 1.319
[价格] ETC: 8.483
[价格] BCH: 466.5
[价格] HBAR: 0.09561
[价格] XLM: 0.16709
[价格] FIL: 0.8935
[价格] LINK: 9.457
[价格] CRO: 0.07757
[价格] DOT: 1.434
[价格] AAVE: 116.38
[价格] UNI: 4.07
[价格] NEAR: 1.3638
[价格] APT: 0.9319
[价格] CFX: 0.06224
[价格] CRV: 0.2415
[价格] STX: 0.2557
[价格] LDO: 0.3088
[价格] TAO: 274.8
[RSI] 开始采集5分钟RSI数据...
[RSI] BTC: 58.71
[RSI] ETH: 60.87
[RSI] XRP: 45.67
[RSI] BNB: 57.72
[RSI] SOL: 51.0
[RSI] LTC: 47.41
[RSI] DOGE: 49.81
[RSI] SUI: 51.32
[RSI] TRX: 50.0
[RSI] TON: 70.0
[RSI] ETC: 60.3
[RSI] BCH: 59.74
[RSI] HBAR: 47.51
[RSI] XLM: 45.29
[RSI] FIL: 60.0
[RSI] LINK: 58.33
[RSI] CRO: 51.85
[RSI] DOT: 53.85
[RSI] AAVE: 55.5
[RSI] UNI: 59.52
[RSI] NEAR: 65.28
[RSI] APT: 57.81
[RSI] CFX: 58.37
[RSI] CRV: 49.02
[RSI] STX: 52.0
[RSI] LDO: 56.16
[RSI] TAO: 43.12
[RSI] 成功采集 27/27 个币种，RSI之和: 1476.16
[保存] RSI数据已写入 /home/user/webapp/data/coin_change_tracker/rsi_20260316.jsonl
✅ [数据完整] 成功获取全部 27/27 个币种的数据
[保存] 数据已写入 /home/user/webapp/data/coin_change_tracker/coin_change_20260316.jsonl
[保存] 涨速数据已写入 /home/user/webapp/data/coin_change_tracker/velocity_20260316.jsonl
[统计] 总涨跌幅: 48.71%, 5分钟涨速: -5.06%, 币种数: 27, 上涨占比: 88.9% (24↑/3↓), RSI之和: 1476.16
[等待] 下次采集时间: 10:23:14

[2026-03-16 10:23:34] 开始采集...
[价格] BTC: 72486.7
[价格] ETH: 2175.67
[价格] XRP: 1.4382
[价格] BNB: 672.2
[价格] SOL: 91.58
[价格] LTC: 55.88
[价格] DOGE: 0.09734
[价格] SUI: 1.016
[价格] TRX: 0.2975
[价格] TON: 1.319
[价格] ETC: 8.483
[价格] BCH: 466.4
[价格] HBAR: 0.0956
[价格] XLM: 0.16709
[价格] FIL: 0.8937
[价格] LINK: 9.457
[价格] CRO: 0.07765
[价格] DOT: 1.435
[价格] AAVE: 116.38
[价格] UNI: 4.07
[价格] NEAR: 1.3614
[价格] APT: 0.9321
[价格] CFX: 0.06218
[价格] CRV: 0.2415
[价格] STX: 0.2557
[价格] LDO: 0.3089
[价格] TAO: 274.5
✅ [数据完整] 成功获取全部 27/27 个币种的数据
[保存] 数据已写入 /home/user/webapp/data/coin_change_tracker/coin_change_20260316.jsonl
[保存] 涨速数据已写入 /home/user/webapp/data/coin_change_tracker/velocity_20260316.jsonl
[统计] 总涨跌幅: 48.51%, 5分钟涨速: -5.88%, 币种数: 27, 上涨占比: 92.6% (25↑/2↓)
[等待] 下次采集时间: 10:24:34

[2026-03-16 10:24:43] 开始采集...
[价格] BTC: 72481.5
[价格] ETH: 2175.84
[价格] XRP: 1.4386
[价格] BNB: 672.2
[价格] SOL: 91.55
[价格] LTC: 55.89
[价格] DOGE: 0.09735
[价格] SUI: 1.0167
[价格] TRX: 0.29745
[价格] TON: 1.318
[价格] ETC: 8.487
[价格] BCH: 466.5
[价格] HBAR: 0.09559
[价格] XLM: 0.16718
[价格] FIL: 0.8945
[价格] LINK: 9.453
[价格] CRO: 0.07766
[价格] DOT: 1.435
[价格] AAVE: 116.43
[价格] UNI: 4.071
[价格] NEAR: 1.3627
[价格] APT: 0.9324
[价格] CFX: 0.06239
[价格] CRV: 0.2415
[价格] STX: 0.2555
[价格] LDO: 0.3091
[价格] TAO: 274.6
✅ [数据完整] 成功获取全部 27/27 个币种的数据
[保存] 数据已写入 /home/user/webapp/data/coin_change_tracker/coin_change_20260316.jsonl
[保存] 涨速数据已写入 /home/user/webapp/data/coin_change_tracker/velocity_20260316.jsonl
[统计] 总涨跌幅: 49.22%, 5分钟涨速: -2.98%, 币种数: 27, 上涨占比: 92.6% (25↑/2↓)
[等待] 下次采集时间: 10:25:43

[2026-03-16 10:25:53] 开始采集...
[价格] BTC: 72463.8
[价格] ETH: 2175.4
[价格] XRP: 1.4379
[价格] BNB: 672.2
[价格] SOL: 91.43
[价格] LTC: 55.88
[价格] DOGE: 0.09731
[价格] SUI: 1.0167
[价格] TRX: 0.2974
[价格] TON: 1.318
[价格] ETC: 8.481
[价格] BCH: 466.5
[价格] HBAR: 0.09555
[价格] XLM: 0.16716
[价格] FIL: 0.8939
[价格] LINK: 9.447
[价格] CRO: 0.07763
[价格] DOT: 1.435
[价格] AAVE: 116.44
[价格] UNI: 4.071
[价格] NEAR: 1.3617
[价格] APT: 0.9326
[价格] CFX: 0.06243
[价格] CRV: 0.2416
[价格] STX: 0.2556
[价格] LDO: 0.309
[价格] TAO: 274.3
✅ [数据完整] 成功获取全部 27/27 个币种的数据
[保存] 数据已写入 /home/user/webapp/data/coin_change_tracker/coin_change_20260316.jsonl
[保存] 涨速数据已写入 /home/user/webapp/data/coin_change_tracker/velocity_20260316.jsonl
[统计] 总涨跌幅: 48.61%, 5分钟涨速: -1.46%, 币种数: 27, 上涨占比: 92.6% (25↑/2↓)
[等待] 下次采集时间: 10:26:53

[2026-03-16 10:27:02] 开始采集...
[价格] BTC: 72409.7
[价格] ETH: 2172.15
[价格] XRP: 1.4366
[价格] BNB: 671.4
[价格] SOL: 91.31
[价格] LTC: 55.84
[价格] DOGE: 0.09718
[价格] SUI: 1.0156
[价格] TRX: 0.29733
[价格] TON: 1.317
[价格] ETC: 8.47
[价格] BCH: 465.8
[价格] HBAR: 0.09539
[价格] XLM: 0.16689
[价格] FIL: 0.8921
[价格] LINK: 9.424
[价格] CRO: 0.07752
[价格] DOT: 1.431
[价格] AAVE: 116.1
[价格] UNI: 4.059
[价格] NEAR: 1.3572
[价格] APT: 0.9304
[价格] CFX: 0.06225
[价格] CRV: 0.2409
[价格] STX: 0.2552
[价格] LDO: 0.3084
[价格] TAO: 274.2
✅ [数据完整] 成功获取全部 27/27 个币种的数据
[保存] 数据已写入 /home/user/webapp/data/coin_change_tracker/coin_change_20260316.jsonl
[保存] 涨速数据已写入 /home/user/webapp/data/coin_change_tracker/velocity_20260316.jsonl
[统计] 总涨跌幅: 43.90%, 5分钟涨速: -4.81%, 币种数: 27, 上涨占比: 85.2% (23↑/4↓)
[等待] 下次采集时间: 10:28:02

[2026-03-16 10:28:12] 开始采集...
[价格] BTC: 72388.1
[价格] ETH: 2170.87
[价格] XRP: 1.4357
[价格] BNB: 671.0
[价格] SOL: 91.28
[价格] LTC: 55.8
[价格] DOGE: 0.09714
[价格] SUI: 1.0151
[价格] TRX: 0.29727
[价格] TON: 1.316
[价格] ETC: 8.457
[价格] BCH: 465.9
[价格] HBAR: 0.0954
[价格] XLM: 0.16695
[价格] FIL: 0.8924
[价格] LINK: 9.424
[价格] CRO: 0.07754
[价格] DOT: 1.432
[价格] AAVE: 116.14
[价格] UNI: 4.059
[价格] NEAR: 1.3573
[价格] APT: 0.9306
[价格] CFX: 0.06221
[价格] CRV: 0.2411
[价格] STX: 0.2551
[价格] LDO: 0.3085
[价格] TAO: 274.6
[RSI] 开始采集5分钟RSI数据...
[RSI] BTC: 47.3
[RSI] ETH: 50.78
[错误] XRP 获取5分钟K线失败: HTTPSConnectionPool(host='www.okx.com', port=443): Read timed out. (read timeout=5)
[警告] XRP K线数据不足，无法计算RSI
[RSI] BNB: 48.32
[RSI] SOL: 41.11
[RSI] LTC: 40.0
[RSI] DOGE: 42.38
[RSI] SUI: 44.72
[RSI] TRX: 37.2
[RSI] TON: 55.0
[RSI] ETC: 47.76
[RSI] BCH: 48.61
[RSI] HBAR: 34.46
[RSI] XLM: 36.18
[RSI] FIL: 50.55
[RSI] LINK: 46.3
[RSI] CRO: 45.67
[RSI] DOT: 42.86
[RSI] AAVE: 46.11
[RSI] UNI: 50.79
[RSI] NEAR: 50.59
[RSI] APT: 48.25
[RSI] CFX: 60.23
[RSI] CRV: 42.31
[RSI] STX: 40.0
[RSI] LDO: 47.83
[RSI] TAO: 44.44
[警告] 以下币种RSI获取失败: XRP
[RSI] 成功采集 26/27 个币种，RSI之和: 1189.75
[保存] RSI数据已写入 /home/user/webapp/data/coin_change_tracker/rsi_20260316.jsonl
✅ [数据完整] 成功获取全部 27/27 个币种的数据
[保存] 数据已写入 /home/user/webapp/data/coin_change_tracker/coin_change_20260316.jsonl
[保存] 涨速数据已写入 /home/user/webapp/data/coin_change_tracker/velocity_20260316.jsonl
[统计] 总涨跌幅: 43.65%, 5分钟涨速: -4.86%, 币种数: 27, 上涨占比: 85.2% (23↑/4↓), RSI之和: 1189.75
[等待] 下次采集时间: 10:29:12

[2026-03-16 10:29:35] 开始采集...
[价格] BTC: 72388.2
[价格] ETH: 2172.0
[价格] XRP: 1.4355
[价格] BNB: 670.9
[价格] SOL: 91.26
[价格] LTC: 55.81
[价格] DOGE: 0.09714
[价格] SUI: 1.015
[价格] TRX: 0.29735
[价格] TON: 1.316
[价格] ETC: 8.456
[价格] BCH: 465.9
[价格] HBAR: 0.09546
[价格] XLM: 0.16689
[价格] FIL: 0.8916
[价格] LINK: 9.426
[价格] CRO: 0.07756
[价格] DOT: 1.431
[价格] AAVE: 116.14
[价格] UNI: 4.062
[价格] NEAR: 1.3558
[价格] APT: 0.9304
[价格] CFX: 0.06217
[价格] CRV: 0.2411
[价格] STX: 0.2551
[价格] LDO: 0.3083
[价格] TAO: 275.0
✅ [数据完整] 成功获取全部 27/27 个币种的数据
[保存] 数据已写入 /home/user/webapp/data/coin_change_tracker/coin_change_20260316.jsonl
[保存] 涨速数据已写入 /home/user/webapp/data/coin_change_tracker/velocity_20260316.jsonl
[统计] 总涨跌幅: 43.57%, 5分钟涨速: -5.65%, 币种数: 27, 上涨占比: 85.2% (23↑/4↓)
[等待] 下次采集时间: 10:30:35

[2026-03-16 10:30:45] 开始采集...
[价格] BTC: 72384.2
[价格] ETH: 2171.58
[价格] XRP: 1.4367
[价格] BNB: 670.8
[价格] SOL: 91.26
[价格] LTC: 55.84
[价格] DOGE: 0.09726
[价格] SUI: 1.0159
[价格] TRX: 0.29735
[价格] TON: 1.317
[价格] ETC: 8.465
[价格] BCH: 466.0
[价格] HBAR: 0.09546
[价格] XLM: 0.16698
[价格] FIL: 0.8925
[价格] LINK: 9.432
[价格] CRO: 0.0776
[价格] DOT: 1.433
[价格] AAVE: 116.15
[价格] UNI: 4.064
[价格] NEAR: 1.3561
[价格] APT: 0.9304
[价格] CFX: 0.06205
[价格] CRV: 0.2413
[价格] STX: 0.2552
[价格] LDO: 0.3086
[价格] TAO: 274.9
✅ [数据完整] 成功获取全部 27/27 个币种的数据
[保存] 数据已写入 /home/user/webapp/data/coin_change_tracker/coin_change_20260316.jsonl
[保存] 涨速数据已写入 /home/user/webapp/data/coin_change_tracker/velocity_20260316.jsonl
[统计] 总涨跌幅: 44.58%, 5分钟涨速: -4.03%, 币种数: 27, 上涨占比: 85.2% (23↑/4↓)
[等待] 下次采集时间: 10:31:45

[2026-03-16 10:31:55] 开始采集...
[价格] BTC: 72376.1
[价格] ETH: 2171.91
[价格] XRP: 1.4371
[价格] BNB: 670.9
[价格] SOL: 91.26
[价格] LTC: 55.84
[价格] DOGE: 0.09726
[价格] SUI: 1.0166
[价格] TRX: 0.29735
[价格] TON: 1.318
[价格] ETC: 8.467
[价格] BCH: 466.1
[价格] HBAR: 0.09549
[价格] XLM: 0.16701
[价格] FIL: 0.8925
[价格] LINK: 9.428
[价格] CRO: 0.0776
[价格] DOT: 1.432
[价格] AAVE: 116.2
[价格] UNI: 4.066
[价格] NEAR: 1.3579
[价格] APT: 0.9301
[价格] CFX: 0.06209
[价格] CRV: 0.2413
[价格] STX: 0.2553
[价格] LDO: 0.3085
[价格] TAO: 275.2
✅ [数据完整] 成功获取全部 27/27 个币种的数据
[保存] 数据已写入 /home/user/webapp/data/coin_change_tracker/coin_change_20260316.jsonl
[保存] 涨速数据已写入 /home/user/webapp/data/coin_change_tracker/velocity_20260316.jsonl
[统计] 总涨跌幅: 45.12%, 5分钟涨速: +1.22%, 币种数: 27, 上涨占比: 85.2% (23↑/4↓)
[等待] 下次采集时间: 10:32:55

[2026-03-16 10:33:04] 开始采集...
[价格] BTC: 72336.9
[价格] ETH: 2170.3
[价格] XRP: 1.436
[价格] BNB: 670.5
[价格] SOL: 91.16
[价格] LTC: 55.79
[价格] DOGE: 0.09714
[价格] SUI: 1.0163
[价格] TRX: 0.29735
[价格] TON: 1.318
[价格] ETC: 8.467
[价格] BCH: 465.7
[价格] HBAR: 0.09542
[价格] XLM: 0.16691
[价格] FIL: 0.8919
[价格] LINK: 9.42
[价格] CRO: 0.07753
[价格] DOT: 1.432
[价格] AAVE: 116.07
[价格] UNI: 4.062
[价格] NEAR: 1.3563
[价格] APT: 0.9295
[价格] CFX: 0.06194
[价格] CRV: 0.2412
[价格] STX: 0.2552
[价格] LDO: 0.3082
[价格] TAO: 274.1
✅ [数据完整] 成功获取全部 27/27 个币种的数据
[保存] 数据已写入 /home/user/webapp/data/coin_change_tracker/coin_change_20260316.jsonl
[保存] 涨速数据已写入 /home/user/webapp/data/coin_change_tracker/velocity_20260316.jsonl
[统计] 总涨跌幅: 42.81%, 5分钟涨速: -0.84%, 币种数: 27, 上涨占比: 85.2% (23↑/4↓)
[等待] 下次采集时间: 10:34:04

[2026-03-16 10:34:13] 开始采集...
[价格] BTC: 72376.2
[价格] ETH: 2172.3
[价格] XRP: 1.4368
[价格] BNB: 670.8
[价格] SOL: 91.29
[价格] LTC: 55.84
[价格] DOGE: 0.09708
[价格] SUI: 1.0176
[价格] TRX: 0.2973
[价格] TON: 1.318
[价格] ETC: 8.476
[价格] BCH: 465.8
[价格] HBAR: 0.09547
[价格] XLM: 0.167
[价格] FIL: 0.8919
[价格] LINK: 9.425
[价格] CRO: 0.0776
[价格] DOT: 1.433
[价格] AAVE: 116.16
[价格] UNI: 4.065
[价格] NEAR: 1.3559
[价格] APT: 0.9305
[价格] CFX: 0.06202
[价格] CRV: 0.2413
[价格] STX: 0.2551
[价格] LDO: 0.3084
[价格] TAO: 274.3
[RSI] 开始采集5分钟RSI数据...
[RSI] BTC: 39.75
[RSI] ETH: 42.48
[RSI] XRP: 34.45
[RSI] BNB: 39.69
[RSI] SOL: 33.62
[RSI] LTC: 33.33
[RSI] DOGE: 30.91
[RSI] SUI: 41.9
[RSI] TRX: 32.43
[RSI] TON: 58.82
[RSI] ETC: 45.45
[RSI] BCH: 41.54
[RSI] HBAR: 31.06
[RSI] XLM: 27.38
[RSI] FIL: 42.42
[RSI] LINK: 39.83
[RSI] CRO: 38.89
[RSI] DOT: 35.48
[RSI] AAVE: 36.0
[RSI] UNI: 43.0
[RSI] NEAR: 42.78
[RSI] APT: 39.0
[RSI] CFX: 58.03
[RSI] CRV: 43.14
[RSI] STX: 35.56
[RSI] LDO: 42.62
[RSI] TAO: 38.6
[RSI] 成功采集 27/27 个币种，RSI之和: 1068.16
[保存] RSI数据已写入 /home/user/webapp/data/coin_change_tracker/rsi_20260316.jsonl
✅ [数据完整] 成功获取全部 27/27 个币种的数据
[保存] 数据已写入 /home/user/webapp/data/coin_change_tracker/coin_change_20260316.jsonl
[保存] 涨速数据已写入 /home/user/webapp/data/coin_change_tracker/velocity_20260316.jsonl
[统计] 总涨跌幅: 44.31%, 5分钟涨速: +0.74%, 币种数: 27, 上涨占比: 85.2% (23↑/4↓), RSI之和: 1068.16
[等待] 下次采集时间: 10:35:13

[2026-03-16 10:35:33] 开始采集...
[价格] BTC: 72365.6
[价格] ETH: 2172.09
[价格] XRP: 1.437
[价格] BNB: 670.8
[价格] SOL: 91.29
[价格] LTC: 55.83
[价格] DOGE: 0.09704
[价格] SUI: 1.0179
[价格] TRX: 0.2973
[价格] TON: 1.317
[价格] ETC: 8.476
[价格] BCH: 465.8
[价格] HBAR: 0.09548
[价格] XLM: 0.16701
[价格] FIL: 0.8916
[价格] LINK: 9.423
[价格] CRO: 0.07762
[价格] DOT: 1.433
[价格] AAVE: 116.18
[价格] UNI: 4.066
[价格] NEAR: 1.3574
[价格] APT: 0.931
[价格] CFX: 0.06199
[价格] CRV: 0.2412
[价格] STX: 0.2553
[价格] LDO: 0.3085
[价格] TAO: 274.5
✅ [数据完整] 成功获取全部 27/27 个币种的数据
[保存] 数据已写入 /home/user/webapp/data/coin_change_tracker/coin_change_20260316.jsonl
[保存] 涨速数据已写入 /home/user/webapp/data/coin_change_tracker/velocity_20260316.jsonl
[统计] 总涨跌幅: 44.46%, 5分钟涨速: -0.12%, 币种数: 27, 上涨占比: 88.9% (24↑/3↓)
[等待] 下次采集时间: 10:36:33

[2026-03-16 10:36:42] 开始采集...
[价格] BTC: 72360.1
[价格] ETH: 2171.33
[价格] XRP: 1.4362
[价格] BNB: 670.6
[价格] SOL: 91.29
[价格] LTC: 55.82
[价格] DOGE: 0.09706
[价格] SUI: 1.0177
[价格] TRX: 0.29727
[价格] TON: 1.318
[价格] ETC: 8.471
[价格] BCH: 465.8
[价格] HBAR: 0.09546
[价格] XLM: 0.16698
[价格] FIL: 0.8919
[价格] LINK: 9.421
[价格] CRO: 0.07754
[价格] DOT: 1.433
[价格] AAVE: 116.09
[价格] UNI: 4.065
[价格] NEAR: 1.3563
[价格] APT: 0.9306
[价格] CFX: 0.06199
[价格] CRV: 0.2413
[价格] STX: 0.2552
[价格] LDO: 0.3083
[价格] TAO: 274.4
✅ [数据完整] 成功获取全部 27/27 个币种的数据
[保存] 数据已写入 /home/user/webapp/data/coin_change_tracker/coin_change_20260316.jsonl
[保存] 涨速数据已写入 /home/user/webapp/data/coin_change_tracker/velocity_20260316.jsonl
[统计] 总涨跌幅: 43.83%, 5分钟涨速: -1.29%, 币种数: 27, 上涨占比: 85.2% (23↑/4↓)
[等待] 下次采集时间: 10:37:42

[2026-03-16 10:37:52] 开始采集...
[价格] BTC: 72417.5
[价格] ETH: 2174.76
[价格] XRP: 1.4376
[价格] BNB: 671.2
[价格] SOL: 91.47
[价格] LTC: 55.87
[价格] DOGE: 0.0972
[价格] SUI: 1.0185
[价格] TRX: 0.29726
[价格] TON: 1.318
[价格] ETC: 8.482
[价格] BCH: 466.0
[价格] HBAR: 0.09554
[价格] XLM: 0.16719
[价格] FIL: 0.8925
[价格] LINK: 9.435
[价格] CRO: 0.07758
[价格] DOT: 1.434
[价格] AAVE: 116.17
[价格] UNI: 4.069
[价格] NEAR: 1.3574
[价格] APT: 0.9318
[价格] CFX: 0.06238
[价格] CRV: 0.2415
[价格] STX: 0.2554
[价格] LDO: 0.3089
[价格] TAO: 273.4
✅ [数据完整] 成功获取全部 27/27 个币种的数据
[保存] 数据已写入 /home/user/webapp/data/coin_change_tracker/coin_change_20260316.jsonl
[保存] 涨速数据已写入 /home/user/webapp/data/coin_change_tracker/velocity_20260316.jsonl
[统计] 总涨跌幅: 46.57%, 5分钟涨速: +3.76%, 币种数: 27, 上涨占比: 88.9% (24↑/3↓)
[等待] 下次采集时间: 10:38:52

[2026-03-16 10:39:01] 开始采集...
[价格] BTC: 72430.0
[价格] ETH: 2176.0
[价格] XRP: 1.4379
[价格] BNB: 671.3
[价格] SOL: 91.44
[价格] LTC: 55.9
[价格] DOGE: 0.09727
[价格] SUI: 1.0192
[价格] TRX: 0.29726
[价格] TON: 1.317
[价格] ETC: 8.488
[价格] BCH: 466.1
[价格] HBAR: 0.09565
[价格] XLM: 0.16738
[价格] FIL: 0.8932
[价格] LINK: 9.444
[价格] CRO: 0.07759
[价格] DOT: 1.436
[价格] AAVE: 116.37
[价格] UNI: 4.073
[价格] NEAR: 1.3611
[价格] APT: 0.9331
[价格] CFX: 0.06233
[价格] CRV: 0.2418
[价格] STX: 0.2557
[价格] LDO: 0.3091
[价格] TAO: 273.5
✅ [数据完整] 成功获取全部 27/27 个币种的数据
[保存] 数据已写入 /home/user/webapp/data/coin_change_tracker/coin_change_20260316.jsonl
[保存] 涨速数据已写入 /home/user/webapp/data/coin_change_tracker/velocity_20260316.jsonl
[统计] 总涨跌幅: 48.39%, 5分钟涨速: +4.08%, 币种数: 27, 上涨占比: 88.9% (24↑/3↓)
[等待] 下次采集时间: 10:40:01

[2026-03-16 10:40:11] 开始采集...
[价格] BTC: 72385.2
[价格] ETH: 2175.01
[价格] XRP: 1.4369
[价格] BNB: 671.1
[价格] SOL: 91.34
[价格] LTC: 55.89
[价格] DOGE: 0.09716
[价格] SUI: 1.0187
[价格] TRX: 0.29726
[价格] TON: 1.317
[价格] ETC: 8.483
[价格] BCH: 466.2
[价格] HBAR: 0.09559
[价格] XLM: 0.1672
[价格] FIL: 0.8926
[价格] LINK: 9.431
[价格] CRO: 0.0776
[价格] DOT: 1.437
[价格] AAVE: 116.25
[价格] UNI: 4.07
[价格] NEAR: 1.3601
[价格] APT: 0.9326
[价格] CFX: 0.06224
[价格] CRV: 0.2417
[价格] STX: 0.2557
[价格] LDO: 0.3089
[价格] TAO: 273.3
[RSI] 开始采集5分钟RSI数据...
[RSI] BTC: 42.84
[RSI] ETH: 49.03
[RSI] XRP: 43.08
[RSI] BNB: 46.22
[RSI] SOL: 45.26
[RSI] LTC: 42.11
[RSI] DOGE: 41.76
[RSI] SUI: 48.54
[RSI] TRX: 30.89
[RSI] TON: 46.67
[RSI] ETC: 53.49
[RSI] BCH: 51.92
[RSI] HBAR: 41.45
[RSI] XLM: 39.18
[RSI] FIL: 46.84
[RSI] LINK: 46.73
[RSI] CRO: 42.86
[RSI] DOT: 46.88
[RSI] AAVE: 44.32
[RSI] UNI: 53.33
[RSI] NEAR: 53.58
[RSI] APT: 47.15
[RSI] CFX: 54.02
[RSI] CRV: 55.1
[RSI] STX: 48.84
[RSI] LDO: 45.61
[RSI] TAO: 43.56
[RSI] 成功采集 27/27 个币种，RSI之和: 1251.26
[保存] RSI数据已写入 /home/user/webapp/data/coin_change_tracker/rsi_20260316.jsonl
✅ [数据完整] 成功获取全部 27/27 个币种的数据
[保存] 数据已写入 /home/user/webapp/data/coin_change_tracker/coin_change_20260316.jsonl
[保存] 涨速数据已写入 /home/user/webapp/data/coin_change_tracker/velocity_20260316.jsonl
[统计] 总涨跌幅: 46.93%, 5分钟涨速: +2.47%, 币种数: 27, 上涨占比: 88.9% (24↑/3↓), RSI之和: 1251.26
[等待] 下次采集时间: 10:41:11

[2026-03-16 10:41:30] 开始采集...
[价格] BTC: 72370.1
[价格] ETH: 2174.6
[价格] XRP: 1.4368
[价格] BNB: 671.1
[价格] SOL: 91.31
[价格] LTC: 55.86
[价格] DOGE: 0.09717
[价格] SUI: 1.0184
[价格] TRX: 0.29726
[价格] TON: 1.315
[价格] ETC: 8.478
[价格] BCH: 466.2
[价格] HBAR: 0.09558
[价格] XLM: 0.1671
[价格] FIL: 0.8926
[价格] LINK: 9.432
[价格] CRO: 0.07757
[价格] DOT: 1.437
[价格] AAVE: 116.13
[价格] UNI: 4.068
[价格] NEAR: 1.3595
[价格] APT: 0.9324
[价格] CFX: 0.06224
[价格] CRV: 0.2416
[价格] STX: 0.2557
[价格] LDO: 0.3088
[价格] TAO: 273.4
✅ [数据完整] 成功获取全部 27/27 个币种的数据
[保存] 数据已写入 /home/user/webapp/data/coin_change_tracker/coin_change_20260316.jsonl
[保存] 涨速数据已写入 /home/user/webapp/data/coin_change_tracker/velocity_20260316.jsonl
[统计] 总涨跌幅: 46.20%, 5分钟涨速: +2.37%, 币种数: 27, 上涨占比: 88.9% (24↑/3↓)
[等待] 下次采集时间: 10:42:30

[2026-03-16 10:42:39] 开始采集...
[价格] BTC: 72387.3
[价格] ETH: 2175.29
[价格] XRP: 1.4371
[价格] BNB: 671.2
[价格] SOL: 91.35
[价格] LTC: 55.86
[价格] DOGE: 0.0972
[价格] SUI: 1.019
[价格] TRX: 0.29726
[价格] TON: 1.316
[价格] ETC: 8.482
[价格] BCH: 466.3
[价格] HBAR: 0.09558
[价格] XLM: 0.16712
[价格] FIL: 0.8927
[价格] LINK: 9.436
[价格] CRO: 0.07764
[价格] DOT: 1.437
[价格] AAVE: 116.23
[价格] UNI: 4.07
[价格] NEAR: 1.36
[价格] APT: 0.9326
[价格] CFX: 0.06218
[价格] CRV: 0.2417
[价格] STX: 0.2556
[价格] LDO: 0.3089
[价格] TAO: 273.6
✅ [数据完整] 成功获取全部 27/27 个币种的数据
[保存] 数据已写入 /home/user/webapp/data/coin_change_tracker/coin_change_20260316.jsonl
[保存] 涨速数据已写入 /home/user/webapp/data/coin_change_tracker/velocity_20260316.jsonl
[统计] 总涨跌幅: 46.91%, 5分钟涨速: +0.34%, 币种数: 27, 上涨占比: 92.6% (25↑/2↓)
[等待] 下次采集时间: 10:43:39

[2026-03-16 10:43:48] 开始采集...
[价格] BTC: 72400.0
[价格] ETH: 2175.24
[价格] XRP: 1.438
[价格] BNB: 671.4
[价格] SOL: 91.39
[价格] LTC: 55.87
[价格] DOGE: 0.09726
[价格] SUI: 1.0197
[价格] TRX: 0.29727
[价格] TON: 1.317
[价格] ETC: 8.483
[价格] BCH: 466.2
[价格] HBAR: 0.09562
[价格] XLM: 0.16734
[价格] FIL: 0.8936
[价格] LINK: 9.44
[价格] CRO: 0.07762
[价格] DOT: 1.438
[价格] AAVE: 116.34
[价格] UNI: 4.07
[价格] NEAR: 1.3597
[价格] APT: 0.933
[价格] CFX: 0.06223
[价格] CRV: 0.2418
[价格] STX: 0.256
[价格] LDO: 0.309
[价格] TAO: 273.6
✅ [数据完整] 成功获取全部 27/27 个币种的数据
[保存] 数据已写入 /home/user/webapp/data/coin_change_tracker/coin_change_20260316.jsonl
[保存] 涨速数据已写入 /home/user/webapp/data/coin_change_tracker/velocity_20260316.jsonl
[统计] 总涨跌幅: 48.10%, 5分钟涨速: -0.29%, 币种数: 27, 上涨占比: 92.6% (25↑/2↓)
[等待] 下次采集时间: 10:44:48

[2026-03-16 10:44:58] 开始采集...
[价格] BTC: 72405.9
[价格] ETH: 2175.63
[价格] XRP: 1.438
[价格] BNB: 671.4
[价格] SOL: 91.39
[价格] LTC: 55.88
[价格] DOGE: 0.09737
[价格] SUI: 1.0192
[价格] TRX: 0.29726
[价格] TON: 1.317
[价格] ETC: 8.479
[价格] BCH: 466.2
[价格] HBAR: 0.09564
[价格] XLM: 0.16731
[价格] FIL: 0.8939
[价格] LINK: 9.44
[价格] CRO: 0.07762
[价格] DOT: 1.438
[价格] AAVE: 116.35
[价格] UNI: 4.068
[价格] NEAR: 1.3596
[价格] APT: 0.933
[价格] CFX: 0.06265
[价格] CRV: 0.2417
[价格] STX: 0.256
[价格] LDO: 0.309
[价格] TAO: 273.5
✅ [数据完整] 成功获取全部 27/27 个币种的数据
[保存] 数据已写入 /home/user/webapp/data/coin_change_tracker/coin_change_20260316.jsonl
[保存] 涨速数据已写入 /home/user/webapp/data/coin_change_tracker/velocity_20260316.jsonl
[统计] 总涨跌幅: 48.79%, 5分钟涨速: +1.86%, 币种数: 27, 上涨占比: 92.6% (25↑/2↓)
[等待] 下次采集时间: 10:45:58

[2026-03-16 10:46:08] 开始采集...
[价格] BTC: 72443.0
[价格] ETH: 2176.89
[价格] XRP: 1.4391
[价格] BNB: 671.8
[价格] SOL: 91.46
[价格] LTC: 55.89
[价格] DOGE: 0.09761
[价格] SUI: 1.0205
[价格] TRX: 0.29715
[价格] TON: 1.318
[价格] ETC: 8.483
[价格] BCH: 466.1
[价格] HBAR: 0.09571
[价格] XLM: 0.16753
[价格] FIL: 0.8928
[价格] LINK: 9.447
[价格] CRO: 0.07763
[价格] DOT: 1.438
[价格] AAVE: 116.41
[价格] UNI: 4.07
[价格] NEAR: 1.3589
[价格] APT: 0.9331
[价格] CFX: 0.0628
[价格] CRV: 0.2417
[价格] STX: 0.2558
[价格] LDO: 0.3091
[价格] TAO: 274.0
[RSI] 开始采集5分钟RSI数据...
[RSI] BTC: 46.13
[RSI] ETH: 51.72
[RSI] XRP: 45.49
[RSI] BNB: 48.76
[RSI] SOL: 45.55
[RSI] LTC: 40.66
[RSI] DOGE: 52.56
[RSI] SUI: 52.34
[RSI] TRX: 24.41
[RSI] TON: 53.33
[RSI] ETC: 52.54
[RSI] BCH: 50.94
[RSI] HBAR: 46.25
[RSI] XLM: 47.88
[RSI] FIL: 46.89
[RSI] LINK: 45.45
[RSI] CRO: 41.05
[RSI] DOT: 46.88
[RSI] AAVE: 49.26
[RSI] UNI: 51.11
[RSI] NEAR: 50.5
[RSI] APT: 46.32
[RSI] CFX: 57.97
[RSI] CRV: 52.08
[RSI] STX: 46.34
[RSI] LDO: 47.46
[RSI] TAO: 50.48
[RSI] 成功采集 27/27 个币种，RSI之和: 1290.35
[保存] RSI数据已写入 /home/user/webapp/data/coin_change_tracker/rsi_20260316.jsonl
✅ [数据完整] 成功获取全部 27/27 个币种的数据
[保存] 数据已写入 /home/user/webapp/data/coin_change_tracker/coin_change_20260316.jsonl
[保存] 涨速数据已写入 /home/user/webapp/data/coin_change_tracker/velocity_20260316.jsonl
[统计] 总涨跌幅: 50.20%, 5分钟涨速: +4.00%, 币种数: 27, 上涨占比: 92.6% (25↑/2↓), RSI之和: 1290.35
[等待] 下次采集时间: 10:47:08

[2026-03-16 10:47:27] 开始采集...
[价格] BTC: 72445.2
[价格] ETH: 2176.44
[价格] XRP: 1.4397
[价格] BNB: 671.9
[价格] SOL: 91.46
[价格] LTC: 55.88
[价格] DOGE: 0.09763
[价格] SUI: 1.02
[价格] TRX: 0.29715
[价格] TON: 1.318
[价格] ETC: 8.485
[价格] BCH: 466.1
[价格] HBAR: 0.09573
[价格] XLM: 0.16752
[价格] FIL: 0.8925
[价格] LINK: 9.45
[价格] CRO: 0.07764
[价格] DOT: 1.437
[价格] AAVE: 116.4
[价格] UNI: 4.07
[价格] NEAR: 1.3565
[价格] APT: 0.933
[价格] CFX: 0.06284
[价格] CRV: 0.2417
[价格] STX: 0.2558
[价格] LDO: 0.309
[价格] TAO: 273.8
✅ [数据完整] 成功获取全部 27/27 个币种的数据
[保存] 数据已写入 /home/user/webapp/data/coin_change_tracker/coin_change_20260316.jsonl
[保存] 涨速数据已写入 /home/user/webapp/data/coin_change_tracker/velocity_20260316.jsonl
[统计] 总涨跌幅: 49.92%, 5分钟涨速: +3.01%, 币种数: 27, 上涨占比: 92.6% (25↑/2↓)
[等待] 下次采集时间: 10:48:27

[2026-03-16 10:48:36] 开始采集...
[价格] BTC: 72432.0
[价格] ETH: 2175.37
[价格] XRP: 1.4397
[价格] BNB: 671.9
[价格] SOL: 91.52
[价格] LTC: 55.87
[价格] DOGE: 0.0975
[价格] SUI: 1.0197
[价格] TRX: 0.29716
[价格] TON: 1.318
[价格] ETC: 8.486
[价格] BCH: 466.0
[价格] HBAR: 0.09571
[价格] XLM: 0.1675
[价格] FIL: 0.892
[价格] LINK: 9.441
[价格] CRO: 0.0776
[价格] DOT: 1.436
[价格] AAVE: 116.22
[价格] UNI: 4.063
[价格] NEAR: 1.355
[价格] APT: 0.9322
[价格] CFX: 0.06289
[价格] CRV: 0.2414
[价格] STX: 0.2559
[价格] LDO: 0.309
[价格] TAO: 273.7
✅ [数据完整] 成功获取全部 27/27 个币种的数据
[保存] 数据已写入 /home/user/webapp/data/coin_change_tracker/coin_change_20260316.jsonl
[保存] 涨速数据已写入 /home/user/webapp/data/coin_change_tracker/velocity_20260316.jsonl
[统计] 总涨跌幅: 48.83%, 5分钟涨速: +0.73%, 币种数: 27, 上涨占比: 88.9% (24↑/3↓)
[等待] 下次采集时间: 10:49:36

[2026-03-16 10:49:46] 开始采集...
[价格] BTC: 72381.3
[价格] ETH: 2173.03
[价格] XRP: 1.4389
[价格] BNB: 671.7
[价格] SOL: 91.42
[价格] LTC: 55.84
[价格] DOGE: 0.09744
[价格] SUI: 1.0188
[价格] TRX: 0.29716
[价格] TON: 1.318
[价格] ETC: 8.476
[价格] BCH: 466.0
[价格] HBAR: 0.09568
[价格] XLM: 0.16744
[价格] FIL: 0.8925
[价格] LINK: 9.437
[价格] CRO: 0.07759
[价格] DOT: 1.436
[价格] AAVE: 116.12
[价格] UNI: 4.061
[价格] NEAR: 1.3548
[价格] APT: 0.932
[价格] CFX: 0.06276
[价格] CRV: 0.2413
[价格] STX: 0.2559
[价格] LDO: 0.3085
[价格] TAO: 274.3
✅ [数据完整] 成功获取全部 27/27 个币种的数据
[保存] 数据已写入 /home/user/webapp/data/coin_change_tracker/coin_change_20260316.jsonl
[保存] 涨速数据已写入 /home/user/webapp/data/coin_change_tracker/velocity_20260316.jsonl
[统计] 总涨跌幅: 47.66%, 5分钟涨速: -1.13%, 币种数: 27, 上涨占比: 88.9% (24↑/3↓)
[等待] 下次采集时间: 10:50:46

[2026-03-16 10:50:55] 开始采集...
[价格] BTC: 72459.0
[价格] ETH: 2177.31
[价格] XRP: 1.4401
[价格] BNB: 672.3
[价格] SOL: 91.52
[价格] LTC: 55.89
[价格] DOGE: 0.09755
[价格] SUI: 1.0199
[价格] TRX: 0.2972
[价格] TON: 1.32
[价格] ETC: 8.491
[价格] BCH: 466.5
[价格] HBAR: 0.09581
[价格] XLM: 0.16769
[价格] FIL: 0.8942
[价格] LINK: 9.452
[价格] CRO: 0.07764
[价格] DOT: 1.437
[价格] AAVE: 116.31
[价格] UNI: 4.069
[价格] NEAR: 1.3576
[价格] APT: 0.9335
[价格] CFX: 0.06268
[价格] CRV: 0.2417
[价格] STX: 0.2561
[价格] LDO: 0.309
[价格] TAO: 274.8
✅ [数据完整] 成功获取全部 27/27 个币种的数据
[保存] 数据已写入 /home/user/webapp/data/coin_change_tracker/coin_change_20260316.jsonl
[保存] 涨速数据已写入 /home/user/webapp/data/coin_change_tracker/velocity_20260316.jsonl
[统计] 总涨跌幅: 51.03%, 5分钟涨速: +0.83%, 币种数: 27, 上涨占比: 92.6% (25↑/2↓)
[等待] 下次采集时间: 10:51:55

[2026-03-16 10:52:05] 开始采集...
[价格] BTC: 72470.9
[价格] ETH: 2177.5
[价格] XRP: 1.4405
[价格] BNB: 672.3
[价格] SOL: 91.5
[价格] LTC: 55.91
[价格] DOGE: 0.09758
[价格] SUI: 1.0204
[价格] TRX: 0.29721
[价格] TON: 1.32
[价格] ETC: 8.498
[价格] BCH: 466.7
[价格] HBAR: 0.09586
[价格] XLM: 0.16796
[价格] FIL: 0.8949
[价格] LINK: 9.462
[价格] CRO: 0.07769
[价格] DOT: 1.44
[价格] AAVE: 116.33
[价格] UNI: 4.07
[价格] NEAR: 1.3602
[价格] APT: 0.9337
[价格] CFX: 0.06257
[价格] CRV: 0.2419
[价格] STX: 0.2565
[价格] LDO: 0.3091
[价格] TAO: 275.1
[RSI] 开始采集5分钟RSI数据...
[RSI] BTC: 45.69
[RSI] ETH: 49.4
[RSI] XRP: 47.74
[RSI] BNB: 49.59
[RSI] SOL: 44.39
[RSI] LTC: 43.88
[RSI] DOGE: 53.42
[RSI] SUI: 51.57
[RSI] TRX: 27.69
[RSI] TON: 58.82
[RSI] ETC: 56.48
[RSI] BCH: 55.0
[RSI] HBAR: 51.45
[RSI] XLM: 53.89
[RSI] FIL: 52.55
[RSI] LINK: 48.42
[RSI] CRO: 43.81
[RSI] DOT: 52.78
[RSI] AAVE: 47.35
[RSI] UNI: 51.46
[RSI] NEAR: 53.59
[RSI] APT: 47.55
[RSI] CFX: 52.74
[RSI] CRV: 53.57
[RSI] STX: 56.52
[RSI] LDO: 48.48
[RSI] TAO: 52.73
[RSI] 成功采集 27/27 个币种，RSI之和: 1350.56
[保存] RSI数据已写入 /home/user/webapp/data/coin_change_tracker/rsi_20260316.jsonl
✅ [数据完整] 成功获取全部 27/27 个币种的数据
[保存] 数据已写入 /home/user/webapp/data/coin_change_tracker/coin_change_20260316.jsonl
[保存] 涨速数据已写入 /home/user/webapp/data/coin_change_tracker/velocity_20260316.jsonl
[统计] 总涨跌幅: 52.45%, 5分钟涨速: +2.53%, 币种数: 27, 上涨占比: 92.6% (25↑/2↓), RSI之和: 1350.56
[等待] 下次采集时间: 10:53:05

[2026-03-16 10:53:24] 开始采集...
[价格] BTC: 72489.0
[价格] ETH: 2178.9
[价格] XRP: 1.4417
[价格] BNB: 672.5
[价格] SOL: 91.53
[价格] LTC: 55.96
[价格] DOGE: 0.09778
[价格] SUI: 1.0219
[价格] TRX: 0.29722
[价格] TON: 1.32
[价格] ETC: 8.511
[价格] BCH: 467.0
[价格] HBAR: 0.09592
[价格] XLM: 0.1681
[价格] FIL: 0.8961
[价格] LINK: 9.478
[价格] CRO: 0.0778
[价格] DOT: 1.442
[价格] AAVE: 116.42
[价格] UNI: 4.073
[价格] NEAR: 1.3625
[价格] APT: 0.9345
[价格] CFX: 0.06252
[价格] CRV: 0.2418
[价格] STX: 0.2567
[价格] LDO: 0.3094
[价格] TAO: 275.4
✅ [数据完整] 成功获取全部 27/27 个币种的数据
[保存] 数据已写入 /home/user/webapp/data/coin_change_tracker/coin_change_20260316.jsonl
[保存] 涨速数据已写入 /home/user/webapp/data/coin_change_tracker/velocity_20260316.jsonl
[统计] 总涨跌幅: 54.68%, 5分钟涨速: +5.85%, 币种数: 27, 上涨占比: 92.6% (25↑/2↓)
[等待] 下次采集时间: 10:54:24

[2026-03-16 10:54:33] 开始采集...
[价格] BTC: 72487.0
[价格] ETH: 2178.58
[价格] XRP: 1.4414
[价格] BNB: 672.4
[价格] SOL: 91.51
[价格] LTC: 55.96
[价格] DOGE: 0.09794
[价格] SUI: 1.0215
[价格] TRX: 0.29722
[价格] TON: 1.32
[价格] ETC: 8.509
[价格] BCH: 467.2
[价格] HBAR: 0.0959
[价格] XLM: 0.16812
[价格] FIL: 0.8962
[价格] LINK: 9.481
[价格] CRO: 0.07779
[价格] DOT: 1.441
[价格] AAVE: 116.43
[价格] UNI: 4.073
[价格] NEAR: 1.3621
[价格] APT: 0.9344
[价格] CFX: 0.06244
[价格] CRV: 0.2418
[价格] STX: 0.2567
[价格] LDO: 0.3095
[价格] TAO: 275.6
✅ [数据完整] 成功获取全部 27/27 个币种的数据
[保存] 数据已写入 /home/user/webapp/data/coin_change_tracker/coin_change_20260316.jsonl
[保存] 涨速数据已写入 /home/user/webapp/data/coin_change_tracker/velocity_20260316.jsonl
[统计] 总涨跌幅: 54.65%, 5分钟涨速: +6.99%, 币种数: 27, 上涨占比: 96.2% (25↑/1↓)
[等待] 下次采集时间: 10:55:33

[2026-03-16 10:55:43] 开始采集...
[价格] BTC: 72514.0
[价格] ETH: 2180.43
[价格] XRP: 1.4427
[价格] BNB: 672.6
[价格] SOL: 91.56
[价格] LTC: 55.97
[价格] DOGE: 0.09792
[价格] SUI: 1.0223
[价格] TRX: 0.29723
[价格] TON: 1.32
[价格] ETC: 8.514
[价格] BCH: 467.3
[价格] HBAR: 0.09598
[价格] XLM: 0.16823
[价格] FIL: 0.8967
[价格] LINK: 9.489
[价格] CRO: 0.07783
[价格] DOT: 1.442
[价格] AAVE: 116.48
[价格] UNI: 4.077
[价格] NEAR: 1.3626
[价格] APT: 0.9348
[价格] CFX: 0.06247
[价格] CRV: 0.242
[价格] STX: 0.2568
[价格] LDO: 0.3096
[价格] TAO: 275.8
✅ [数据完整] 成功获取全部 27/27 个币种的数据
[保存] 数据已写入 /home/user/webapp/data/coin_change_tracker/coin_change_20260316.jsonl
[保存] 涨速数据已写入 /home/user/webapp/data/coin_change_tracker/velocity_20260316.jsonl
[统计] 总涨跌幅: 56.03%, 5分钟涨速: +5.00%, 币种数: 27, 上涨占比: 96.3% (26↑/1↓)
[等待] 下次采集时间: 10:56:43

[2026-03-16 10:56:52] 开始采集...
[价格] BTC: 72532.5
[价格] ETH: 2181.36
[价格] XRP: 1.4442
[价格] BNB: 673.2
[价格] SOL: 91.55
[价格] LTC: 56.0
[价格] DOGE: 0.09815
[价格] SUI: 1.0238
[价格] TRX: 0.29723
[价格] TON: 1.32
[价格] ETC: 8.521
[价格] BCH: 467.3
[价格] HBAR: 0.09601
[价格] XLM: 0.16833
[价格] FIL: 0.8979
[价格] LINK: 9.5
[价格] CRO: 0.07794
[价格] DOT: 1.443
[价格] AAVE: 116.61
[价格] UNI: 4.083
[价格] NEAR: 1.3736
[价格] APT: 0.9358
[价格] CFX: 0.06238
[价格] CRV: 0.2424
[价格] STX: 0.2571
[价格] LDO: 0.3101
[价格] TAO: 275.9
✅ [数据完整] 成功获取全部 27/27 个币种的数据
[保存] 数据已写入 /home/user/webapp/data/coin_change_tracker/coin_change_20260316.jsonl
[保存] 涨速数据已写入 /home/user/webapp/data/coin_change_tracker/velocity_20260316.jsonl
[统计] 总涨跌幅: 58.95%, 5分钟涨速: +6.50%, 币种数: 27, 上涨占比: 96.3% (26↑/1↓)
[等待] 下次采集时间: 10:57:52

[2026-03-16 10:58:02] 开始采集...
[价格] BTC: 72546.0
[价格] ETH: 2181.72
[价格] XRP: 1.444
[价格] BNB: 673.3
[价格] SOL: 91.55
[价格] LTC: 56.06
[价格] DOGE: 0.0983
[价格] SUI: 1.0241
[价格] TRX: 0.29738
[价格] TON: 1.318
[价格] ETC: 8.521
[价格] BCH: 467.6
[价格] HBAR: 0.09603
[价格] XLM: 0.16838
[价格] FIL: 0.8972
[价格] LINK: 9.495
[价格] CRO: 0.07795
[价格] DOT: 1.443
[价格] AAVE: 116.59
[价格] UNI: 4.081
[价格] NEAR: 1.3716
[价格] APT: 0.9358
[价格] CFX: 0.06251
[价格] CRV: 0.2423
[价格] STX: 0.2569
[价格] LDO: 0.31
[价格] TAO: 275.8
[RSI] 开始采集5分钟RSI数据...
[RSI] BTC: 47.33
[RSI] ETH: 53.45
[RSI] XRP: 47.74
[RSI] BNB: 49.59
[RSI] SOL: 43.17
[RSI] LTC: 48.11
[RSI] DOGE: 62.77
[RSI] SUI: 54.44
[RSI] TRX: 37.59
[RSI] TON: 47.06
[RSI] ETC: 58.0
[RSI] BCH: 57.81
[RSI] HBAR: 53.85
[RSI] XLM: 56.76
[RSI] FIL: 56.13
[RSI] LINK: 52.3
[RSI] CRO: 50.0
[RSI] DOT: 52.78
[RSI] AAVE: 48.44
[RSI] UNI: 50.5
[RSI] NEAR: 58.72
[RSI] APT: 47.03
[RSI] CFX: 54.95
[RSI] CRV: 55.93
[RSI] STX: 57.45
[RSI] LDO: 52.78
[RSI] TAO: 54.39
[RSI] 成功采集 27/27 个币种，RSI之和: 1409.07
[保存] RSI数据已写入 /home/user/webapp/data/coin_change_tracker/rsi_20260316.jsonl
✅ [数据完整] 成功获取全部 27/27 个币种的数据
[保存] 数据已写入 /home/user/webapp/data/coin_change_tracker/coin_change_20260316.jsonl
[保存] 涨速数据已写入 /home/user/webapp/data/coin_change_tracker/velocity_20260316.jsonl
[统计] 总涨跌幅: 58.97%, 5分钟涨速: +4.29%, 币种数: 27, 上涨占比: 96.3% (26↑/1↓), RSI之和: 1409.07
[等待] 下次采集时间: 10:59:02

[2026-03-16 10:59:21] 开始采集...
[价格] BTC: 72504.9
[价格] ETH: 2180.45
[价格] XRP: 1.4427
[价格] BNB: 672.9
[价格] SOL: 91.47
[价格] LTC: 56.0
[价格] DOGE: 0.09812
[价格] SUI: 1.0219
[价格] TRX: 0.29729
[价格] TON: 1.317
[价格] ETC: 8.515
[价格] BCH: 467.6
[价格] HBAR: 0.09592
[价格] XLM: 0.16806
[价格] FIL: 0.8965
[价格] LINK: 9.483
[价格] CRO: 0.07793
[价格] DOT: 1.443
[价格] AAVE: 116.43
[价格] UNI: 4.073
[价格] NEAR: 1.3708
[价格] APT: 0.935
[价格] CFX: 0.06287
[价格] CRV: 0.2422
[价格] STX: 0.2568
[价格] LDO: 0.3098
[价格] TAO: 275.4
✅ [数据完整] 成功获取全部 27/27 个币种的数据
[保存] 数据已写入 /home/user/webapp/data/coin_change_tracker/coin_change_20260316.jsonl
[保存] 涨速数据已写入 /home/user/webapp/data/coin_change_tracker/velocity_20260316.jsonl
[统计] 总涨跌幅: 57.18%, 5分钟涨速: +2.53%, 币种数: 27, 上涨占比: 92.6% (25↑/2↓)
[等待] 下次采集时间: 11:00:21

[2026-03-16 11:00:30] 开始采集...
[价格] BTC: 72400.0
[价格] ETH: 2176.61
[价格] XRP: 1.4399
[价格] BNB: 672.0
[价格] SOL: 91.28
[价格] LTC: 55.88
[价格] DOGE: 0.09783
[价格] SUI: 1.0191
[价格] TRX: 0.29723
[价格] TON: 1.317
[价格] ETC: 8.493
[价格] BCH: 466.9
[价格] HBAR: 0.09576
[价格] XLM: 0.16766
[价格] FIL: 0.8952
[价格] LINK: 9.46
[价格] CRO: 0.07776
[价格] DOT: 1.439
[价格] AAVE: 116.09
[价格] UNI: 4.062
[价格] NEAR: 1.365
[价格] APT: 0.9328
[价格] CFX: 0.06299
[价格] CRV: 0.242
[价格] STX: 0.2562
[价格] LDO: 0.3091
[价格] TAO: 273.8
✅ [数据完整] 成功获取全部 27/27 个币种的数据
[保存] 数据已写入 /home/user/webapp/data/coin_change_tracker/coin_change_20260316.jsonl
[保存] 涨速数据已写入 /home/user/webapp/data/coin_change_tracker/velocity_20260316.jsonl
[统计] 总涨跌幅: 51.56%, 5分钟涨速: -4.47%, 币种数: 27, 上涨占比: 92.6% (25↑/2↓)
[等待] 下次采集时间: 11:01:30

[2026-03-16 11:01:40] 开始采集...
[价格] BTC: 72456.0
[价格] ETH: 2179.0
[价格] XRP: 1.4416
[价格] BNB: 672.4
[价格] SOL: 91.42
[价格] LTC: 55.92
[价格] DOGE: 0.09807
[价格] SUI: 1.0218
[价格] TRX: 0.29722
[价格] TON: 1.316
[价格] ETC: 8.5
[价格] BCH: 467.1
[价格] HBAR: 0.09587
[价格] XLM: 0.16781
[价格] FIL: 0.896
[价格] LINK: 9.469
[价格] CRO: 0.07779
[价格] DOT: 1.44
[价格] AAVE: 116.31
[价格] UNI: 4.069
[价格] NEAR: 1.3681
[价格] APT: 0.9343
[价格] CFX: 0.06312
[价格] CRV: 0.2422
[价格] STX: 0.2561
[价格] LDO: 0.3097
[价格] TAO: 273.9
✅ [数据完整] 成功获取全部 27/27 个币种的数据
[保存] 数据已写入 /home/user/webapp/data/coin_change_tracker/coin_change_20260316.jsonl
[保存] 涨速数据已写入 /home/user/webapp/data/coin_change_tracker/velocity_20260316.jsonl
[统计] 总涨跌幅: 54.50%, 5分钟涨速: -4.45%, 币种数: 27, 上涨占比: 92.6% (25↑/2↓)
[等待] 下次采集时间: 11:02:40

[2026-03-16 11:02:49] 开始采集...
[价格] BTC: 72461.0
[价格] ETH: 2178.2
[价格] XRP: 1.441
[价格] BNB: 672.1
[价格] SOL: 91.37
[价格] LTC: 55.87
[价格] DOGE: 0.09797
[价格] SUI: 1.0207
[价格] TRX: 0.29723
[价格] TON: 1.316
[价格] ETC: 8.502
[价格] BCH: 467.0
[价格] HBAR: 0.09584
[价格] XLM: 0.16773
[价格] FIL: 0.8961
[价格] LINK: 9.461
[价格] CRO: 0.07778
[价格] DOT: 1.44
[价格] AAVE: 116.15
[价格] UNI: 4.065
[价格] NEAR: 1.3671
[价格] APT: 0.9342
[价格] CFX: 0.06285
[价格] CRV: 0.2421
[价格] STX: 0.2561
[价格] LDO: 0.3097
[价格] TAO: 273.9
✅ [数据完整] 成功获取全部 27/27 个币种的数据
[保存] 数据已写入 /home/user/webapp/data/coin_change_tracker/coin_change_20260316.jsonl
[保存] 涨速数据已写入 /home/user/webapp/data/coin_change_tracker/velocity_20260316.jsonl
[统计] 总涨跌幅: 53.03%, 5分钟涨速: -5.94%, 币种数: 27, 上涨占比: 92.6% (25↑/2↓)
[等待] 下次采集时间: 11:03:49

[2026-03-16 11:03:59] 开始采集...
[价格] BTC: 72488.4
[价格] ETH: 2178.81
[价格] XRP: 1.4417
[价格] BNB: 672.4
[价格] SOL: 91.36
[价格] LTC: 55.91
[价格] DOGE: 0.09808
[价格] SUI: 1.0222
[价格] TRX: 0.29722
[价格] TON: 1.316
[价格] ETC: 8.507
[价格] BCH: 467.2
[价格] HBAR: 0.09591
[价格] XLM: 0.16788
[价格] FIL: 0.897
[价格] LINK: 9.466
[价格] CRO: 0.07777
[价格] DOT: 1.441
[价格] AAVE: 116.3
[价格] UNI: 4.068
[价格] NEAR: 1.3705
[价格] APT: 0.9351
[价格] CFX: 0.06287
[价格] CRV: 0.2422
[价格] STX: 0.2563
[价格] LDO: 0.31
[价格] TAO: 274.1
[RSI] 开始采集5分钟RSI数据...
[RSI] BTC: 30.91
[RSI] ETH: 37.1
[RSI] XRP: 34.55
[RSI] BNB: 28.09
[RSI] SOL: 25.79
[RSI] LTC: 29.41
[RSI] DOGE: 55.84
[RSI] SUI: 39.11
[RSI] TRX: 25.2
[RSI] TON: 50.0
[RSI] ETC: 50.3
[RSI] BCH: 44.23
[RSI] HBAR: 40.0
[RSI] XLM: 47.4
[RSI] FIL: 46.24
[RSI] LINK: 35.47
[RSI] CRO: 35.65
[RSI] DOT: 45.71
[RSI] AAVE: 31.3
[RSI] UNI: 32.1
[RSI] NEAR: 52.69
[RSI] APT: 39.2
[RSI] CFX: 57.75
[RSI] CRV: 46.94
[RSI] STX: 39.02
[RSI] LDO: 43.33
[RSI] TAO: 41.59
[RSI] 成功采集 27/27 个币种，RSI之和: 1084.92
[保存] RSI数据已写入 /home/user/webapp/data/coin_change_tracker/rsi_20260316.jsonl
✅ [数据完整] 成功获取全部 27/27 个币种的数据
[保存] 数据已写入 /home/user/webapp/data/coin_change_tracker/coin_change_20260316.jsonl
[保存] 涨速数据已写入 /home/user/webapp/data/coin_change_tracker/velocity_20260316.jsonl
[统计] 总涨跌幅: 54.89%, 5分钟涨速: -2.29%, 币种数: 27, 上涨占比: 92.6% (25↑/2↓), RSI之和: 1084.92
[等待] 下次采集时间: 11:04:59

[2026-03-16 11:05:18] 开始采集...
[价格] BTC: 72533.4
[价格] ETH: 2181.1
[价格] XRP: 1.4433
[价格] BNB: 673.1
[价格] SOL: 91.42
[价格] LTC: 55.97
[价格] DOGE: 0.09824
[价格] SUI: 1.0237
[价格] TRX: 0.29722
[价格] TON: 1.318
[价格] ETC: 8.521
[价格] BCH: 467.5
[价格] HBAR: 0.09596
[价格] XLM: 0.16805
[价格] FIL: 0.8969
[价格] LINK: 9.477
[价格] CRO: 0.07784
[价格] DOT: 1.442
[价格] AAVE: 116.42
[价格] UNI: 4.074
[价格] NEAR: 1.3725
[价格] APT: 0.936
[价格] CFX: 0.06306
[价格] CRV: 0.2422
[价格] STX: 0.2566
[价格] LDO: 0.3105
[价格] TAO: 274.1
✅ [数据完整] 成功获取全部 27/27 个币种的数据
[保存] 数据已写入 /home/user/webapp/data/coin_change_tracker/coin_change_20260316.jsonl
[保存] 涨速数据已写入 /home/user/webapp/data/coin_change_tracker/velocity_20260316.jsonl
[统计] 总涨跌幅: 57.72%, 5分钟涨速: +6.16%, 币种数: 27, 上涨占比: 92.6% (25↑/2↓)
[等待] 下次采集时间: 11:06:18

[2026-03-16 11:06:27] 开始采集...
[价格] BTC: 72501.0
[价格] ETH: 2180.0
[价格] XRP: 1.4417
[价格] BNB: 672.6
[价格] SOL: 91.34
[价格] LTC: 55.9
[价格] DOGE: 0.098
[价格] SUI: 1.0216
[价格] TRX: 0.29722
[价格] TON: 1.318
[价格] ETC: 8.506
[价格] BCH: 467.2
[价格] HBAR: 0.09585
[价格] XLM: 0.16776
[价格] FIL: 0.8961
[价格] LINK: 9.467
[价格] CRO: 0.07781
[价格] DOT: 1.442
[价格] AAVE: 116.27
[价格] UNI: 4.069
[价格] NEAR: 1.3712
[价格] APT: 0.9352
[价格] CFX: 0.0631
[价格] CRV: 0.2422
[价格] STX: 0.2565
[价格] LDO: 0.3104
[价格] TAO: 274.3
✅ [数据完整] 成功获取全部 27/27 个币种的数据
[保存] 数据已写入 /home/user/webapp/data/coin_change_tracker/coin_change_20260316.jsonl
[保存] 涨速数据已写入 /home/user/webapp/data/coin_change_tracker/velocity_20260316.jsonl
[统计] 总涨跌幅: 55.56%, 5分钟涨速: +1.06%, 币种数: 27, 上涨占比: 92.6% (25↑/2↓)
[等待] 下次采集时间: 11:07:27

[2026-03-16 11:07:37] 开始采集...
[价格] BTC: 72498.0
[价格] ETH: 2179.52
[价格] XRP: 1.4419
[价格] BNB: 672.5
[价格] SOL: 91.35
[价格] LTC: 55.89
[价格] DOGE: 0.09791
[价格] SUI: 1.0216
[价格] TRX: 0.29718
[价格] TON: 1.318
[价格] ETC: 8.502
[价格] BCH: 467.0
[价格] HBAR: 0.09587
[价格] XLM: 0.16768
[价格] FIL: 0.8957
[价格] LINK: 9.466
[价格] CRO: 0.07776
[价格] DOT: 1.442
[价格] AAVE: 116.2
[价格] UNI: 4.068
[价格] NEAR: 1.3711
[价格] APT: 0.9351
[价格] CFX: 0.06333
[价格] CRV: 0.2415
[价格] STX: 0.2565
[价格] LDO: 0.3102
[价格] TAO: 274.5
✅ [数据完整] 成功获取全部 27/27 个币种的数据
[保存] 数据已写入 /home/user/webapp/data/coin_change_tracker/coin_change_20260316.jsonl
[保存] 涨速数据已写入 /home/user/webapp/data/coin_change_tracker/velocity_20260316.jsonl
[统计] 总涨跌幅: 55.18%, 5分钟涨速: +2.15%, 币种数: 27, 上涨占比: 92.6% (25↑/2↓)
[等待] 下次采集时间: 11:08:37

[2026-03-16 11:08:46] 开始采集...
[价格] BTC: 72459.9
[价格] ETH: 2178.63
[价格] XRP: 1.4421
[价格] BNB: 672.2
[价格] SOL: 91.33
[价格] LTC: 55.87
[价格] DOGE: 0.09794
[价格] SUI: 1.0218
[价格] TRX: 0.29717
[价格] TON: 1.317
[价格] ETC: 8.5
[价格] BCH: 466.8
[价格] HBAR: 0.0959
[价格] XLM: 0.16777
[价格] FIL: 0.8956
[价格] LINK: 9.465
[价格] CRO: 0.07778
[价格] DOT: 1.442
[价格] AAVE: 116.26
[价格] UNI: 4.067
[价格] NEAR: 1.3717
[价格] APT: 0.9353
[价格] CFX: 0.06331
[价格] CRV: 0.2416
[价格] STX: 0.2567
[价格] LDO: 0.3103
[价格] TAO: 274.2
✅ [数据完整] 成功获取全部 27/27 个币种的数据
[保存] 数据已写入 /home/user/webapp/data/coin_change_tracker/coin_change_20260316.jsonl
[保存] 涨速数据已写入 /home/user/webapp/data/coin_change_tracker/velocity_20260316.jsonl
[统计] 总涨跌幅: 55.08%, 5分钟涨速: +0.19%, 币种数: 27, 上涨占比: 92.6% (25↑/2↓)
[等待] 下次采集时间: 11:09:46

[2026-03-16 11:09:55] 开始采集...
[价格] BTC: 72549.4
[价格] ETH: 2182.64
[价格] XRP: 1.4444
[价格] BNB: 673.2
[价格] SOL: 91.53
[价格] LTC: 55.98
[价格] DOGE: 0.09821
[价格] SUI: 1.024
[价格] TRX: 0.29718
[价格] TON: 1.318
[价格] ETC: 8.511
[价格] BCH: 467.4
[价格] HBAR: 0.096
[价格] XLM: 0.16798
[价格] FIL: 0.8973
[价格] LINK: 9.486
[价格] CRO: 0.07785
[价格] DOT: 1.444
[价格] AAVE: 116.59
[价格] UNI: 4.073
[价格] NEAR: 1.3741
[价格] APT: 0.9366
[价格] CFX: 0.06358
[价格] CRV: 0.2419
[价格] STX: 0.257
[价格] LDO: 0.3109
[价格] TAO: 274.3
[RSI] 开始采集5分钟RSI数据...
[RSI] BTC: 29.48
[RSI] ETH: 40.94
[RSI] XRP: 39.8
[RSI] BNB: 30.77
[RSI] SOL: 24.26
[RSI] LTC: 32.84
[RSI] DOGE: 59.15
[RSI] SUI: 52.54
[RSI] TRX: 14.15
[RSI] TON: 46.67
[RSI] ETC: 45.0
[RSI] BCH: 43.75
[RSI] HBAR: 47.83
[RSI] XLM: 45.39
[RSI] FIL: 46.67
[RSI] LINK: 39.66
[RSI] CRO: 44.57
[RSI] DOT: 51.61
[RSI] AAVE: 34.46
[RSI] UNI: 28.57
[RSI] NEAR: 58.37
[RSI] APT: 45.03
[RSI] CFX: 64.03
[RSI] CRV: 38.64
[RSI] STX: 53.49
[RSI] LDO: 51.79
[RSI] TAO: 36.7
[RSI] 成功采集 27/27 个币种，RSI之和: 1146.16
[保存] RSI数据已写入 /home/user/webapp/data/coin_change_tracker/rsi_20260316.jsonl
✅ [数据完整] 成功获取全部 27/27 个币种的数据
[保存] 数据已写入 /home/user/webapp/data/coin_change_tracker/coin_change_20260316.jsonl
[保存] 涨速数据已写入 /home/user/webapp/data/coin_change_tracker/velocity_20260316.jsonl
[统计] 总涨跌幅: 59.59%, 5分钟涨速: +1.87%, 币种数: 27, 上涨占比: 92.6% (25↑/2↓), RSI之和: 1146.16
[等待] 下次采集时间: 11:10:55

[2026-03-16 11:11:14] 开始采集...
[价格] BTC: 72530.0
[价格] ETH: 2181.65
[价格] XRP: 1.4443
[价格] BNB: 673.1
[价格] SOL: 91.53
[价格] LTC: 56.0
[价格] DOGE: 0.09843
[价格] SUI: 1.025
[价格] TRX: 0.29707
[价格] TON: 1.32
[价格] ETC: 8.52
[价格] BCH: 467.6
[价格] HBAR: 0.09602
[价格] XLM: 0.16804
[价格] FIL: 0.8982
[价格] LINK: 9.489
[价格] CRO: 0.07783
[价格] DOT: 1.447
[价格] AAVE: 116.54
[价格] UNI: 4.073
[价格] NEAR: 1.373
[价格] APT: 0.9369
[价格] CFX: 0.06389
[价格] CRV: 0.2417
[价格] STX: 0.257
[价格] LDO: 0.311
[价格] TAO: 274.1
✅ [数据完整] 成功获取全部 27/27 个币种的数据
[保存] 数据已写入 /home/user/webapp/data/coin_change_tracker/coin_change_20260316.jsonl
[保存] 涨速数据已写入 /home/user/webapp/data/coin_change_tracker/velocity_20260316.jsonl
[统计] 总涨跌幅: 60.80%, 5分钟涨速: +5.24%, 币种数: 27, 上涨占比: 92.6% (25↑/2↓)
[等待] 下次采集时间: 11:12:14

[2026-03-16 11:12:24] 开始采集...
[价格] BTC: 72514.1
[价格] ETH: 2181.83
[价格] XRP: 1.4444
[价格] BNB: 672.8
[价格] SOL: 91.54
[价格] LTC: 55.97
[价格] DOGE: 0.09845
[价格] SUI: 1.0247
[价格] TRX: 0.29708
[价格] TON: 1.32
[价格] ETC: 8.521
[价格] BCH: 467.3
[价格] HBAR: 0.09597
[价格] XLM: 0.16797
[价格] FIL: 0.899
[价格] LINK: 9.487
[价格] CRO: 0.07785
[价格] DOT: 1.447
[价格] AAVE: 116.52
[价格] UNI: 4.073
[价格] NEAR: 1.3732
[价格] APT: 0.9367
[价格] CFX: 0.0642
[价格] CRV: 0.2416
[价格] STX: 0.257
[价格] LDO: 0.3108
[价格] TAO: 273.8
✅ [数据完整] 成功获取全部 27/27 个币种的数据
[保存] 数据已写入 /home/user/webapp/data/coin_change_tracker/coin_change_20260316.jsonl
[保存] 涨速数据已写入 /home/user/webapp/data/coin_change_tracker/velocity_20260316.jsonl
[统计] 总涨跌幅: 60.91%, 5分钟涨速: +5.73%, 币种数: 27, 上涨占比: 92.6% (25↑/2↓)
[等待] 下次采集时间: 11:13:24

[2026-03-16 11:13:33] 开始采集...
[价格] BTC: 72514.1
[价格] ETH: 2182.0
[价格] XRP: 1.4445
[价格] BNB: 672.6
[价格] SOL: 91.52
[价格] LTC: 55.96
[价格] DOGE: 0.09847
[价格] SUI: 1.024
[价格] TRX: 0.29707
[价格] TON: 1.32
[价格] ETC: 8.516
[价格] BCH: 467.2
[价格] HBAR: 0.09594
[价格] XLM: 0.16794
[价格] FIL: 0.8999
[价格] LINK: 9.484
[价格] CRO: 0.07782
[价格] DOT: 1.446
[价格] AAVE: 116.47
[价格] UNI: 4.068
[价格] NEAR: 1.3696
[价格] APT: 0.9358
[价格] CFX: 0.06413
[价格] CRV: 0.2415
[价格] STX: 0.2569
[价格] LDO: 0.3107
[价格] TAO: 273.6
✅ [数据完整] 成功获取全部 27/27 个币种的数据
[保存] 数据已写入 /home/user/webapp/data/coin_change_tracker/coin_change_20260316.jsonl
[保存] 涨速数据已写入 /home/user/webapp/data/coin_change_tracker/velocity_20260316.jsonl
[统计] 总涨跌幅: 59.80%, 5分钟涨速: +4.72%, 币种数: 27, 上涨占比: 92.6% (25↑/2↓)
[等待] 下次采集时间: 11:14:33

[2026-03-16 11:14:43] 开始采集...
[价格] BTC: 72494.0
[价格] ETH: 2181.15
[价格] XRP: 1.4441
[价格] BNB: 672.4
[价格] SOL: 91.5
[价格] LTC: 55.94
[价格] DOGE: 0.09839
[价格] SUI: 1.0236
[价格] TRX: 0.2971
[价格] TON: 1.321
[价格] ETC: 8.514
[价格] BCH: 467.2
[价格] HBAR: 0.09592
[价格] XLM: 0.16782
[价格] FIL: 0.8996
[价格] LINK: 9.481
[价格] CRO: 0.07776
[价格] DOT: 1.445
[价格] AAVE: 116.45
[价格] UNI: 4.069
[价格] NEAR: 1.3702
[价格] APT: 0.9359
[价格] CFX: 0.06429
[价格] CRV: 0.2416
[价格] STX: 0.2569
[价格] LDO: 0.3107
[价格] TAO: 273.1
✅ [数据完整] 成功获取全部 27/27 个币种的数据
[保存] 数据已写入 /home/user/webapp/data/coin_change_tracker/coin_change_20260316.jsonl
[保存] 涨速数据已写入 /home/user/webapp/data/coin_change_tracker/velocity_20260316.jsonl
[统计] 总涨跌幅: 59.41%, 5分钟涨速: -0.18%, 币种数: 27, 上涨占比: 92.6% (25↑/2↓)
[等待] 下次采集时间: 11:15:43

[2026-03-16 11:15:52] 开始采集...
[价格] BTC: 72456.9
[价格] ETH: 2179.48
[价格] XRP: 1.4431
[价格] BNB: 672.1
[价格] SOL: 91.41
[价格] LTC: 55.92
[价格] DOGE: 0.09843
[价格] SUI: 1.0218
[价格] TRX: 0.29702
[价格] TON: 1.322
[价格] ETC: 8.511
[价格] BCH: 467.0
[价格] HBAR: 0.09587
[价格] XLM: 0.16774
[价格] FIL: 0.899
[价格] LINK: 9.473
[价格] CRO: 0.07772
[价格] DOT: 1.445
[价格] AAVE: 116.22
[价格] UNI: 4.064
[价格] NEAR: 1.376
[价格] APT: 0.9354
[价格] CFX: 0.06433
[价格] CRV: 0.2414
[价格] STX: 0.2568
[价格] LDO: 0.3105
[价格] TAO: 273.0
[RSI] 开始采集5分钟RSI数据...
[RSI] BTC: 27.86
[RSI] ETH: 43.24
[RSI] XRP: 43.72
[RSI] BNB: 30.0
[RSI] SOL: 23.91
[RSI] LTC: 31.82
[RSI] DOGE: 62.87
[RSI] SUI: 50.27
[RSI] TRX: 13.64
[RSI] TON: 52.94
[RSI] ETC: 44.17
[RSI] BCH: 40.82
[RSI] HBAR: 48.25
[RSI] XLM: 49.23
[RSI] FIL: 53.01
[RSI] LINK: 37.87
[RSI] CRO: 37.86
[RSI] DOT: 55.17
[RSI] AAVE: 26.96
[RSI] UNI: 28.17
[RSI] NEAR: 55.28
[RSI] APT: 42.48
[RSI] CFX: 68.57
[RSI] CRV: 34.88
[RSI] STX: 52.27
[RSI] LDO: 49.12
[RSI] TAO: 30.43
[RSI] 成功采集 27/27 个币种，RSI之和: 1134.81
[保存] RSI数据已写入 /home/user/webapp/data/coin_change_tracker/rsi_20260316.jsonl
✅ [数据完整] 成功获取全部 27/27 个币种的数据
[保存] 数据已写入 /home/user/webapp/data/coin_change_tracker/coin_change_20260316.jsonl
[保存] 涨速数据已写入 /home/user/webapp/data/coin_change_tracker/velocity_20260316.jsonl
[统计] 总涨跌幅: 58.45%, 5分钟涨速: -2.35%, 币种数: 27, 上涨占比: 92.6% (25↑/2↓), RSI之和: 1134.81
[等待] 下次采集时间: 11:16:52

[2026-03-16 11:17:11] 开始采集...
[价格] BTC: 72490.4
[价格] ETH: 2181.99
[价格] XRP: 1.4431
[价格] BNB: 672.6
[价格] SOL: 91.47
[价格] LTC: 55.94
[价格] DOGE: 0.09856
[价格] SUI: 1.0229
[价格] TRX: 0.29702
[价格] TON: 1.323
[价格] ETC: 8.518
[价格] BCH: 467.2
[价格] HBAR: 0.09591
[价格] XLM: 0.1677
[价格] FIL: 0.8999
[价格] LINK: 9.481
[价格] CRO: 0.07779
[价格] DOT: 1.448
[价格] AAVE: 116.36
[价格] UNI: 4.068
[价格] NEAR: 1.378
[价格] APT: 0.9368
[价格] CFX: 0.06472
[价格] CRV: 0.2414
[价格] STX: 0.257
[价格] LDO: 0.3108
[价格] TAO: 273.2
✅ [数据完整] 成功获取全部 27/27 个币种的数据
[保存] 数据已写入 /home/user/webapp/data/coin_change_tracker/coin_change_20260316.jsonl
[保存] 涨速数据已写入 /home/user/webapp/data/coin_change_tracker/velocity_20260316.jsonl
[统计] 总涨跌幅: 61.18%, 5分钟涨速: +0.27%, 币种数: 27, 上涨占比: 92.6% (25↑/2↓)
[等待] 下次采集时间: 11:18:11

[2026-03-16 11:18:20] 开始采集...
[价格] BTC: 72551.7
[价格] ETH: 2184.36
[价格] XRP: 1.4442
[价格] BNB: 673.0
[价格] SOL: 91.58
[价格] LTC: 55.98
[价格] DOGE: 0.09873
[价格] SUI: 1.0237
[价格] TRX: 0.29701
[价格] TON: 1.323
[价格] ETC: 8.525
[价格] BCH: 467.4
[价格] HBAR: 0.09599
[价格] XLM: 0.16786
[价格] FIL: 0.9009
[价格] LINK: 9.493
[价格] CRO: 0.07782
[价格] DOT: 1.449
[价格] AAVE: 116.54
[价格] UNI: 4.073
[价格] NEAR: 1.3773
[价格] APT: 0.9375
[价格] CFX: 0.06478
[价格] CRV: 0.2416
[价格] STX: 0.257
[价格] LDO: 0.311
[价格] TAO: 273.7
✅ [数据完整] 成功获取全部 27/27 个币种的数据
[保存] 数据已写入 /home/user/webapp/data/coin_change_tracker/coin_change_20260316.jsonl
[保存] 涨速数据已写入 /home/user/webapp/data/coin_change_tracker/velocity_20260316.jsonl
[统计] 总涨跌幅: 63.41%, 5分钟涨速: +3.61%, 币种数: 27, 上涨占比: 92.6% (25↑/2↓)
[等待] 下次采集时间: 11:19:20

[2026-03-16 11:19:30] 开始采集...
[价格] BTC: 72566.7
[价格] ETH: 2184.74
[价格] XRP: 1.4448
[价格] BNB: 673.3
[价格] SOL: 91.6
[价格] LTC: 56.01
[价格] DOGE: 0.0987
[价格] SUI: 1.0234
[价格] TRX: 0.29717
[价格] TON: 1.323
[价格] ETC: 8.529
[价格] BCH: 467.6
[价格] HBAR: 0.096
[价格] XLM: 0.16785
[价格] FIL: 0.9007
[价格] LINK: 9.497
[价格] CRO: 0.0778
[价格] DOT: 1.449
[价格] AAVE: 116.52
[价格] UNI: 4.072
[价格] NEAR: 1.378
[价格] APT: 0.9376
[价格] CFX: 0.06502
[价格] CRV: 0.2416
[价格] STX: 0.257
[价格] LDO: 0.311
[价格] TAO: 273.8
✅ [数据完整] 成功获取全部 27/27 个币种的数据
[保存] 数据已写入 /home/user/webapp/data/coin_change_tracker/coin_change_20260316.jsonl
[保存] 涨速数据已写入 /home/user/webapp/data/coin_change_tracker/velocity_20260316.jsonl
[统计] 总涨跌幅: 64.12%, 5分钟涨速: +4.71%, 币种数: 27, 上涨占比: 92.6% (25↑/2↓)
[等待] 下次采集时间: 11:20:30

[2026-03-16 11:20:40] 开始采集...
[价格] BTC: 72559.9
[价格] ETH: 2184.84
[价格] XRP: 1.4446
[价格] BNB: 673.4
[价格] SOL: 91.6
[价格] LTC: 55.99
[价格] DOGE: 0.09865
[价格] SUI: 1.0232
[价格] TRX: 0.29718
[价格] TON: 1.322
[价格] ETC: 8.527
[价格] BCH: 467.6
[价格] HBAR: 0.09594
[价格] XLM: 0.16776
[价格] FIL: 0.9007
[价格] LINK: 9.495
[价格] CRO: 0.07781
[价格] DOT: 1.447
[价格] AAVE: 116.44
[价格] UNI: 4.071
[价格] NEAR: 1.3761
[价格] APT: 0.9375
[价格] CFX: 0.06508
[价格] CRV: 0.2415
[价格] STX: 0.257
[价格] LDO: 0.311
[价格] TAO: 273.7
✅ [数据完整] 成功获取全部 27/27 个币种的数据
[保存] 数据已写入 /home/user/webapp/data/coin_change_tracker/coin_change_20260316.jsonl
[保存] 涨速数据已写入 /home/user/webapp/data/coin_change_tracker/velocity_20260316.jsonl
[统计] 总涨跌幅: 63.46%, 5分钟涨速: +5.01%, 币种数: 27, 上涨占比: 92.6% (25↑/2↓)
[等待] 下次采集时间: 11:21:40

[2026-03-16 11:21:49] 开始采集...
[价格] BTC: 72673.2
[价格] ETH: 2193.73
[价格] XRP: 1.4497
[价格] BNB: 675.0
[价格] SOL: 91.9
[价格] LTC: 56.12
[价格] DOGE: 0.09915
[价格] SUI: 1.0269
[价格] TRX: 0.29733
[价格] TON: 1.323
[价格] ETC: 8.555
[价格] BCH: 468.2
[价格] HBAR: 0.09623
[价格] XLM: 0.16833
[价格] FIL: 0.9028
[价格] LINK: 9.527
[价格] CRO: 0.07807
[价格] DOT: 1.45
[价格] AAVE: 116.85
[价格] UNI: 4.085
[价格] NEAR: 1.376
[价格] APT: 0.9381
[价格] CFX: 0.06503
[价格] CRV: 0.2422
[价格] STX: 0.2577
[价格] LDO: 0.3119
[价格] TAO: 274.8
[RSI] 开始采集5分钟RSI数据...
[RSI] BTC: 49.8
[RSI] ETH: 70.26
[RSI] XRP: 67.01
[RSI] BNB: 54.44
[RSI] SOL: 49.06
[RSI] LTC: 51.9
[RSI] DOGE: 73.09
[RSI] SUI: 68.42
[RSI] TRX: 29.51
[RSI] TON: 66.67
[RSI] ETC: 63.28
[RSI] BCH: 60.0
[RSI] HBAR: 63.5
[RSI] XLM: 62.21
[RSI] FIL: 62.79
[RSI] LINK: 60.53
[RSI] CRO: 61.4
[RSI] DOT: 62.5
[RSI] AAVE: 48.74
[RSI] UNI: 48.05
[RSI] NEAR: 60.48
[RSI] APT: 57.06
[RSI] CFX: 77.27
[RSI] CRV: 46.51
[RSI] STX: 63.27
[RSI] LDO: 66.13
[RSI] TAO: 41.53
[RSI] 成功采集 27/27 个币种，RSI之和: 1585.41
[保存] RSI数据已写入 /home/user/webapp/data/coin_change_tracker/rsi_20260316.jsonl
✅ [数据完整] 成功获取全部 27/27 个币种的数据
[保存] 数据已写入 /home/user/webapp/data/coin_change_tracker/coin_change_20260316.jsonl
[保存] 涨速数据已写入 /home/user/webapp/data/coin_change_tracker/velocity_20260316.jsonl
[统计] 总涨跌幅: 70.40%, 5分钟涨速: +9.22%, 币种数: 27, 上涨占比: 92.6% (25↑/2↓), RSI之和: 1585.41
[等待] 下次采集时间: 11:22:49

[2026-03-16 11:23:08] 开始采集...
[价格] BTC: 72635.3
[价格] ETH: 2191.31
[价格] XRP: 1.4492
[价格] BNB: 674.6
[价格] SOL: 91.82
[价格] LTC: 56.13
[价格] DOGE: 0.09904
[价格] SUI: 1.0268
[价格] TRX: 0.2974
[价格] TON: 1.322
[价格] ETC: 8.556
[价格] BCH: 467.8
[价格] HBAR: 0.09625
[价格] XLM: 0.16828
[价格] FIL: 0.903
[价格] LINK: 9.529
[价格] CRO: 0.07805
[价格] DOT: 1.452
[价格] AAVE: 116.79
[价格] UNI: 4.082
[价格] NEAR: 1.3846
[价格] APT: 0.9394
[价格] CFX: 0.06505
[价格] CRV: 0.242
[价格] STX: 0.2579
[价格] LDO: 0.3119
[价格] TAO: 274.1
✅ [数据完整] 成功获取全部 27/27 个币种的数据
[保存] 数据已写入 /home/user/webapp/data/coin_change_tracker/coin_change_20260316.jsonl
[保存] 涨速数据已写入 /home/user/webapp/data/coin_change_tracker/velocity_20260316.jsonl
[统计] 总涨跌幅: 70.41%, 5分钟涨速: +7.00%, 币种数: 27, 上涨占比: 92.6% (25↑/2↓)
[等待] 下次采集时间: 11:24:08

[2026-03-16 11:24:18] 开始采集...
[价格] BTC: 72721.8
[价格] ETH: 2200.58
[价格] XRP: 1.4522
[价格] BNB: 675.8
[价格] SOL: 92.04
[价格] LTC: 56.28
[价格] DOGE: 0.09937
[价格] SUI: 1.0296
[价格] TRX: 0.29752
[价格] TON: 1.324
[价格] ETC: 8.58
[价格] BCH: 468.3
[价格] HBAR: 0.09642
[价格] XLM: 0.16866
[价格] FIL: 0.9049
[价格] LINK: 9.567
[价格] CRO: 0.07823
[价格] DOT: 1.456
[价格] AAVE: 117.14
[价格] UNI: 4.095
[价格] NEAR: 1.3861
[价格] APT: 0.9416
[价格] CFX: 0.06563
[价格] CRV: 0.2427
[价格] STX: 0.2582
[价格] LDO: 0.3128
[价格] TAO: 274.3
✅ [数据完整] 成功获取全部 27/27 个币种的数据
[保存] 数据已写入 /home/user/webapp/data/coin_change_tracker/coin_change_20260316.jsonl
[保存] 涨速数据已写入 /home/user/webapp/data/coin_change_tracker/velocity_20260316.jsonl
[统计] 总涨跌幅: 77.40%, 5分钟涨速: +13.28%, 币种数: 27, 上涨占比: 92.6% (25↑/2↓)
[等待] 下次采集时间: 11:25:18

[2026-03-16 11:25:27] 开始采集...
[价格] BTC: 72783.3
[价格] ETH: 2205.72
[价格] XRP: 1.4518
[价格] BNB: 676.6
[价格] SOL: 92.17
[价格] LTC: 56.29
[价格] DOGE: 0.09938
[价格] SUI: 1.0302
[价格] TRX: 0.29738
[价格] TON: 1.324
[价格] ETC: 8.577
[价格] BCH: 468.5
[价格] HBAR: 0.09638
[价格] XLM: 0.16862
[价格] FIL: 0.9046
[价格] LINK: 9.576
[价格] CRO: 0.07831
[价格] DOT: 1.454
[价格] AAVE: 117.27
[价格] UNI: 4.098
[价格] NEAR: 1.3808
[价格] APT: 0.941
[价格] CFX: 0.06564
[价格] CRV: 0.2429
[价格] STX: 0.2583
[价格] LDO: 0.3127
[价格] TAO: 273.9
✅ [数据完整] 成功获取全部 27/27 个币种的数据
[保存] 数据已写入 /home/user/webapp/data/coin_change_tracker/coin_change_20260316.jsonl
[保存] 涨速数据已写入 /home/user/webapp/data/coin_change_tracker/velocity_20260316.jsonl
[统计] 总涨跌幅: 77.70%, 5分钟涨速: +14.24%, 币种数: 27, 上涨占比: 92.6% (25↑/2↓)
[等待] 下次采集时间: 11:26:27

[2026-03-16 11:26:37] 开始采集...
[价格] BTC: 72726.8
[价格] ETH: 2199.68
[价格] XRP: 1.4504
[价格] BNB: 675.6
[价格] SOL: 91.96
[价格] LTC: 56.17
[价格] DOGE: 0.09906
[价格] SUI: 1.0271
[价格] TRX: 0.29753
[价格] TON: 1.323
[价格] ETC: 8.562
[价格] BCH: 467.9
[价格] HBAR: 0.09606
[价格] XLM: 0.16831
[价格] FIL: 0.9029
[价格] LINK: 9.547
[价格] CRO: 0.07816
[价格] DOT: 1.452
[价格] AAVE: 116.9
[价格] UNI: 4.091
[价格] NEAR: 1.3772
[价格] APT: 0.9389
[价格] CFX: 0.06491
[价格] CRV: 0.2424
[价格] STX: 0.2582
[价格] LDO: 0.3116
[价格] TAO: 273.4
✅ [数据完整] 成功获取全部 27/27 个币种的数据
[保存] 数据已写入 /home/user/webapp/data/coin_change_tracker/coin_change_20260316.jsonl
[保存] 涨速数据已写入 /home/user/webapp/data/coin_change_tracker/velocity_20260316.jsonl
[统计] 总涨跌幅: 71.21%, 5分钟涨速: +0.81%, 币种数: 27, 上涨占比: 92.6% (25↑/2↓)
[等待] 下次采集时间: 11:27:37

[2026-03-16 11:27:46] 开始采集...
[价格] BTC: 72725.9
[价格] ETH: 2198.58
[价格] XRP: 1.4518
[价格] BNB: 675.6
[价格] SOL: 91.98
[价格] LTC: 56.2
[价格] DOGE: 0.09915
[价格] SUI: 1.0288
[价格] TRX: 0.2976
[价格] TON: 1.324
[价格] ETC: 8.571
[价格] BCH: 468.1
[价格] HBAR: 0.09623
[价格] XLM: 0.16843
[价格] FIL: 0.9034
[价格] LINK: 9.557
[价格] CRO: 0.07816
[价格] DOT: 1.453
[价格] AAVE: 116.92
[价格] UNI: 4.093
[价格] NEAR: 1.3828
[价格] APT: 0.9405
[价格] CFX: 0.06428
[价格] CRV: 0.2425
[价格] STX: 0.2583
[价格] LDO: 0.3119
[价格] TAO: 273.8
[RSI] 开始采集5分钟RSI数据...
[RSI] BTC: 61.68
[RSI] ETH: 71.04
[RSI] XRP: 78.54
[RSI] BNB: 61.47
[RSI] SOL: 57.78
[RSI] LTC: 61.62
[RSI] DOGE: 73.1
[RSI] SUI: 79.63
[RSI] TRX: 55.28
[RSI] TON: 68.75
[RSI] ETC: 68.6
[RSI] BCH: 62.5
[RSI] HBAR: 64.41
[RSI] XLM: 69.09
[RSI] FIL: 70.98
[RSI] LINK: 67.05
[RSI] CRO: 70.0
[RSI] DOT: 73.53
[RSI] AAVE: 56.5
[RSI] UNI: 58.33
[RSI] NEAR: 63.7
[RSI] APT: 72.0
[RSI] CFX: 64.54
[RSI] CRV: 55.56
[RSI] STX: 72.55
[RSI] LDO: 65.82
[RSI] TAO: 41.59
[RSI] 成功采集 27/27 个币种，RSI之和: 1765.64
[保存] RSI数据已写入 /home/user/webapp/data/coin_change_tracker/rsi_20260316.jsonl
✅ [数据完整] 成功获取全部 27/27 个币种的数据
[保存] 数据已写入 /home/user/webapp/data/coin_change_tracker/coin_change_20260316.jsonl
[保存] 涨速数据已写入 /home/user/webapp/data/coin_change_tracker/velocity_20260316.jsonl
[统计] 总涨跌幅: 72.33%, 5分钟涨速: +1.92%, 币种数: 27, 上涨占比: 92.6% (25↑/2↓), RSI之和: 1765.64
[等待] 下次采集时间: 11:28:46

[2026-03-16 11:29:05] 开始采集...
[价格] BTC: 72809.9
[价格] ETH: 2200.8
[价格] XRP: 1.4535
[价格] BNB: 676.0
[价格] SOL: 92.09
[价格] LTC: 56.25
[价格] DOGE: 0.0993
[价格] SUI: 1.0308
[价格] TRX: 0.29761
[价格] TON: 1.324
[价格] ETC: 8.577
[价格] BCH: 468.3
[价格] HBAR: 0.09633
[价格] XLM: 0.16865
[价格] FIL: 0.9038
[价格] LINK: 9.56
[价格] CRO: 0.07823
[价格] DOT: 1.454
[价格] AAVE: 116.93
[价格] UNI: 4.098
[价格] NEAR: 1.3805
[价格] APT: 0.9413
[价格] CFX: 0.06363
[价格] CRV: 0.2426
[价格] STX: 0.2583
[价格] LDO: 0.3122
[价格] TAO: 274.1
✅ [数据完整] 成功获取全部 27/27 个币种的数据
[保存] 数据已写入 /home/user/webapp/data/coin_change_tracker/coin_change_20260316.jsonl
[保存] 涨速数据已写入 /home/user/webapp/data/coin_change_tracker/velocity_20260316.jsonl
[统计] 总涨跌幅: 73.11%, 5分钟涨速: -4.29%, 币种数: 27, 上涨占比: 92.6% (25↑/2↓)
[等待] 下次采集时间: 11:30:05

[2026-03-16 11:30:15] 开始采集...
[价格] BTC: 72871.8
[价格] ETH: 2205.03
[价格] XRP: 1.4543
[价格] BNB: 676.5
[价格] SOL: 92.23
[价格] LTC: 56.29
[价格] DOGE: 0.09972
[价格] SUI: 1.0322
[价格] TRX: 0.29761
[价格] TON: 1.323
[价格] ETC: 8.582
[价格] BCH: 468.8
[价格] HBAR: 0.09639
[价格] XLM: 0.16882
[价格] FIL: 0.9043
[价格] LINK: 9.58
[价格] CRO: 0.07824
[价格] DOT: 1.455
[价格] AAVE: 117.11
[价格] UNI: 4.103
[价格] NEAR: 1.3811
[价格] APT: 0.9418
[价格] CFX: 0.06398
[价格] CRV: 0.2427
[价格] STX: 0.2585
[价格] LDO: 0.3124
[价格] TAO: 274.4
✅ [数据完整] 成功获取全部 27/27 个币种的数据
[保存] 数据已写入 /home/user/webapp/data/coin_change_tracker/coin_change_20260316.jsonl
[保存] 涨速数据已写入 /home/user/webapp/data/coin_change_tracker/velocity_20260316.jsonl
[统计] 总涨跌幅: 76.20%, 5分钟涨速: -1.50%, 币种数: 27, 上涨占比: 92.6% (25↑/2↓)
[等待] 下次采集时间: 11:31:15

[2026-03-16 11:31:24] 开始采集...
[价格] BTC: 73204.5
[价格] ETH: 2220.86
[价格] XRP: 1.4628
[价格] BNB: 680.4
[价格] SOL: 92.83
[价格] LTC: 56.55
[价格] DOGE: 0.10022
[价格] SUI: 1.0387
[价格] TRX: 0.29769
[价格] TON: 1.327
[价格] ETC: 8.639
[价格] BCH: 470.6
[价格] HBAR: 0.09696
[价格] XLM: 0.1698
[价格] FIL: 0.9112
[价格] LINK: 9.689
[价格] CRO: 0.07853
[价格] DOT: 1.467
[价格] AAVE: 117.89
[价格] UNI: 4.13
[价格] NEAR: 1.3875
[价格] APT: 0.948
[价格] CFX: 0.06368
[价格] CRV: 0.2443
[价格] STX: 0.2598
[价格] LDO: 0.3143
[价格] TAO: 275.7
✅ [数据完整] 成功获取全部 27/27 个币种的数据
[保存] 数据已写入 /home/user/webapp/data/coin_change_tracker/coin_change_20260316.jsonl
[保存] 涨速数据已写入 /home/user/webapp/data/coin_change_tracker/velocity_20260316.jsonl
[统计] 总涨跌幅: 91.08%, 5分钟涨速: +19.87%, 币种数: 27, 上涨占比: 96.3% (26↑/1↓)
[等待] 下次采集时间: 11:32:24

[2026-03-16 11:32:34] 开始采集...
[价格] BTC: 73252.0
[价格] ETH: 2227.14
[价格] XRP: 1.4631
[价格] BNB: 681.2
[价格] SOL: 93.02
[价格] LTC: 56.62
[价格] DOGE: 0.1003
[价格] SUI: 1.0408
[价格] TRX: 0.29772
[价格] TON: 1.327
[价格] ETC: 8.657
[价格] BCH: 470.8
[价格] HBAR: 0.09692
[价格] XLM: 0.16982
[价格] FIL: 0.9123
[价格] LINK: 9.714
[价格] CRO: 0.07857
[价格] DOT: 1.469
[价格] AAVE: 117.95
[价格] UNI: 4.136
[价格] NEAR: 1.3884
[价格] APT: 0.9491
[价格] CFX: 0.06391
[价格] CRV: 0.2446
[价格] STX: 0.26
[价格] LDO: 0.3148
[价格] TAO: 276.0
✅ [数据完整] 成功获取全部 27/27 个币种的数据
[保存] 数据已写入 /home/user/webapp/data/coin_change_tracker/coin_change_20260316.jsonl
[保存] 涨速数据已写入 /home/user/webapp/data/coin_change_tracker/velocity_20260316.jsonl
[统计] 总涨跌幅: 94.33%, 5分钟涨速: +22.00%, 币种数: 27, 上涨占比: 96.3% (26↑/1↓)
[等待] 下次采集时间: 11:33:34

[2026-03-16 11:33:43] 开始采集...
[价格] BTC: 73424.2
[价格] ETH: 2234.98
[价格] XRP: 1.4685
[价格] BNB: 683.0
[价格] SOL: 93.32
[价格] LTC: 56.78
[价格] DOGE: 0.10101
[价格] SUI: 1.0444
[价格] TRX: 0.29779
[价格] TON: 1.329
[价格] ETC: 8.704
[价格] BCH: 472.1
[价格] HBAR: 0.0973
[价格] XLM: 0.17055
[价格] FIL: 0.9248
[价格] LINK: 9.775
[价格] CRO: 0.07872
[价格] DOT: 1.476
[价格] AAVE: 118.39
[价格] UNI: 4.16
[价格] NEAR: 1.4003
[价格] APT: 0.9539
[价格] CFX: 0.06372
[价格] CRV: 0.2456
[价格] STX: 0.2624
[价格] LDO: 0.3166
[价格] TAO: 276.9
[RSI] 开始采集5分钟RSI数据...
[RSI] BTC: 86.3
[RSI] ETH: 83.76
[RSI] XRP: 93.31
[RSI] BNB: 82.46
[RSI] SOL: 83.0
[RSI] LTC: 80.54
[RSI] DOGE: 88.31
[RSI] SUI: 92.06
[RSI] TRX: 62.14
[RSI] TON: 73.91
[RSI] ETC: 83.38
[RSI] BCH: 83.16
[RSI] HBAR: 84.53
[RSI] XLM: 85.2
[RSI] FIL: 84.28
[RSI] LINK: 85.81
[RSI] CRO: 81.61
[RSI] DOT: 87.5
[RSI] AAVE: 75.44
[RSI] UNI: 82.71
[RSI] NEAR: 73.11
[RSI] APT: 86.15
[RSI] CFX: 61.26
[RSI] CRV: 76.62
[RSI] STX: 88.76
[RSI] LDO: 81.97
[RSI] TAO: 58.78
[RSI] 成功采集 27/27 个币种，RSI之和: 2186.06
[保存] RSI数据已写入 /home/user/webapp/data/coin_change_tracker/rsi_20260316.jsonl
✅ [数据完整] 成功获取全部 27/27 个币种的数据
[保存] 数据已写入 /home/user/webapp/data/coin_change_tracker/coin_change_20260316.jsonl
[保存] 涨速数据已写入 /home/user/webapp/data/coin_change_tracker/velocity_20260316.jsonl
[统计] 总涨跌幅: 106.36%, 5分钟涨速: +33.25%, 币种数: 27, 上涨占比: 96.3% (26↑/1↓), RSI之和: 2186.06
[等待] 下次采集时间: 11:34:43

[2026-03-16 11:35:02] 开始采集...
[价格] BTC: 73699.8
[价格] ETH: 2242.65
[价格] XRP: 1.4732
[价格] BNB: 684.1
[价格] SOL: 93.64
[价格] LTC: 56.91
[价格] DOGE: 0.10116
[价格] SUI: 1.0479
[价格] TRX: 0.29794
[价格] TON: 1.33
[价格] ETC: 8.716
[价格] BCH: 473.6
[价格] HBAR: 0.09771
[价格] XLM: 0.17124
[价格] FIL: 0.922
[价格] LINK: 9.792
[价格] CRO: 0.07881
[价格] DOT: 1.481
[价格] AAVE: 118.6
[价格] UNI: 4.166
[价格] NEAR: 1.4043
[价格] APT: 0.9569
[价格] CFX: 0.06426
[价格] CRV: 0.2457
[价格] STX: 0.2625
[价格] LDO: 0.318
[价格] TAO: 277.3
✅ [数据完整] 成功获取全部 27/27 个币种的数据
[保存] 数据已写入 /home/user/webapp/data/coin_change_tracker/coin_change_20260316.jsonl
[保存] 涨速数据已写入 /home/user/webapp/data/coin_change_tracker/velocity_20260316.jsonl
[统计] 总涨跌幅: 113.03%, 5分钟涨速: +36.83%, 币种数: 27, 上涨占比: 96.3% (26↑/1↓)
[等待] 下次采集时间: 11:36:02

[2026-03-16 11:36:11] 开始采集...
[价格] BTC: 73642.9
[价格] ETH: 2234.9
[价格] XRP: 1.469
[价格] BNB: 683.1
[价格] SOL: 93.46
[价格] LTC: 56.78
[价格] DOGE: 0.10078
[价格] SUI: 1.0434
[价格] TRX: 0.29797
[价格] TON: 1.33
[价格] ETC: 8.692
[价格] BCH: 473.2
[价格] HBAR: 0.09736
[价格] XLM: 0.17059
[价格] FIL: 0.9194
[价格] LINK: 9.748
[价格] CRO: 0.0787
[价格] DOT: 1.48
[价格] AAVE: 118.21
[价格] UNI: 4.154
[价格] NEAR: 1.4004
[价格] APT: 0.9541
[价格] CFX: 0.06404
[价格] CRV: 0.2456
[价格] STX: 0.2621
[价格] LDO: 0.3174
[价格] TAO: 276.8
✅ [数据完整] 成功获取全部 27/27 个币种的数据
[保存] 数据已写入 /home/user/webapp/data/coin_change_tracker/coin_change_20260316.jsonl
[保存] 涨速数据已写入 /home/user/webapp/data/coin_change_tracker/velocity_20260316.jsonl
[统计] 总涨跌幅: 106.54%, 5分钟涨速: +15.46%, 币种数: 27, 上涨占比: 96.3% (26↑/1↓)
[等待] 下次采集时间: 11:37:11

[2026-03-16 11:37:21] 开始采集...
[价格] BTC: 73898.9
[价格] ETH: 2244.95
[价格] XRP: 1.4749
[价格] BNB: 684.3
[价格] SOL: 93.72
[价格] LTC: 56.9
[价格] DOGE: 0.10098
[价格] SUI: 1.0469
[价格] TRX: 0.29802
[价格] TON: 1.331
[价格] ETC: 8.71
[价格] BCH: 472.9
[价格] HBAR: 0.09764
[价格] XLM: 0.17104
[价格] FIL: 0.9211
[价格] LINK: 9.769
[价格] CRO: 0.07879
[价格] DOT: 1.485
[价格] AAVE: 118.46
[价格] UNI: 4.159
[价格] NEAR: 1.402
[价格] APT: 0.958
[价格] CFX: 0.06428
[价格] CRV: 0.2457
[价格] STX: 0.2621
[价格] LDO: 0.3182
[价格] TAO: 277.5
✅ [数据完整] 成功获取全部 27/27 个币种的数据
[保存] 数据已写入 /home/user/webapp/data/coin_change_tracker/coin_change_20260316.jsonl
[保存] 涨速数据已写入 /home/user/webapp/data/coin_change_tracker/velocity_20260316.jsonl
[统计] 总涨跌幅: 112.63%, 5分钟涨速: +18.30%, 币种数: 27, 上涨占比: 96.3% (26↑/1↓)
[等待] 下次采集时间: 11:38:21

[2026-03-16 11:38:30] 开始采集...
[价格] BTC: 74030.0
[价格] ETH: 2249.0
[价格] XRP: 1.4781
[价格] BNB: 684.8
[价格] SOL: 93.77
[价格] LTC: 56.91
[价格] DOGE: 0.10113
[价格] SUI: 1.0463
[价格] TRX: 0.29805
[价格] TON: 1.332
[价格] ETC: 8.724
[价格] BCH: 473.6
[价格] HBAR: 0.09768
[价格] XLM: 0.17125
[价格] FIL: 0.9222
[价格] LINK: 9.773
[价格] CRO: 0.07885
[价格] DOT: 1.486
[价格] AAVE: 118.38
[价格] UNI: 4.158
[价格] NEAR: 1.4022
[价格] APT: 0.9583
[价格] CFX: 0.06389
[价格] CRV: 0.2462
[价格] STX: 0.262
[价格] LDO: 0.3183
[价格] TAO: 276.7
✅ [数据完整] 成功获取全部 27/27 个币种的数据
[保存] 数据已写入 /home/user/webapp/data/coin_change_tracker/coin_change_20260316.jsonl
[保存] 涨速数据已写入 /home/user/webapp/data/coin_change_tracker/velocity_20260316.jsonl
[统计] 总涨跌幅: 113.60%, 5分钟涨速: +7.24%, 币种数: 27, 上涨占比: 96.3% (26↑/1↓)
[等待] 下次采集时间: 11:39:30

[2026-03-16 11:39:39] 开始采集...
[价格] BTC: 74013.9
[价格] ETH: 2246.11
[价格] XRP: 1.476
[价格] BNB: 684.3
[价格] SOL: 93.67
[价格] LTC: 56.91
[价格] DOGE: 0.101
[价格] SUI: 1.0463
[价格] TRX: 0.298
[价格] TON: 1.332
[价格] ETC: 8.718
[价格] BCH: 473.3
[价格] HBAR: 0.09753
[价格] XLM: 0.17094
[价格] FIL: 0.921
[价格] LINK: 9.773
[价格] CRO: 0.07882
[价格] DOT: 1.486
[价格] AAVE: 118.39
[价格] UNI: 4.157
[价格] NEAR: 1.4018
[价格] APT: 0.9591
[价格] CFX: 0.06403
[价格] CRV: 0.2464
[价格] STX: 0.2621
[价格] LDO: 0.3185
[价格] TAO: 279.4
[RSI] 开始采集5分钟RSI数据...
[RSI] BTC: 92.75
[RSI] ETH: 88.83
[RSI] XRP: 99.49
[RSI] BNB: 86.78
[RSI] SOL: 91.17
[RSI] LTC: 83.65
[RSI] DOGE: 88.66
[RSI] SUI: 90.19
[RSI] TRX: 71.52
[RSI] TON: 80.0
[RSI] ETC: 90.0
[RSI] BCH: 88.42
[RSI] HBAR: 87.37
[RSI] XLM: 87.31
[RSI] FIL: 86.43
[RSI] LINK: 89.45
[RSI] CRO: 86.21
[RSI] DOT: 93.55
[RSI] AAVE: 79.6
[RSI] UNI: 85.07
[RSI] NEAR: 78.35
[RSI] APT: 93.54
[RSI] CFX: 62.02
[RSI] CRV: 81.71
[RSI] STX: 89.77
[RSI] LDO: 87.12
[RSI] TAO: 61.7
[RSI] 成功采集 27/27 个币种，RSI之和: 2300.66
[保存] RSI数据已写入 /home/user/webapp/data/coin_change_tracker/rsi_20260316.jsonl
✅ [数据完整] 成功获取全部 27/27 个币种的数据
[保存] 数据已写入 /home/user/webapp/data/coin_change_tracker/coin_change_20260316.jsonl
[保存] 涨速数据已写入 /home/user/webapp/data/coin_change_tracker/velocity_20260316.jsonl
[统计] 总涨跌幅: 113.73%, 5分钟涨速: +0.70%, 币种数: 27, 上涨占比: 96.3% (26↑/1↓), RSI之和: 2300.66
[等待] 下次采集时间: 11:40:39

[2026-03-16 11:40:58] 开始采集...
[价格] BTC: 73912.6
[价格] ETH: 2240.94
[价格] XRP: 1.4734
[价格] BNB: 683.2
[价格] SOL: 93.51
[价格] LTC: 56.79
[价格] DOGE: 0.10087
[价格] SUI: 1.0433
[价格] TRX: 0.29778
[价格] TON: 1.331
[价格] ETC: 8.704
[价格] BCH: 473.3
[价格] HBAR: 0.09741
[价格] XLM: 0.17076
[价格] FIL: 0.9206
[价格] LINK: 9.754
[价格] CRO: 0.07857
[价格] DOT: 1.484
[价格] AAVE: 118.44
[价格] UNI: 4.15
[价格] NEAR: 1.3995
[价格] APT: 0.9579
[价格] CFX: 0.06433
[价格] CRV: 0.246
[价格] STX: 0.2617
[价格] LDO: 0.3178
[价格] TAO: 277.4
✅ [数据完整] 成功获取全部 27/27 个币种的数据
[保存] 数据已写入 /home/user/webapp/data/coin_change_tracker/coin_change_20260316.jsonl
[保存] 涨速数据已写入 /home/user/webapp/data/coin_change_tracker/velocity_20260316.jsonl
[统计] 总涨跌幅: 109.66%, 5分钟涨速: +3.12%, 币种数: 27, 上涨占比: 96.3% (26↑/1↓)
[等待] 下次采集时间: 11:41:58

[2026-03-16 11:42:08] 开始采集...
[价格] BTC: 73771.0
[价格] ETH: 2236.73
[价格] XRP: 1.4708
[价格] BNB: 681.7
[价格] SOL: 93.3
[价格] LTC: 56.7
[价格] DOGE: 0.10065
[价格] SUI: 1.0397
[价格] TRX: 0.29776
[价格] TON: 1.33
[价格] ETC: 8.674
[价格] BCH: 472.7
[价格] HBAR: 0.09719
[价格] XLM: 0.17034
[价格] FIL: 0.9172
[价格] LINK: 9.726
[价格] CRO: 0.07846
[价格] DOT: 1.478
[价格] AAVE: 118.15
[价格] UNI: 4.139
[价格] NEAR: 1.3949
[价格] APT: 0.9552
[价格] CFX: 0.06362
[价格] CRV: 0.2455
[价格] STX: 0.2612
[价格] LDO: 0.3168
[价格] TAO: 277.4
✅ [数据完整] 成功获取全部 27/27 个币种的数据
[保存] 数据已写入 /home/user/webapp/data/coin_change_tracker/coin_change_20260316.jsonl
[保存] 涨速数据已写入 /home/user/webapp/data/coin_change_tracker/velocity_20260316.jsonl
[统计] 总涨跌幅: 102.43%, 5分钟涨速: -10.20%, 币种数: 27, 上涨占比: 96.3% (26↑/1↓)
[等待] 下次采集时间: 11:43:08

[2026-03-16 11:43:17] 开始采集...
[价格] BTC: 73711.1
[价格] ETH: 2234.61
[价格] XRP: 1.469
[价格] BNB: 681.2
[价格] SOL: 93.11
[价格] LTC: 56.69
[价格] DOGE: 0.10042
[价格] SUI: 1.0385
[价格] TRX: 0.29768
[价格] TON: 1.328
[价格] ETC: 8.666
[价格] BCH: 472.4
[价格] HBAR: 0.09704
[价格] XLM: 0.17008
[价格] FIL: 0.9148
[价格] LINK: 9.716
[价格] CRO: 0.07835
[价格] DOT: 1.475
[价格] AAVE: 117.97
[价格] UNI: 4.109
[价格] NEAR: 1.3919
[价格] APT: 0.9529
[价格] CFX: 0.06411
[价格] CRV: 0.2451
[价格] STX: 0.2605
[价格] LDO: 0.3162
[价格] TAO: 276.8
✅ [数据完整] 成功获取全部 27/27 个币种的数据
[保存] 数据已写入 /home/user/webapp/data/coin_change_tracker/coin_change_20260316.jsonl
[保存] 涨速数据已写入 /home/user/webapp/data/coin_change_tracker/velocity_20260316.jsonl
[统计] 总涨跌幅: 98.61%, 5分钟涨速: -14.99%, 币种数: 27, 上涨占比: 96.3% (26↑/1↓)
[等待] 下次采集时间: 11:44:17

[2026-03-16 11:44:27] 开始采集...
[价格] BTC: 73725.2
[价格] ETH: 2236.04
[价格] XRP: 1.4696
[价格] BNB: 681.1
[价格] SOL: 93.22
[价格] LTC: 56.72
[价格] DOGE: 0.10033
[价格] SUI: 1.0387
[价格] TRX: 0.29769
[价格] TON: 1.328
[价格] ETC: 8.657
[价格] BCH: 472.4
[价格] HBAR: 0.09704
[价格] XLM: 0.17003
[价格] FIL: 0.9146
[价格] LINK: 9.717
[价格] CRO: 0.07834
[价格] DOT: 1.476
[价格] AAVE: 117.94
[价格] UNI: 4.111
[价格] NEAR: 1.3939
[价格] APT: 0.9524
[价格] CFX: 0.06405
[价格] CRV: 0.2452
[价格] STX: 0.2605
[价格] LDO: 0.316
[价格] TAO: 277.6
✅ [数据完整] 成功获取全部 27/27 个币种的数据
[保存] 数据已写入 /home/user/webapp/data/coin_change_tracker/coin_change_20260316.jsonl
[保存] 涨速数据已写入 /home/user/webapp/data/coin_change_tracker/velocity_20260316.jsonl
[统计] 总涨跌幅: 99.05%, 5分钟涨速: -14.68%, 币种数: 27, 上涨占比: 96.3% (26↑/1↓)
[等待] 下次采集时间: 11:45:27

[2026-03-16 11:45:36] 开始采集...
[价格] BTC: 73730.0
[价格] ETH: 2238.1
[价格] XRP: 1.4695
[价格] BNB: 681.4
[价格] SOL: 93.27
[价格] LTC: 56.72
[价格] DOGE: 0.10047
[价格] SUI: 1.0387
[价格] TRX: 0.29797
[价格] TON: 1.328
[价格] ETC: 8.652
[价格] BCH: 472.5
[价格] HBAR: 0.09707
[价格] XLM: 0.16999
[价格] FIL: 0.914
[价格] LINK: 9.726
[价格] CRO: 0.07841
[价格] DOT: 1.479
[价格] AAVE: 118.04
[价格] UNI: 4.115
[价格] NEAR: 1.3927
[价格] APT: 0.9516
[价格] CFX: 0.06381
[价格] CRV: 0.2451
[价格] STX: 0.2605
[价格] LDO: 0.3159
[价格] TAO: 276.9
[RSI] 开始采集5分钟RSI数据...
[RSI] BTC: 85.37
[RSI] ETH: 83.44
[RSI] XRP: 87.22
[RSI] BNB: 76.53
[RSI] SOL: 80.56
[RSI] LTC: 75.88
[RSI] DOGE: 80.62
[RSI] SUI: 75.68
[RSI] TRX: 68.04
[RSI] TON: 70.37
[RSI] ETC: 74.02
[RSI] BCH: 83.0
[RSI] HBAR: 73.03
[RSI] XLM: 73.27
[RSI] FIL: 73.85
[RSI] LINK: 80.71
[RSI] CRO: 67.84
[RSI] DOT: 80.6
[RSI] AAVE: 69.21
[RSI] UNI: 62.71
[RSI] NEAR: 68.99
[RSI] APT: 74.05
[RSI] CFX: 60.77
[RSI] CRV: 67.39
[RSI] STX: 73.53
[RSI] LDO: 72.55
[RSI] TAO: 63.57
[RSI] 成功采集 27/27 个币种，RSI之和: 2002.8
[保存] RSI数据已写入 /home/user/webapp/data/coin_change_tracker/rsi_20260316.jsonl
✅ [数据完整] 成功获取全部 27/27 个币种的数据
[保存] 数据已写入 /home/user/webapp/data/coin_change_tracker/coin_change_20260316.jsonl
[保存] 涨速数据已写入 /home/user/webapp/data/coin_change_tracker/velocity_20260316.jsonl
[统计] 总涨跌幅: 99.04%, 5分钟涨速: -10.62%, 币种数: 27, 上涨占比: 96.3% (26↑/1↓), RSI之和: 2002.8
[等待] 下次采集时间: 11:46:36

[2026-03-16 11:46:55] 开始采集...
[价格] BTC: 73661.9
[价格] ETH: 2239.93
[价格] XRP: 1.47
[价格] BNB: 681.4
[价格] SOL: 93.34
[价格] LTC: 56.79
[价格] DOGE: 0.10045
[价格] SUI: 1.0399
[价格] TRX: 0.29784
[价格] TON: 1.328
[价格] ETC: 8.654
[价格] BCH: 472.6
[价格] HBAR: 0.09705
[价格] XLM: 0.1699
[价格] FIL: 0.9134
[价格] LINK: 9.727
[价格] CRO: 0.07842
[价格] DOT: 1.478
[价格] AAVE: 117.95
[价格] UNI: 4.113
[价格] NEAR: 1.3924
[价格] APT: 0.9531
[价格] CFX: 0.06369
[价格] CRV: 0.2451
[价格] STX: 0.2602
[价格] LDO: 0.3155
[价格] TAO: 276.0
✅ [数据完整] 成功获取全部 27/27 个币种的数据
[保存] 数据已写入 /home/user/webapp/data/coin_change_tracker/coin_change_20260316.jsonl
[保存] 涨速数据已写入 /home/user/webapp/data/coin_change_tracker/velocity_20260316.jsonl
[统计] 总涨跌幅: 98.42%, 5分钟涨速: -4.01%, 币种数: 27, 上涨占比: 96.3% (26↑/1↓)
[等待] 下次采集时间: 11:47:55

[2026-03-16 11:48:04] 开始采集...
[价格] BTC: 73597.7
[价格] ETH: 2233.86
[价格] XRP: 1.4657
[价格] BNB: 680.4
[价格] SOL: 93.11
[价格] LTC: 56.63
[价格] DOGE: 0.1001
[价格] SUI: 1.0363
[价格] TRX: 0.29792
[价格] TON: 1.329
[价格] ETC: 8.625
[价格] BCH: 472.0
[价格] HBAR: 0.09682
[价格] XLM: 0.16931
[价格] FIL: 0.9112
[价格] LINK: 9.683
[价格] CRO: 0.07828
[价格] DOT: 1.474
[价格] AAVE: 117.61
[价格] UNI: 4.097
[价格] NEAR: 1.3874
[价格] APT: 0.9496
[价格] CFX: 0.06359
[价格] CRV: 0.2441
[价格] STX: 0.2594
[价格] LDO: 0.3142
[价格] TAO: 275.7
✅ [数据完整] 成功获取全部 27/27 个币种的数据
[保存] 数据已写入 /home/user/webapp/data/coin_change_tracker/coin_change_20260316.jsonl
[保存] 涨速数据已写入 /home/user/webapp/data/coin_change_tracker/velocity_20260316.jsonl
[统计] 总涨跌幅: 91.25%, 5分钟涨速: -7.36%, 币种数: 27, 上涨占比: 96.3% (26↑/1↓)
[等待] 下次采集时间: 11:49:04

[2026-03-16 11:49:19] 开始采集...
[价格] BTC: 73545.6
[价格] ETH: 2230.1
[价格] XRP: 1.4651
[价格] BNB: 679.8
[价格] SOL: 93.03
[价格] LTC: 56.65
[价格] DOGE: 0.09999
[价格] SUI: 1.0373
[价格] TRX: 0.29789
[价格] TON: 1.328
[价格] ETC: 8.624
[价格] BCH: 471.6
[价格] HBAR: 0.09684
[价格] XLM: 0.16931
[价格] FIL: 0.9113
[价格] LINK: 9.685
[价格] CRO: 0.07831
[价格] DOT: 1.476
[价格] AAVE: 117.79
[价格] UNI: 4.094
[价格] NEAR: 1.3888
[价格] APT: 0.9499
[价格] CFX: 0.0636
[价格] CRV: 0.2441
[价格] STX: 0.2594
[价格] LDO: 0.3143
[价格] TAO: 276.6
✅ [数据完整] 成功获取全部 27/27 个币种的数据
[保存] 数据已写入 /home/user/webapp/data/coin_change_tracker/coin_change_20260316.jsonl
[保存] 涨速数据已写入 /home/user/webapp/data/coin_change_tracker/velocity_20260316.jsonl
[统计] 总涨跌幅: 91.43%, 5分钟涨速: -7.62%, 币种数: 27, 上涨占比: 96.3% (26↑/1↓)
[等待] 下次采集时间: 11:50:19

[2026-03-16 11:50:28] 开始采集...
[价格] BTC: 73693.1
[价格] ETH: 2234.82
[价格] XRP: 1.4679
[价格] BNB: 681.0
[价格] SOL: 93.18
[价格] LTC: 56.74
[价格] DOGE: 0.1001
[价格] SUI: 1.0401
[价格] TRX: 0.29803
[价格] TON: 1.328
[价格] ETC: 8.647
[价格] BCH: 472.5
[价格] HBAR: 0.0971
[价格] XLM: 0.16986
[价格] FIL: 0.9138
[价格] LINK: 9.708
[价格] CRO: 0.0784
[价格] DOT: 1.479
[价格] AAVE: 118.22
[价格] UNI: 4.108
[价格] NEAR: 1.3932
[价格] APT: 0.9521
[价格] CFX: 0.06393
[价格] CRV: 0.2447
[价格] STX: 0.2597
[价格] LDO: 0.3154
[价格] TAO: 277.4
✅ [数据完整] 成功获取全部 27/27 个币种的数据
[保存] 数据已写入 /home/user/webapp/data/coin_change_tracker/coin_change_20260316.jsonl
[保存] 涨速数据已写入 /home/user/webapp/data/coin_change_tracker/velocity_20260316.jsonl
[统计] 总涨跌幅: 97.84%, 5分钟涨速: -1.20%, 币种数: 27, 上涨占比: 96.3% (26↑/1↓)
[等待] 下次采集时间: 11:51:28

[2026-03-16 11:51:38] 开始采集...
[价格] BTC: 73717.5
[价格] ETH: 2238.6
[价格] XRP: 1.4686
[价格] BNB: 681.1
[价格] SOL: 93.26
[价格] LTC: 56.76
[价格] DOGE: 0.10005
[价格] SUI: 1.0419
[价格] TRX: 0.29797
[价格] TON: 1.329
[价格] ETC: 8.656
[价格] BCH: 472.7
[价格] HBAR: 0.0971
[价格] XLM: 0.16983
[价格] FIL: 0.9139
[价格] LINK: 9.724
[价格] CRO: 0.07843
[价格] DOT: 1.481
[价格] AAVE: 118.21
[价格] UNI: 4.109
[价格] NEAR: 1.3935
[价格] APT: 0.9531
[价格] CFX: 0.06405
[价格] CRV: 0.2448
[价格] STX: 0.26
[价格] LDO: 0.3156
[价格] TAO: 276.8
[RSI] 开始采集5分钟RSI数据...
[RSI] BTC: 80.6
[RSI] ETH: 79.56
[RSI] XRP: 80.66
[RSI] BNB: 72.73
[RSI] SOL: 77.33
[RSI] LTC: 74.16
[RSI] DOGE: 73.35
[RSI] SUI: 74.56
[RSI] TRX: 68.04
[RSI] TON: 71.43
[RSI] ETC: 71.05
[RSI] BCH: 78.57
[RSI] HBAR: 70.49
[RSI] XLM: 68.05
[RSI] FIL: 70.45
[RSI] LINK: 76.88
[RSI] CRO: 67.84
[RSI] DOT: 80.88
[RSI] AAVE: 70.11
[RSI] UNI: 59.9
[RSI] NEAR: 68.15
[RSI] APT: 74.4
[RSI] CFX: 59.54
[RSI] CRV: 65.69
[RSI] STX: 68.42
[RSI] LDO: 67.8
[RSI] TAO: 62.68
[RSI] 成功采集 27/27 个币种，RSI之和: 1933.32
[保存] RSI数据已写入 /home/user/webapp/data/coin_change_tracker/rsi_20260316.jsonl
✅ [数据完整] 成功获取全部 27/27 个币种的数据
[保存] 数据已写入 /home/user/webapp/data/coin_change_tracker/coin_change_20260316.jsonl
[保存] 涨速数据已写入 /home/user/webapp/data/coin_change_tracker/velocity_20260316.jsonl
[统计] 总涨跌幅: 99.31%, 5分钟涨速: +0.89%, 币种数: 27, 上涨占比: 96.3% (26↑/1↓), RSI之和: 1933.32
[等待] 下次采集时间: 11:52:38

[2026-03-16 11:52:57] 开始采集...
[价格] BTC: 73640.0
[价格] ETH: 2233.49
[价格] XRP: 1.4659
[价格] BNB: 680.3
[价格] SOL: 93.13
[价格] LTC: 56.71
[价格] DOGE: 0.09993
[价格] SUI: 1.0405
[价格] TRX: 0.29796
[价格] TON: 1.329
[价格] ETC: 8.65
[价格] BCH: 472.4
[价格] HBAR: 0.09705
[价格] XLM: 0.16984
[价格] FIL: 0.9128
[价格] LINK: 9.709
[价格] CRO: 0.07838
[价格] DOT: 1.48
[价格] AAVE: 118.16
[价格] UNI: 4.104
[价格] NEAR: 1.3929
[价格] APT: 0.9525
[价格] CFX: 0.06388
[价格] CRV: 0.2447
[价格] STX: 0.26
[价格] LDO: 0.3152
[价格] TAO: 276.7
✅ [数据完整] 成功获取全部 27/27 个币种的数据
[保存] 数据已写入 /home/user/webapp/data/coin_change_tracker/coin_change_20260316.jsonl
[保存] 涨速数据已写入 /home/user/webapp/data/coin_change_tracker/velocity_20260316.jsonl
[统计] 总涨跌幅: 96.74%, 5分钟涨速: +5.49%, 币种数: 27, 上涨占比: 96.3% (26↑/1↓)
[等待] 下次采集时间: 11:53:57

[2026-03-16 11:54:06] 开始采集...
[价格] BTC: 73680.5
[价格] ETH: 2237.15
[价格] XRP: 1.4668
[价格] BNB: 680.6
[价格] SOL: 93.21
[价格] LTC: 56.74
[价格] DOGE: 0.10003
[价格] SUI: 1.0414
[价格] TRX: 0.29796
[价格] TON: 1.329
[价格] ETC: 8.654
[价格] BCH: 472.7
[价格] HBAR: 0.09706
[价格] XLM: 0.16997
[价格] FIL: 0.9136
[价格] LINK: 9.716
[价格] CRO: 0.07835
[价格] DOT: 1.479
[价格] AAVE: 118.18
[价格] UNI: 4.101
[价格] NEAR: 1.3925
[价格] APT: 0.9525
[价格] CFX: 0.06379
[价格] CRV: 0.2448
[价格] STX: 0.2598
[价格] LDO: 0.3152
[价格] TAO: 276.7
✅ [数据完整] 成功获取全部 27/27 个币种的数据
[保存] 数据已写入 /home/user/webapp/data/coin_change_tracker/coin_change_20260316.jsonl
[保存] 涨速数据已写入 /home/user/webapp/data/coin_change_tracker/velocity_20260316.jsonl
[统计] 总涨跌幅: 97.40%, 5分钟涨速: +5.97%, 币种数: 27, 上涨占比: 96.3% (26↑/1↓)
[等待] 下次采集时间: 11:55:06

[2026-03-16 11:55:16] 开始采集...
[价格] BTC: 73685.7
[价格] ETH: 2236.33
[价格] XRP: 1.4675
[价格] BNB: 680.4
[价格] SOL: 93.19
[价格] LTC: 56.73
[价格] DOGE: 0.09999
[价格] SUI: 1.0409
[价格] TRX: 0.29796
[价格] TON: 1.328
[价格] ETC: 8.644
[价格] BCH: 472.4
[价格] HBAR: 0.09696
[价格] XLM: 0.16982
[价格] FIL: 0.9128
[价格] LINK: 9.697
[价格] CRO: 0.07841
[价格] DOT: 1.479
[价格] AAVE: 118.11
[价格] UNI: 4.1
[价格] NEAR: 1.3906
[价格] APT: 0.9524
[价格] CFX: 0.06384
[价格] CRV: 0.2447
[价格] STX: 0.2597
[价格] LDO: 0.315
[价格] TAO: 276.3
✅ [数据完整] 成功获取全部 27/27 个币种的数据
[保存] 数据已写入 /home/user/webapp/data/coin_change_tracker/coin_change_20260316.jsonl
[保存] 涨速数据已写入 /home/user/webapp/data/coin_change_tracker/velocity_20260316.jsonl
[统计] 总涨跌幅: 96.13%, 5分钟涨速: -1.71%, 币种数: 27, 上涨占比: 96.3% (26↑/1↓)
[等待] 下次采集时间: 11:56:16

[2026-03-16 11:56:25] 开始采集...
[价格] BTC: 73615.3
[价格] ETH: 2234.67
[价格] XRP: 1.4666
[价格] BNB: 680.2
[价格] SOL: 93.17
[价格] LTC: 56.71
[价格] DOGE: 0.0999
[价格] SUI: 1.0403
[价格] TRX: 0.29796
[价格] TON: 1.328
[价格] ETC: 8.643
[价格] BCH: 472.1
[价格] HBAR: 0.09695
[价格] XLM: 0.16985
[价格] FIL: 0.9134
[价格] LINK: 9.697
[价格] CRO: 0.07835
[价格] DOT: 1.477
[价格] AAVE: 118.07
[价格] UNI: 4.102
[价格] NEAR: 1.3897
[价格] APT: 0.9523
[价格] CFX: 0.0638
[价格] CRV: 0.2446
[价格] STX: 0.2597
[价格] LDO: 0.3147
[价格] TAO: 275.5
✅ [数据完整] 成功获取全部 27/27 个币种的数据
[保存] 数据已写入 /home/user/webapp/data/coin_change_tracker/coin_change_20260316.jsonl
[保存] 涨速数据已写入 /home/user/webapp/data/coin_change_tracker/velocity_20260316.jsonl
[统计] 总涨跌幅: 94.88%, 5分钟涨速: -4.43%, 币种数: 27, 上涨占比: 92.6% (25↑/2↓)
[等待] 下次采集时间: 11:57:25

[2026-03-16 11:57:35] 开始采集...
[价格] BTC: 73629.2
[价格] ETH: 2237.38
[价格] XRP: 1.468
[价格] BNB: 680.8
[价格] SOL: 93.22
[价格] LTC: 56.73
[价格] DOGE: 0.10001
[价格] SUI: 1.0414
[价格] TRX: 0.29794
[价格] TON: 1.328
[价格] ETC: 8.649
[价格] BCH: 472.4
[价格] HBAR: 0.09701
[价格] XLM: 0.16997
[价格] FIL: 0.9127
[价格] LINK: 9.696
[价格] CRO: 0.07832
[价格] DOT: 1.477
[价格] AAVE: 118.14
[价格] UNI: 4.102
[价格] NEAR: 1.3879
[价格] APT: 0.9521
[价格] CFX: 0.06373
[价格] CRV: 0.2446
[价格] STX: 0.2601
[价格] LDO: 0.315
[价格] TAO: 276.2
[RSI] 开始采集5分钟RSI数据...
[RSI] BTC: 76.58
[RSI] ETH: 79.52
[RSI] XRP: 77.5
[RSI] BNB: 70.62
[RSI] SOL: 74.22
[RSI] LTC: 74.3
[RSI] DOGE: 71.78
[RSI] SUI: 72.98
[RSI] TRX: 71.2
[RSI] TON: 70.37
[RSI] ETC: 69.93
[RSI] BCH: 77.39
[RSI] HBAR: 67.89
[RSI] XLM: 66.9
[RSI] FIL: 69.34
[RSI] LINK: 73.93
[RSI] CRO: 65.67
[RSI] DOT: 79.71
[RSI] AAVE: 71.52
[RSI] UNI: 60.53
[RSI] NEAR: 68.15
[RSI] APT: 73.93
[RSI] CFX: 57.06
[RSI] CRV: 65.71
[RSI] STX: 68.42
[RSI] LDO: 67.6
[RSI] TAO: 55.32
[RSI] 成功采集 27/27 个币种，RSI之和: 1898.07
[保存] RSI数据已写入 /home/user/webapp/data/coin_change_tracker/rsi_20260316.jsonl
✅ [数据完整] 成功获取全部 27/27 个币种的数据
[保存] 数据已写入 /home/user/webapp/data/coin_change_tracker/coin_change_20260316.jsonl
[保存] 涨速数据已写入 /home/user/webapp/data/coin_change_tracker/velocity_20260316.jsonl
[统计] 总涨跌幅: 95.94%, 5分钟涨速: -0.80%, 币种数: 27, 上涨占比: 96.3% (26↑/1↓), RSI之和: 1898.07
[等待] 下次采集时间: 11:58:35

[2026-03-16 11:58:53] 开始采集...
[价格] BTC: 73644.9
[价格] ETH: 2237.15
[价格] XRP: 1.467
[价格] BNB: 680.8
[价格] SOL: 93.17
[价格] LTC: 56.69
[价格] DOGE: 0.10001
[价格] SUI: 1.0406
[价格] TRX: 0.29792
[价格] TON: 1.328
[价格] ETC: 8.649
[价格] BCH: 472.1
[价格] HBAR: 0.09701
[价格] XLM: 0.16995
[价格] FIL: 0.9117
[价格] LINK: 9.703
[价格] CRO: 0.07834
[价格] DOT: 1.475
[价格] AAVE: 118.15
[价格] UNI: 4.099
[价格] NEAR: 1.3887
[价格] APT: 0.9519
[价格] CFX: 0.0638
[价格] CRV: 0.2446
[价格] STX: 0.26
[价格] LDO: 0.3148
[价格] TAO: 276.4
✅ [数据完整] 成功获取全部 27/27 个币种的数据
[保存] 数据已写入 /home/user/webapp/data/coin_change_tracker/coin_change_20260316.jsonl
[保存] 涨速数据已写入 /home/user/webapp/data/coin_change_tracker/velocity_20260316.jsonl
[统计] 总涨跌幅: 95.49%, 5分钟涨速: -1.91%, 币种数: 27, 上涨占比: 96.3% (26↑/1↓)
[等待] 下次采集时间: 11:59:53

[2026-03-16 12:00:03] 开始采集...
[价格] BTC: 73579.0
[价格] ETH: 2236.0
[价格] XRP: 1.4687
[价格] BNB: 680.6
[价格] SOL: 93.25
[价格] LTC: 56.66
[价格] DOGE: 0.10005
[价格] SUI: 1.0421
[价格] TRX: 0.29781
[价格] TON: 1.329
[价格] ETC: 8.666
[价格] BCH: 471.7
[价格] HBAR: 0.09703
[价格] XLM: 0.16993
[价格] FIL: 0.9136
[价格] LINK: 9.707
[价格] CRO: 0.07831
[价格] DOT: 1.479
[价格] AAVE: 118.19
[价格] UNI: 4.1
[价格] NEAR: 1.3896
[价格] APT: 0.9524
[价格] CFX: 0.06373
[价格] CRV: 0.2446
[价格] STX: 0.2602
[价格] LDO: 0.3157
[价格] TAO: 276.0
✅ [数据完整] 成功获取全部 27/27 个币种的数据
[保存] 数据已写入 /home/user/webapp/data/coin_change_tracker/coin_change_20260316.jsonl
[保存] 涨速数据已写入 /home/user/webapp/data/coin_change_tracker/velocity_20260316.jsonl
[统计] 总涨跌幅: 96.65%, 5分钟涨速: +0.52%, 币种数: 27, 上涨占比: 96.3% (26↑/1↓)
[等待] 下次采集时间: 12:01:03

[2026-03-16 12:01:12] 开始采集...
[价格] BTC: 73583.1
[价格] ETH: 2239.19
[价格] XRP: 1.4688
[价格] BNB: 681.1
[价格] SOL: 93.26
[价格] LTC: 56.69
[价格] DOGE: 0.10016
[价格] SUI: 1.0425
[价格] TRX: 0.29775
[价格] TON: 1.33
[价格] ETC: 8.674
[价格] BCH: 471.9
[价格] HBAR: 0.09712
[价格] XLM: 0.17006
[价格] FIL: 0.9137
[价格] LINK: 9.714
[价格] CRO: 0.07832
[价格] DOT: 1.482
[价格] AAVE: 118.25
[价格] UNI: 4.107
[价格] NEAR: 1.3899
[价格] APT: 0.9533
[价格] CFX: 0.06382
[价格] CRV: 0.2448
[价格] STX: 0.2606
[价格] LDO: 0.3158
[价格] TAO: 276.8
✅ [数据完整] 成功获取全部 27/27 个币种的数据
[保存] 数据已写入 /home/user/webapp/data/coin_change_tracker/coin_change_20260316.jsonl
[保存] 涨速数据已写入 /home/user/webapp/data/coin_change_tracker/velocity_20260316.jsonl
[统计] 总涨跌幅: 98.85%, 5分钟涨速: +3.97%, 币种数: 27, 上涨占比: 96.3% (26↑/1↓)
[等待] 下次采集时间: 12:02:12

[2026-03-16 12:02:23] 开始采集...
[价格] BTC: 73633.0
[价格] ETH: 2240.5
[价格] XRP: 1.4702
[价格] BNB: 681.6
[价格] SOL: 93.36
[价格] LTC: 56.7
[价格] DOGE: 0.10024
[价格] SUI: 1.042
[价格] TRX: 0.29792
[价格] TON: 1.329
[价格] ETC: 8.671
[价格] BCH: 471.8
[价格] HBAR: 0.0971
[价格] XLM: 0.17003
[价格] FIL: 0.9136
[价格] LINK: 9.717
[价格] CRO: 0.07832
[价格] DOT: 1.48
[价格] AAVE: 118.34
[价格] UNI: 4.109
[价格] NEAR: 1.3898
[价格] APT: 0.9524
[价格] CFX: 0.06371
[价格] CRV: 0.2449
[价格] STX: 0.2605
[价格] LDO: 0.3157
[价格] TAO: 276.5
✅ [数据完整] 成功获取全部 27/27 个币种的数据
[保存] 数据已写入 /home/user/webapp/data/coin_change_tracker/coin_change_20260316.jsonl
[保存] 涨速数据已写入 /home/user/webapp/data/coin_change_tracker/velocity_20260316.jsonl
[统计] 总涨跌幅: 98.80%, 5分钟涨速: +2.86%, 币种数: 27, 上涨占比: 96.3% (26↑/1↓)
[等待] 下次采集时间: 12:03:23

[2026-03-16 12:03:32] 开始采集...
[价格] BTC: 73637.6
[价格] ETH: 2237.69
[价格] XRP: 1.4695
[价格] BNB: 681.5
[价格] SOL: 93.32
[价格] LTC: 56.69
[价格] DOGE: 0.10024
[价格] SUI: 1.0424
[价格] TRX: 0.29796
[价格] TON: 1.33
[价格] ETC: 8.673
[价格] BCH: 471.7
[价格] HBAR: 0.09713
[价格] XLM: 0.17015
[价格] FIL: 0.9136
[价格] LINK: 9.711
[价格] CRO: 0.07833
[价格] DOT: 1.481
[价格] AAVE: 118.36
[价格] UNI: 4.107
[价格] NEAR: 1.3882
[价格] APT: 0.9524
[价格] CFX: 0.06382
[价格] CRV: 0.2448
[价格] STX: 0.2605
[价格] LDO: 0.3155
[价格] TAO: 276.5
[RSI] 开始采集5分钟RSI数据...
[RSI] BTC: 74.52
[RSI] ETH: 78.1
[RSI] XRP: 76.73
[RSI] BNB: 70.7
[RSI] SOL: 74.44
[RSI] LTC: 69.4
[RSI] DOGE: 70.59
[RSI] SUI: 72.75
[RSI] TRX: 68.69
[RSI] TON: 67.86
[RSI] ETC: 70.27
[RSI] BCH: 69.3
[RSI] HBAR: 67.44
[RSI] XLM: 64.76
[RSI] FIL: 68.24
[RSI] LINK: 72.04
[RSI] CRO: 62.5
[RSI] DOT: 78.26
[RSI] AAVE: 70.38
[RSI] UNI: 58.33
[RSI] NEAR: 65.43
[RSI] APT: 71.66
[RSI] CFX: 60.06
[RSI] CRV: 64.42
[RSI] STX: 67.27
[RSI] LDO: 66.85
[RSI] TAO: 53.33
[RSI] 成功采集 27/27 个币种，RSI之和: 1854.32
[保存] RSI数据已写入 /home/user/webapp/data/coin_change_tracker/rsi_20260316.jsonl
✅ [数据完整] 成功获取全部 27/27 个币种的数据
[保存] 数据已写入 /home/user/webapp/data/coin_change_tracker/coin_change_20260316.jsonl
[保存] 涨速数据已写入 /home/user/webapp/data/coin_change_tracker/velocity_20260316.jsonl
[统计] 总涨跌幅: 98.73%, 5分钟涨速: +3.24%, 币种数: 27, 上涨占比: 96.3% (26↑/1↓), RSI之和: 1854.32
[等待] 下次采集时间: 12:04:32

[2026-03-16 12:04:51] 开始采集...
[价格] BTC: 73694.2
[价格] ETH: 2238.86
[价格] XRP: 1.4705
[价格] BNB: 681.4
[价格] SOL: 93.38
[价格] LTC: 56.7
[价格] DOGE: 0.10019
[价格] SUI: 1.0428
[价格] TRX: 0.29798
[价格] TON: 1.332
[价格] ETC: 8.675
[价格] BCH: 472.0
[价格] HBAR: 0.09716
[价格] XLM: 0.17007
[价格] FIL: 0.9135
[价格] LINK: 9.704
[价格] CRO: 0.07844
[价格] DOT: 1.481
[价格] AAVE: 118.34
[价格] UNI: 4.11
[价格] NEAR: 1.3891
[价格] APT: 0.9532
[价格] CFX: 0.06363
[价格] CRV: 0.2451
[价格] STX: 0.2605
[价格] LDO: 0.3154
[价格] TAO: 276.9
✅ [数据完整] 成功获取全部 27/27 个币种的数据
[保存] 数据已写入 /home/user/webapp/data/coin_change_tracker/coin_change_20260316.jsonl
[保存] 涨速数据已写入 /home/user/webapp/data/coin_change_tracker/velocity_20260316.jsonl
[统计] 总涨跌幅: 99.38%, 5分钟涨速: +2.73%, 币种数: 27, 上涨占比: 96.3% (26↑/1↓)
[等待] 下次采集时间: 12:05:51

[2026-03-16 12:06:01] 开始采集...
[价格] BTC: 73749.8
[价格] ETH: 2241.27
[价格] XRP: 1.4737
[价格] BNB: 682.1
[价格] SOL: 93.44
[价格] LTC: 56.75
[价格] DOGE: 0.10039
[价格] SUI: 1.0479
[价格] TRX: 0.29801
[价格] TON: 1.333
[价格] ETC: 8.682
[价格] BCH: 471.8
[价格] HBAR: 0.09723
[价格] XLM: 0.1703
[价格] FIL: 0.9139
[价格] LINK: 9.717
[价格] CRO: 0.07846
[价格] DOT: 1.484
[价格] AAVE: 118.43
[价格] UNI: 4.117
[价格] NEAR: 1.3909
[价格] APT: 0.9538
[价格] CFX: 0.06354
[价格] CRV: 0.2453
[价格] STX: 0.2606
[价格] LDO: 0.3156
[价格] TAO: 277.3
✅ [数据完整] 成功获取全部 27/27 个币种的数据
[保存] 数据已写入 /home/user/webapp/data/coin_change_tracker/coin_change_20260316.jsonl
[保存] 涨速数据已写入 /home/user/webapp/data/coin_change_tracker/velocity_20260316.jsonl
[统计] 总涨跌幅: 102.24%, 5分钟涨速: +3.39%, 币种数: 27, 上涨占比: 96.3% (26↑/1↓)
[等待] 下次采集时间: 12:07:01

[2026-03-16 12:07:10] 开始采集...
[价格] BTC: 73616.2
[价格] ETH: 2237.86
[价格] XRP: 1.4713
[价格] BNB: 681.4
[价格] SOL: 93.38
[价格] LTC: 56.7
[价格] DOGE: 0.10035
[价格] SUI: 1.0463
[价格] TRX: 0.29798
[价格] TON: 1.331
[价格] ETC: 8.677
[价格] BCH: 471.6
[价格] HBAR: 0.09717
[价格] XLM: 0.16991
[价格] FIL: 0.9134
[价格] LINK: 9.719
[价格] CRO: 0.07837
[价格] DOT: 1.482
[价格] AAVE: 118.28
[价格] UNI: 4.114
[价格] NEAR: 1.3888
[价格] APT: 0.9539
[价格] CFX: 0.06357
[价格] CRV: 0.2451
[价格] STX: 0.2604
[价格] LDO: 0.3154
[价格] TAO: 276.8
✅ [数据完整] 成功获取全部 27/27 个币种的数据
[保存] 数据已写入 /home/user/webapp/data/coin_change_tracker/coin_change_20260316.jsonl
[保存] 涨速数据已写入 /home/user/webapp/data/coin_change_tracker/velocity_20260316.jsonl
[统计] 总涨跌幅: 99.63%, 5分钟涨速: +0.83%, 币种数: 27, 上涨占比: 96.3% (26↑/1↓)
[等待] 下次采集时间: 12:08:10

[2026-03-16 12:08:20] 开始采集...
[价格] BTC: 73702.5
[价格] ETH: 2239.75
[价格] XRP: 1.4731
[价格] BNB: 681.6
[价格] SOL: 93.39
[价格] LTC: 56.71
[价格] DOGE: 0.10039
[价格] SUI: 1.0474
[价格] TRX: 0.29799
[价格] TON: 1.332
[价格] ETC: 8.689
[价格] BCH: 471.5
[价格] HBAR: 0.09723
[价格] XLM: 0.17024
[价格] FIL: 0.9146
[价格] LINK: 9.737
[价格] CRO: 0.07838
[价格] DOT: 1.484
[价格] AAVE: 118.32
[价格] UNI: 4.119
[价格] NEAR: 1.3914
[价格] APT: 0.9562
[价格] CFX: 0.06353
[价格] CRV: 0.245
[价格] STX: 0.2607
[价格] LDO: 0.3161
[价格] TAO: 276.9
✅ [数据完整] 成功获取全部 27/27 个币种的数据
[保存] 数据已写入 /home/user/webapp/data/coin_change_tracker/coin_change_20260316.jsonl
[保存] 涨速数据已写入 /home/user/webapp/data/coin_change_tracker/velocity_20260316.jsonl
[统计] 总涨跌幅: 102.03%, 5分钟涨速: +3.30%, 币种数: 27, 上涨占比: 96.3% (26↑/1↓)
[等待] 下次采集时间: 12:09:20

[2026-03-16 12:09:29] 开始采集...
[错误] BTC 获取价格失败: HTTPSConnectionPool(host='www.okx.com', port=443): Read timed out. (read timeout=5)
[错误] ETH 获取价格失败: HTTPSConnectionPool(host='www.okx.com', port=443): Read timed out. (read timeout=5)
[价格] XRP: 1.4739
[价格] BNB: 682.1
[价格] SOL: 93.39
[价格] LTC: 56.7
[价格] DOGE: 0.10036
[价格] SUI: 1.0472
[价格] TRX: 0.29798
[价格] TON: 1.333
[价格] ETC: 8.687
[价格] BCH: 471.8
[价格] HBAR: 0.09723
[价格] XLM: 0.17019
[价格] FIL: 0.9145
[价格] LINK: 9.75
[价格] CRO: 0.07839
[价格] DOT: 1.484
[价格] AAVE: 118.35
[价格] UNI: 4.121
[价格] NEAR: 1.3933
[价格] APT: 0.9578
[价格] CFX: 0.06348
[价格] CRV: 0.2448
[价格] STX: 0.2608
[价格] LDO: 0.3159
[价格] TAO: 276.5
[RSI] 开始采集5分钟RSI数据...
[RSI] BTC: 75.43
[RSI] ETH: 78.96
[RSI] XRP: 78.7
[RSI] BNB: 71.23
[RSI] SOL: 77.11
[RSI] LTC: 69.73
[RSI] DOGE: 70.48
[RSI] SUI: 75.29
[RSI] TRX: 67.88
[RSI] TON: 77.78
[RSI] ETC: 71.33
[RSI] BCH: 69.57
[RSI] HBAR: 68.44
[RSI] XLM: 65.87
[RSI] FIL: 68.37
[RSI] LINK: 74.28
[RSI] CRO: 60.73
[RSI] DOT: 78.57
[RSI] AAVE: 69.79
[RSI] UNI: 61.95
[RSI] NEAR: 64.07
[RSI] APT: 74.03
[RSI] CFX: 53.48
[RSI] CRV: 62.62
[RSI] STX: 68.75
[RSI] LDO: 67.22
[RSI] TAO: 53.9
[RSI] 成功采集 27/27 个币种，RSI之和: 1875.56
[保存] RSI数据已写入 /home/user/webapp/data/coin_change_tracker/rsi_20260316.jsonl
❌ [数据不完整] 只获取到 25/27 个币种，缺失: BTC, ETH
⚠️  [跳过保存] 数据不完整，跳过本次采集，等待下次重试...
[等待] 下次采集时间: 12:10:29

[2026-03-16 12:10:58] 开始采集...
[价格] BTC: 73581.1
[价格] ETH: 2239.96
[价格] XRP: 1.4727
[价格] BNB: 681.6
[价格] SOL: 93.28
[价格] LTC: 56.71
[价格] DOGE: 0.10034
[价格] SUI: 1.0474
[价格] TRX: 0.29796
[价格] TON: 1.331
[价格] ETC: 8.692
[价格] BCH: 471.9
[价格] HBAR: 0.09713
[价格] XLM: 0.17006
[价格] FIL: 0.9151
[价格] LINK: 9.747
[价格] CRO: 0.07838
[价格] DOT: 1.483
[价格] AAVE: 118.25
[价格] UNI: 4.115
[价格] NEAR: 1.3923
[价格] APT: 0.9579
[价格] CFX: 0.0635
[价格] CRV: 0.2448
[价格] STX: 0.2604
[价格] LDO: 0.3159
[价格] TAO: 276.7
✅ [数据完整] 成功获取全部 27/27 个币种的数据
[保存] 数据已写入 /home/user/webapp/data/coin_change_tracker/coin_change_20260316.jsonl
[保存] 涨速数据已写入 /home/user/webapp/data/coin_change_tracker/velocity_20260316.jsonl
[统计] 总涨跌幅: 101.28%, 5分钟涨速: -0.96%, 币种数: 27, 上涨占比: 96.3% (26↑/1↓)
[等待] 下次采集时间: 12:11:58

[2026-03-16 12:12:08] 开始采集...
[价格] BTC: 73591.6
[价格] ETH: 2240.21
[价格] XRP: 1.4721
[价格] BNB: 681.4
[价格] SOL: 93.22
[价格] LTC: 56.69
[价格] DOGE: 0.10031
[价格] SUI: 1.0471
[价格] TRX: 0.29796
[价格] TON: 1.33
[价格] ETC: 8.689
[价格] BCH: 471.6
[价格] HBAR: 0.09715
[价格] XLM: 0.17
[价格] FIL: 0.9142
[价格] LINK: 9.734
[价格] CRO: 0.07839
[价格] DOT: 1.483
[价格] AAVE: 118.19
[价格] UNI: 4.11
[价格] NEAR: 1.3921
[价格] APT: 0.957
[价格] CFX: 0.06347
[价格] CRV: 0.2446
[价格] STX: 0.2604
[价格] LDO: 0.3157
[价格] TAO: 276.5
✅ [数据完整] 成功获取全部 27/27 个币种的数据
[保存] 数据已写入 /home/user/webapp/data/coin_change_tracker/coin_change_20260316.jsonl
[保存] 涨速数据已写入 /home/user/webapp/data/coin_change_tracker/velocity_20260316.jsonl
[统计] 总涨跌幅: 100.10%, 5分钟涨速: +0.47%, 币种数: 27, 上涨占比: 96.3% (26↑/1↓)
[等待] 下次采集时间: 12:13:08

[2026-03-16 12:13:17] 开始采集...
[价格] BTC: 73610.0
[价格] ETH: 2241.39
[价格] XRP: 1.4726
[价格] BNB: 681.7
[价格] SOL: 93.27
[价格] LTC: 56.79
[价格] DOGE: 0.10032
[价格] SUI: 1.0479
[价格] TRX: 0.29796
[价格] TON: 1.331
[价格] ETC: 8.691
[价格] BCH: 471.8
[价格] HBAR: 0.09713
[价格] XLM: 0.17012
[价格] FIL: 0.9146
[价格] LINK: 9.743
[价格] CRO: 0.07837
[价格] DOT: 1.484
[价格] AAVE: 118.26
[价格] UNI: 4.109
[价格] NEAR: 1.3926
[价格] APT: 0.9577
[价格] CFX: 0.06343
[价格] CRV: 0.2446
[价格] STX: 0.2604
[价格] LDO: 0.316
[价格] TAO: 276.8
✅ [数据完整] 成功获取全部 27/27 个币种的数据
[保存] 数据已写入 /home/user/webapp/data/coin_change_tracker/coin_change_20260316.jsonl
[保存] 涨速数据已写入 /home/user/webapp/data/coin_change_tracker/velocity_20260316.jsonl
[统计] 总涨跌幅: 101.28%, 5分钟涨速: -0.75%, 币种数: 27, 上涨占比: 96.3% (26↑/1↓)
[等待] 下次采集时间: 12:14:17

[2026-03-16 12:14:27] 开始采集...
[价格] BTC: 73635.3
[价格] ETH: 2242.41
[价格] XRP: 1.4733
[价格] BNB: 682.2
[价格] SOL: 93.3
[价格] LTC: 56.85
[价格] DOGE: 0.10027
[价格] SUI: 1.0479
[价格] TRX: 0.29796
[价格] TON: 1.331
[价格] ETC: 8.691
[价格] BCH: 471.8
[价格] HBAR: 0.09715
[价格] XLM: 0.17026
[价格] FIL: 0.9156
[价格] LINK: 9.741
[价格] CRO: 0.07841
[价格] DOT: 1.485
[价格] AAVE: 118.35
[价格] UNI: 4.113
[价格] NEAR: 1.397
[价格] APT: 0.9593
[价格] CFX: 0.06349
[价格] CRV: 0.2446
[价格] STX: 0.2605
[价格] LDO: 0.3161
[价格] TAO: 277.0
✅ [数据完整] 成功获取全部 27/27 个币种的数据
[保存] 数据已写入 /home/user/webapp/data/coin_change_tracker/coin_change_20260316.jsonl
[保存] 涨速数据已写入 /home/user/webapp/data/coin_change_tracker/velocity_20260316.jsonl
[统计] 总涨跌幅: 102.82%, 5分钟涨速: +0.79%, 币种数: 27, 上涨占比: 96.3% (26↑/1↓)
[等待] 下次采集时间: 12:15:27

[2026-03-16 12:15:36] 开始采集...
[价格] BTC: 73757.6
[价格] ETH: 2248.28
[价格] XRP: 1.4768
[价格] BNB: 683.9
[价格] SOL: 93.53
[价格] LTC: 56.93
[价格] DOGE: 0.10045
[价格] SUI: 1.0495
[价格] TRX: 0.29796
[价格] TON: 1.331
[价格] ETC: 8.71
[价格] BCH: 472.5
[价格] HBAR: 0.09738
[价格] XLM: 0.17062
[价格] FIL: 0.9181
[价格] LINK: 9.768
[价格] CRO: 0.07847
[价格] DOT: 1.487
[价格] AAVE: 118.62
[价格] UNI: 4.117
[价格] NEAR: 1.3984
[价格] APT: 0.9611
[价格] CFX: 0.06362
[价格] CRV: 0.2449
[价格] STX: 0.2607
[价格] LDO: 0.3166
[价格] TAO: 277.9
[RSI] 开始采集5分钟RSI数据...
[RSI] BTC: 74.47
[RSI] ETH: 79.55
[RSI] XRP: 78.85
[RSI] BNB: 72.96
[RSI] SOL: 76.19
[RSI] LTC: 73.21
[RSI] DOGE: 71.03
[RSI] SUI: 75.05
[RSI] TRX: 71.2
[RSI] TON: 72.41
[RSI] ETC: 73.75
[RSI] BCH: 71.07
[RSI] HBAR: 68.65
[RSI] XLM: 69.24
[RSI] FIL: 70.39
[RSI] LINK: 74.87
[RSI] CRO: 63.84
[RSI] DOT: 79.45
[RSI] AAVE: 70.3
[RSI] UNI: 60.68
[RSI] NEAR: 64.67
[RSI] APT: 75.15
[RSI] CFX: 50.32
[RSI] CRV: 65.69
[RSI] STX: 68.27
[RSI] LDO: 66.29
[RSI] TAO: 61.97
[RSI] 成功采集 27/27 个币种，RSI之和: 1899.52
[保存] RSI数据已写入 /home/user/webapp/data/coin_change_tracker/rsi_20260316.jsonl
✅ [数据完整] 成功获取全部 27/27 个币种的数据
[保存] 数据已写入 /home/user/webapp/data/coin_change_tracker/coin_change_20260316.jsonl
[保存] 涨速数据已写入 /home/user/webapp/data/coin_change_tracker/velocity_20260316.jsonl
[统计] 总涨跌幅: 107.71%, 5分钟涨速: +6.43%, 币种数: 27, 上涨占比: 96.3% (26↑/1↓), RSI之和: 1899.52
[等待] 下次采集时间: 12:16:36

[2026-03-16 12:16:55] 开始采集...
[价格] BTC: 73764.8
[价格] ETH: 2247.43
[价格] XRP: 1.4765
[价格] BNB: 683.3
[价格] SOL: 93.51
[价格] LTC: 56.95
[价格] DOGE: 0.10043
[价格] SUI: 1.0507
[价格] TRX: 0.29797
[价格] TON: 1.331
[价格] ETC: 8.719
[价格] BCH: 472.3
[价格] HBAR: 0.09745
[价格] XLM: 0.17059
[价格] FIL: 0.9181
[价格] LINK: 9.777
[价格] CRO: 0.07871
[价格] DOT: 1.491
[价格] AAVE: 118.54
[价格] UNI: 4.102
[价格] NEAR: 1.3983
[价格] APT: 0.9617
[价格] CFX: 0.06351
[价格] CRV: 0.2447
[价格] STX: 0.2609
[价格] LDO: 0.3168
[价格] TAO: 278.1
✅ [数据完整] 成功获取全部 27/27 个币种的数据
[保存] 数据已写入 /home/user/webapp/data/coin_change_tracker/coin_change_20260316.jsonl
[保存] 涨速数据已写入 /home/user/webapp/data/coin_change_tracker/velocity_20260316.jsonl
[统计] 总涨跌幅: 108.04%, 5分钟涨速: +7.94%, 币种数: 27, 上涨占比: 96.3% (26↑/1↓)
[等待] 下次采集时间: 12:17:55
