================================================================================
🚀 创新高创新低统计采集器 v2.0 启动
================================================================================
📂 源数据目录: /home/user/webapp/data/price_position
📂 输出数据目录: /home/user/webapp/data/new_high_low
📄 状态文件: /home/user/webapp/data/new_high_low/coin_highs_lows_state.json
⏱️  采集间隔: 180 秒 (3 分钟)
================================================================================
📊 已加载 0 个币种的历史状态

================================================================================
⚡ 冷启动优化：立即执行首次采集...
================================================================================
⚠️  数据文件不存在: /home/user/webapp/data/price_position/price_position_20260316.jsonl
ℹ️  冷启动采集完成，未检测到新事件
   追踪币种: 0 个
================================================================================


================================================================================
🔄 第 1 次采集 - 2026-03-16 01:10:10
================================================================================
⚠️  数据文件不存在: /home/user/webapp/data/price_position/price_position_20260316.jsonl
✅ 状态文件已保存: /home/user/webapp/data/new_high_low/coin_highs_lows_state.json

📊 本次统计:
   新增事件: 0 个
   追踪币种: 0 个

⏳ 等待 180 秒后进行下一次采集...

================================================================================
🔄 第 2 次采集 - 2026-03-16 01:13:10
================================================================================
⚠️  数据文件不存在: /home/user/webapp/data/price_position/price_position_20260316.jsonl
✅ 状态文件已保存: /home/user/webapp/data/new_high_low/coin_highs_lows_state.json

📊 本次统计:
   新增事件: 0 个
   追踪币种: 0 个

⏳ 等待 180 秒后进行下一次采集...

================================================================================
🔄 第 3 次采集 - 2026-03-16 01:16:10
================================================================================
⚠️  数据文件不存在: /home/user/webapp/data/price_position/price_position_20260316.jsonl
✅ 状态文件已保存: /home/user/webapp/data/new_high_low/coin_highs_lows_state.json

📊 本次统计:
   新增事件: 0 个
   追踪币种: 0 个

⏳ 等待 180 秒后进行下一次采集...

================================================================================
🔄 第 4 次采集 - 2026-03-16 01:19:10
================================================================================
⚠️  数据文件不存在: /home/user/webapp/data/price_position/price_position_20260316.jsonl
✅ 状态文件已保存: /home/user/webapp/data/new_high_low/coin_highs_lows_state.json

📊 本次统计:
   新增事件: 0 个
   追踪币种: 0 个

⏳ 等待 180 秒后进行下一次采集...

================================================================================
🔄 第 5 次采集 - 2026-03-16 01:22:10
================================================================================
⚠️  数据文件不存在: /home/user/webapp/data/price_position/price_position_20260316.jsonl
✅ 状态文件已保存: /home/user/webapp/data/new_high_low/coin_highs_lows_state.json

📊 本次统计:
   新增事件: 0 个
   追踪币种: 0 个

⏳ 等待 180 秒后进行下一次采集...

================================================================================
🔄 第 6 次采集 - 2026-03-16 01:25:10
================================================================================
⚠️  数据文件不存在: /home/user/webapp/data/price_position/price_position_20260316.jsonl
✅ 状态文件已保存: /home/user/webapp/data/new_high_low/coin_highs_lows_state.json

📊 本次统计:
   新增事件: 0 个
   追踪币种: 0 个

⏳ 等待 180 秒后进行下一次采集...

================================================================================
🔄 第 7 次采集 - 2026-03-16 01:28:10
================================================================================
⚠️  数据文件不存在: /home/user/webapp/data/price_position/price_position_20260316.jsonl
✅ 状态文件已保存: /home/user/webapp/data/new_high_low/coin_highs_lows_state.json

📊 本次统计:
   新增事件: 0 个
   追踪币种: 0 个

⏳ 等待 180 秒后进行下一次采集...

================================================================================
🔄 第 8 次采集 - 2026-03-16 01:31:10
================================================================================
⚠️  数据文件不存在: /home/user/webapp/data/price_position/price_position_20260316.jsonl
✅ 状态文件已保存: /home/user/webapp/data/new_high_low/coin_highs_lows_state.json

📊 本次统计:
   新增事件: 0 个
   追踪币种: 0 个

⏳ 等待 180 秒后进行下一次采集...

================================================================================
🔄 第 9 次采集 - 2026-03-16 01:34:10
================================================================================
⚠️  数据文件不存在: /home/user/webapp/data/price_position/price_position_20260316.jsonl
✅ 状态文件已保存: /home/user/webapp/data/new_high_low/coin_highs_lows_state.json

📊 本次统计:
   新增事件: 0 个
   追踪币种: 0 个

⏳ 等待 180 秒后进行下一次采集...

================================================================================
🔄 第 10 次采集 - 2026-03-16 01:37:10
================================================================================
⚠️  数据文件不存在: /home/user/webapp/data/price_position/price_position_20260316.jsonl
✅ 状态文件已保存: /home/user/webapp/data/new_high_low/coin_highs_lows_state.json
📊 当前没有状态数据

📊 本次统计:
   新增事件: 0 个
   追踪币种: 0 个

⏳ 等待 180 秒后进行下一次采集...

================================================================================
🔄 第 11 次采集 - 2026-03-16 01:40:10
================================================================================
⚠️  数据文件不存在: /home/user/webapp/data/price_position/price_position_20260316.jsonl
✅ 状态文件已保存: /home/user/webapp/data/new_high_low/coin_highs_lows_state.json

📊 本次统计:
   新增事件: 0 个
   追踪币种: 0 个

⏳ 等待 180 秒后进行下一次采集...

================================================================================
🔄 第 12 次采集 - 2026-03-16 01:43:10
================================================================================
⚠️  数据文件不存在: /home/user/webapp/data/price_position/price_position_20260316.jsonl
✅ 状态文件已保存: /home/user/webapp/data/new_high_low/coin_highs_lows_state.json

📊 本次统计:
   新增事件: 0 个
   追踪币种: 0 个

⏳ 等待 180 秒后进行下一次采集...

================================================================================
🔄 第 13 次采集 - 2026-03-16 01:46:10
================================================================================
⚠️  数据文件不存在: /home/user/webapp/data/price_position/price_position_20260316.jsonl
✅ 状态文件已保存: /home/user/webapp/data/new_high_low/coin_highs_lows_state.json

📊 本次统计:
   新增事件: 0 个
   追踪币种: 0 个

⏳ 等待 180 秒后进行下一次采集...

================================================================================
🔄 第 14 次采集 - 2026-03-16 01:49:10
================================================================================
⚠️  数据文件不存在: /home/user/webapp/data/price_position/price_position_20260316.jsonl
✅ 状态文件已保存: /home/user/webapp/data/new_high_low/coin_highs_lows_state.json

📊 本次统计:
   新增事件: 0 个
   追踪币种: 0 个

⏳ 等待 180 秒后进行下一次采集...

================================================================================
🔄 第 15 次采集 - 2026-03-16 01:52:10
================================================================================
⚠️  数据文件不存在: /home/user/webapp/data/price_position/price_position_20260316.jsonl
✅ 状态文件已保存: /home/user/webapp/data/new_high_low/coin_highs_lows_state.json

📊 本次统计:
   新增事件: 0 个
   追踪币种: 0 个

⏳ 等待 180 秒后进行下一次采集...

================================================================================
🔄 第 16 次采集 - 2026-03-16 01:55:10
================================================================================
⚠️  数据文件不存在: /home/user/webapp/data/price_position/price_position_20260316.jsonl
✅ 状态文件已保存: /home/user/webapp/data/new_high_low/coin_highs_lows_state.json

📊 本次统计:
   新增事件: 0 个
   追踪币种: 0 个

⏳ 等待 180 秒后进行下一次采集...

================================================================================
🔄 第 17 次采集 - 2026-03-16 01:58:10
================================================================================
⚠️  数据文件不存在: /home/user/webapp/data/price_position/price_position_20260316.jsonl
✅ 状态文件已保存: /home/user/webapp/data/new_high_low/coin_highs_lows_state.json

📊 本次统计:
   新增事件: 0 个
   追踪币种: 0 个

⏳ 等待 180 秒后进行下一次采集...

================================================================================
🔄 第 18 次采集 - 2026-03-16 02:01:10
================================================================================
⚠️  数据文件不存在: /home/user/webapp/data/price_position/price_position_20260316.jsonl
✅ 状态文件已保存: /home/user/webapp/data/new_high_low/coin_highs_lows_state.json

📊 本次统计:
   新增事件: 0 个
   追踪币种: 0 个

⏳ 等待 180 秒后进行下一次采集...

================================================================================
🔄 第 19 次采集 - 2026-03-16 02:04:10
================================================================================
⚠️  数据文件不存在: /home/user/webapp/data/price_position/price_position_20260316.jsonl
✅ 状态文件已保存: /home/user/webapp/data/new_high_low/coin_highs_lows_state.json

📊 本次统计:
   新增事件: 0 个
   追踪币种: 0 个

⏳ 等待 180 秒后进行下一次采集...

================================================================================
🔄 第 20 次采集 - 2026-03-16 02:07:10
================================================================================
⚠️  数据文件不存在: /home/user/webapp/data/price_position/price_position_20260316.jsonl
✅ 状态文件已保存: /home/user/webapp/data/new_high_low/coin_highs_lows_state.json
📊 当前没有状态数据

📊 本次统计:
   新增事件: 0 个
   追踪币种: 0 个

⏳ 等待 180 秒后进行下一次采集...

================================================================================
🔄 第 21 次采集 - 2026-03-16 02:10:10
================================================================================
⚠️  数据文件不存在: /home/user/webapp/data/price_position/price_position_20260316.jsonl
✅ 状态文件已保存: /home/user/webapp/data/new_high_low/coin_highs_lows_state.json

📊 本次统计:
   新增事件: 0 个
   追踪币种: 0 个

⏳ 等待 180 秒后进行下一次采集...

================================================================================
🔄 第 22 次采集 - 2026-03-16 02:13:10
================================================================================
⚠️  数据文件不存在: /home/user/webapp/data/price_position/price_position_20260316.jsonl
✅ 状态文件已保存: /home/user/webapp/data/new_high_low/coin_highs_lows_state.json

📊 本次统计:
   新增事件: 0 个
   追踪币种: 0 个

⏳ 等待 180 秒后进行下一次采集...

================================================================================
🔄 第 23 次采集 - 2026-03-16 02:16:10
================================================================================
⚠️  数据文件不存在: /home/user/webapp/data/price_position/price_position_20260316.jsonl
✅ 状态文件已保存: /home/user/webapp/data/new_high_low/coin_highs_lows_state.json

📊 本次统计:
   新增事件: 0 个
   追踪币种: 0 个

⏳ 等待 180 秒后进行下一次采集...

================================================================================
🔄 第 24 次采集 - 2026-03-16 02:19:10
================================================================================
⚠️  数据文件不存在: /home/user/webapp/data/price_position/price_position_20260316.jsonl
✅ 状态文件已保存: /home/user/webapp/data/new_high_low/coin_highs_lows_state.json

📊 本次统计:
   新增事件: 0 个
   追踪币种: 0 个

⏳ 等待 180 秒后进行下一次采集...

================================================================================
🔄 第 25 次采集 - 2026-03-16 02:22:10
================================================================================
⚠️  数据文件不存在: /home/user/webapp/data/price_position/price_position_20260316.jsonl
✅ 状态文件已保存: /home/user/webapp/data/new_high_low/coin_highs_lows_state.json

📊 本次统计:
   新增事件: 0 个
   追踪币种: 0 个

⏳ 等待 180 秒后进行下一次采集...

================================================================================
🔄 第 26 次采集 - 2026-03-16 02:25:10
================================================================================
⚠️  数据文件不存在: /home/user/webapp/data/price_position/price_position_20260316.jsonl
✅ 状态文件已保存: /home/user/webapp/data/new_high_low/coin_highs_lows_state.json

📊 本次统计:
   新增事件: 0 个
   追踪币种: 0 个

⏳ 等待 180 秒后进行下一次采集...

================================================================================
🔄 第 27 次采集 - 2026-03-16 02:28:10
================================================================================
⚠️  数据文件不存在: /home/user/webapp/data/price_position/price_position_20260316.jsonl
✅ 状态文件已保存: /home/user/webapp/data/new_high_low/coin_highs_lows_state.json

📊 本次统计:
   新增事件: 0 个
   追踪币种: 0 个

⏳ 等待 180 秒后进行下一次采集...

================================================================================
🔄 第 28 次采集 - 2026-03-16 02:31:10
================================================================================
⚠️  数据文件不存在: /home/user/webapp/data/price_position/price_position_20260316.jsonl
✅ 状态文件已保存: /home/user/webapp/data/new_high_low/coin_highs_lows_state.json

📊 本次统计:
   新增事件: 0 个
   追踪币种: 0 个

⏳ 等待 180 秒后进行下一次采集...

================================================================================
🔄 第 29 次采集 - 2026-03-16 02:34:10
================================================================================
⚠️  数据文件不存在: /home/user/webapp/data/price_position/price_position_20260316.jsonl
✅ 状态文件已保存: /home/user/webapp/data/new_high_low/coin_highs_lows_state.json

📊 本次统计:
   新增事件: 0 个
   追踪币种: 0 个

⏳ 等待 180 秒后进行下一次采集...

================================================================================
🔄 第 30 次采集 - 2026-03-16 02:37:10
================================================================================
⚠️  数据文件不存在: /home/user/webapp/data/price_position/price_position_20260316.jsonl
✅ 状态文件已保存: /home/user/webapp/data/new_high_low/coin_highs_lows_state.json
📊 当前没有状态数据

📊 本次统计:
   新增事件: 0 个
   追踪币种: 0 个

⏳ 等待 180 秒后进行下一次采集...

================================================================================
🔄 第 31 次采集 - 2026-03-16 02:40:10
================================================================================
⚠️  数据文件不存在: /home/user/webapp/data/price_position/price_position_20260316.jsonl
✅ 状态文件已保存: /home/user/webapp/data/new_high_low/coin_highs_lows_state.json

📊 本次统计:
   新增事件: 0 个
   追踪币种: 0 个

⏳ 等待 180 秒后进行下一次采集...

================================================================================
🔄 第 32 次采集 - 2026-03-16 02:43:10
================================================================================
⚠️  数据文件不存在: /home/user/webapp/data/price_position/price_position_20260316.jsonl
✅ 状态文件已保存: /home/user/webapp/data/new_high_low/coin_highs_lows_state.json

📊 本次统计:
   新增事件: 0 个
   追踪币种: 0 个

⏳ 等待 180 秒后进行下一次采集...

================================================================================
🔄 第 33 次采集 - 2026-03-16 02:46:10
================================================================================
⚠️  数据文件不存在: /home/user/webapp/data/price_position/price_position_20260316.jsonl
✅ 状态文件已保存: /home/user/webapp/data/new_high_low/coin_highs_lows_state.json

📊 本次统计:
   新增事件: 0 个
   追踪币种: 0 个

⏳ 等待 180 秒后进行下一次采集...

================================================================================
🔄 第 34 次采集 - 2026-03-16 02:49:10
================================================================================
⚠️  数据文件不存在: /home/user/webapp/data/price_position/price_position_20260316.jsonl
✅ 状态文件已保存: /home/user/webapp/data/new_high_low/coin_highs_lows_state.json

📊 本次统计:
   新增事件: 0 个
   追踪币种: 0 个

⏳ 等待 180 秒后进行下一次采集...

================================================================================
🔄 第 35 次采集 - 2026-03-16 02:52:10
================================================================================
⚠️  数据文件不存在: /home/user/webapp/data/price_position/price_position_20260316.jsonl
✅ 状态文件已保存: /home/user/webapp/data/new_high_low/coin_highs_lows_state.json

📊 本次统计:
   新增事件: 0 个
   追踪币种: 0 个

⏳ 等待 180 秒后进行下一次采集...

================================================================================
🔄 第 36 次采集 - 2026-03-16 02:55:10
================================================================================
⚠️  数据文件不存在: /home/user/webapp/data/price_position/price_position_20260316.jsonl
✅ 状态文件已保存: /home/user/webapp/data/new_high_low/coin_highs_lows_state.json

📊 本次统计:
   新增事件: 0 个
   追踪币种: 0 个

⏳ 等待 180 秒后进行下一次采集...

================================================================================
🔄 第 37 次采集 - 2026-03-16 02:58:10
================================================================================
⚠️  数据文件不存在: /home/user/webapp/data/price_position/price_position_20260316.jsonl
✅ 状态文件已保存: /home/user/webapp/data/new_high_low/coin_highs_lows_state.json

📊 本次统计:
   新增事件: 0 个
   追踪币种: 0 个

⏳ 等待 180 秒后进行下一次采集...

================================================================================
🔄 第 38 次采集 - 2026-03-16 03:01:10
================================================================================
⚠️  数据文件不存在: /home/user/webapp/data/price_position/price_position_20260316.jsonl
✅ 状态文件已保存: /home/user/webapp/data/new_high_low/coin_highs_lows_state.json

📊 本次统计:
   新增事件: 0 个
   追踪币种: 0 个

⏳ 等待 180 秒后进行下一次采集...

================================================================================
🔄 第 39 次采集 - 2026-03-16 03:04:10
================================================================================
⚠️  数据文件不存在: /home/user/webapp/data/price_position/price_position_20260316.jsonl
✅ 状态文件已保存: /home/user/webapp/data/new_high_low/coin_highs_lows_state.json

📊 本次统计:
   新增事件: 0 个
   追踪币种: 0 个

⏳ 等待 180 秒后进行下一次采集...

================================================================================
🔄 第 40 次采集 - 2026-03-16 03:07:10
================================================================================
⚠️  数据文件不存在: /home/user/webapp/data/price_position/price_position_20260316.jsonl
✅ 状态文件已保存: /home/user/webapp/data/new_high_low/coin_highs_lows_state.json
📊 当前没有状态数据

📊 本次统计:
   新增事件: 0 个
   追踪币种: 0 个

⏳ 等待 180 秒后进行下一次采集...

================================================================================
🔄 第 41 次采集 - 2026-03-16 03:10:10
================================================================================
⚠️  数据文件不存在: /home/user/webapp/data/price_position/price_position_20260316.jsonl
✅ 状态文件已保存: /home/user/webapp/data/new_high_low/coin_highs_lows_state.json

📊 本次统计:
   新增事件: 0 个
   追踪币种: 0 个

⏳ 等待 180 秒后进行下一次采集...

================================================================================
🔄 第 42 次采集 - 2026-03-16 03:13:10
================================================================================
⚠️  数据文件不存在: /home/user/webapp/data/price_position/price_position_20260316.jsonl
✅ 状态文件已保存: /home/user/webapp/data/new_high_low/coin_highs_lows_state.json

📊 本次统计:
   新增事件: 0 个
   追踪币种: 0 个

⏳ 等待 180 秒后进行下一次采集...

================================================================================
🔄 第 43 次采集 - 2026-03-16 03:16:10
================================================================================
⚠️  数据文件不存在: /home/user/webapp/data/price_position/price_position_20260316.jsonl
✅ 状态文件已保存: /home/user/webapp/data/new_high_low/coin_highs_lows_state.json

📊 本次统计:
   新增事件: 0 个
   追踪币种: 0 个

⏳ 等待 180 秒后进行下一次采集...


👋 收到退出信号，正在停止...
💾 保存最终状态...
✅ 状态文件已保存: /home/user/webapp/data/new_high_low/coin_highs_lows_state.json

✅ 采集器已停止
================================================================================
🚀 创新高创新低统计采集器 v2.0 启动
================================================================================
📂 源数据目录: /home/user/webapp/data/price_position
📂 输出数据目录: /home/user/webapp/data/new_high_low
📄 状态文件: /home/user/webapp/data/new_high_low/coin_highs_lows_state.json
⏱️  采集间隔: 180 秒 (3 分钟)
================================================================================
📊 已加载 0 个币种的历史状态

================================================================================
⚡ 冷启动优化：立即执行首次采集...
================================================================================
📊 处理快照: 2026-03-16 03:18:34
📊 初始化 BTC: 最高=71414.5, 最低=71414.5
📊 初始化 ETH: 最高=2107.63, 最低=2107.63
📊 初始化 SOL: 最高=87.97, 最低=87.97
📊 初始化 BNB: 最高=659.1, 最低=659.1
📊 初始化 XRP: 最高=1.4118, 最低=1.4118
📊 初始化 ADA: 最高=0.2633, 最低=0.2633
📊 初始化 DOGE: 最高=0.09491, 最低=0.09491
📊 初始化 TRX: 最高=0.2987, 最低=0.2987
📊 初始化 DOT: 最高=1.413, 最低=1.413
📊 初始化 LTC: 最高=55.04, 最低=55.04
📊 初始化 BCH: 最高=461.0, 最低=461.0
📊 初始化 LINK: 最高=9.174, 最低=9.174
📊 初始化 UNI: 最高=3.984, 最低=3.984
📊 初始化 FIL: 最高=0.8856, 最低=0.8856
📊 初始化 ETC: 最高=8.286, 最低=8.286
📊 初始化 AAVE: 最高=114.68, 最低=114.68
📊 初始化 CRV: 最高=0.2425, 最低=0.2425
📊 初始化 NEAR: 最高=1.3348, 最低=1.3348
📊 初始化 APT: 最高=0.9222, 最低=0.9222
📊 初始化 STX: 最高=0.2531, 最低=0.2531
📊 初始化 LDO: 最高=0.3033, 最低=0.3033
📊 初始化 OKB: 最高=96.22, 最低=96.22
📊 初始化 CRO: 最高=0.07734, 最低=0.07734
📊 初始化 HBAR: 最高=0.09523, 最低=0.09523
📊 初始化 TON: 最高=1.303, 最低=1.303
📊 初始化 TAO: 最高=287.5, 最低=287.5
📊 初始化 SUI: 最高=1.0024, 最低=1.0024
📊 初始化 XLM: 最高=0.1666, 最低=0.1666
ℹ️  冷启动采集完成，未检测到新事件
   追踪币种: 28 个
================================================================================


================================================================================
🔄 第 1 次采集 - 2026-03-16 03:19:06
================================================================================
📊 处理快照: 2026-03-16 03:18:34
✅ 状态文件已保存: /home/user/webapp/data/new_high_low/coin_highs_lows_state.json

📊 本次统计:
   新增事件: 0 个
   追踪币种: 28 个

⏳ 等待 180 秒后进行下一次采集...

================================================================================
🔄 第 2 次采集 - 2026-03-16 03:22:06
================================================================================
📊 处理快照: 2026-03-16 03:18:34
✅ 状态文件已保存: /home/user/webapp/data/new_high_low/coin_highs_lows_state.json

📊 本次统计:
   新增事件: 0 个
   追踪币种: 28 个

⏳ 等待 180 秒后进行下一次采集...

================================================================================
🔄 第 3 次采集 - 2026-03-16 03:25:06
================================================================================
📊 处理快照: 2026-03-16 03:21:59
🔥 BTC 创新高: 71450.0 (前高: 71414.5)
🔥 ETH 创新高: 2109.71 (前高: 2107.63)
🔥 SOL 创新高: 88.09 (前高: 87.97)
🔥 BNB 创新高: 659.4 (前高: 659.1)
🔥 XRP 创新高: 1.4131 (前高: 1.4118)
🔥 ADA 创新高: 0.2635 (前高: 0.2633)
🔥 DOGE 创新高: 0.09504 (前高: 0.09491)
🔥 TRX 创新高: 0.29885 (前高: 0.2987)
🔥 LTC 创新高: 55.1 (前高: 55.04)
🔥 BCH 创新高: 461.2 (前高: 461.0)
🔥 LINK 创新高: 9.183 (前高: 9.174)
🔥 UNI 创新高: 3.992 (前高: 3.984)
🔥 FIL 创新高: 0.8866 (前高: 0.8856)
🔥 ETC 创新高: 8.297 (前高: 8.286)
🔥 AAVE 创新高: 114.92 (前高: 114.68)
❄️  CRV 创新低: 0.2422 (前低: 0.2425)
🔥 NEAR 创新高: 1.3368 (前高: 1.3348)
🔥 APT 创新高: 0.9225 (前高: 0.9222)
🔥 STX 创新高: 0.2534 (前高: 0.2531)
🔥 LDO 创新高: 0.3037 (前高: 0.3033)
🔥 OKB 创新高: 96.24 (前高: 96.22)
🔥 CRO 创新高: 0.07745 (前高: 0.07734)
🔥 HBAR 创新高: 0.09533 (前高: 0.09523)
🔥 TON 创新高: 1.304 (前高: 1.303)
❄️  TAO 创新低: 285.6 (前低: 287.5)
🔥 SUI 创新高: 1.003 (前高: 1.0024)
🔥 XLM 创新高: 0.16682 (前高: 0.1666)
✅ 检测到 27 个新事件
✅ 状态文件已保存: /home/user/webapp/data/new_high_low/coin_highs_lows_state.json

📊 本次统计:
   新增事件: 27 个
   追踪币种: 28 个

⏳ 等待 180 秒后进行下一次采集...

================================================================================
🔄 第 4 次采集 - 2026-03-16 03:28:06
================================================================================
📊 处理快照: 2026-03-16 03:25:24
🔥 BTC 创新高: 71461.6 (前高: 71450.0)
🔥 ETH 创新高: 2109.72 (前高: 2109.71)
🔥 SOL 创新高: 88.11 (前高: 88.09)
🔥 XRP 创新高: 1.4133 (前高: 1.4131)
🔥 DOGE 创新高: 0.09505 (前高: 0.09504)
🔥 DOT 创新高: 1.414 (前高: 1.413)
🔥 LTC 创新高: 55.11 (前高: 55.1)
🔥 LINK 创新高: 9.188 (前高: 9.183)
🔥 FIL 创新高: 0.8868 (前高: 0.8866)
🔥 ETC 创新高: 8.298 (前高: 8.297)
🔥 AAVE 创新高: 114.96 (前高: 114.92)
🔥 CRV 创新高: 0.2427 (前高: 0.2425)
🔥 NEAR 创新高: 1.3376 (前高: 1.3368)
🔥 APT 创新高: 0.9232 (前高: 0.9225)
🔥 LDO 创新高: 0.3038 (前高: 0.3037)
🔥 OKB 创新高: 96.27 (前高: 96.24)
❄️  TAO 创新低: 284.8 (前低: 285.6)
🔥 SUI 创新高: 1.0031 (前高: 1.003)
✅ 检测到 18 个新事件
✅ 状态文件已保存: /home/user/webapp/data/new_high_low/coin_highs_lows_state.json

📊 本次统计:
   新增事件: 18 个
   追踪币种: 28 个

⏳ 等待 180 秒后进行下一次采集...

================================================================================
🔄 第 5 次采集 - 2026-03-16 03:31:06
================================================================================
📊 处理快照: 2026-03-16 03:28:49
🔥 BTC 创新高: 71509.9 (前高: 71461.6)
🔥 ETH 创新高: 2111.81 (前高: 2109.72)
🔥 SOL 创新高: 88.22 (前高: 88.11)
🔥 BNB 创新高: 659.9 (前高: 659.4)
🔥 XRP 创新高: 1.4144 (前高: 1.4133)
🔥 ADA 创新高: 0.2639 (前高: 0.2635)
🔥 DOGE 创新高: 0.09526 (前高: 0.09505)
🔥 TRX 创新高: 0.29887 (前高: 0.29885)
🔥 DOT 创新高: 1.415 (前高: 1.414)
🔥 LTC 创新高: 55.18 (前高: 55.11)
🔥 BCH 创新高: 461.4 (前高: 461.2)
🔥 LINK 创新高: 9.197 (前高: 9.188)
🔥 UNI 创新高: 3.998 (前高: 3.992)
🔥 FIL 创新高: 0.8881 (前高: 0.8868)
🔥 ETC 创新高: 8.31 (前高: 8.298)
🔥 AAVE 创新高: 115.36 (前高: 114.96)
🔥 NEAR 创新高: 1.339 (前高: 1.3376)
🔥 APT 创新高: 0.9248 (前高: 0.9232)
🔥 STX 创新高: 0.2536 (前高: 0.2534)
🔥 LDO 创新高: 0.3044 (前高: 0.3038)
🔥 OKB 创新高: 96.31 (前高: 96.27)
🔥 HBAR 创新高: 0.0954 (前高: 0.09533)
❄️  TAO 创新低: 284.5 (前低: 284.8)
🔥 SUI 创新高: 1.0051 (前高: 1.0031)
🔥 XLM 创新高: 0.16694 (前高: 0.16682)
✅ 检测到 25 个新事件
✅ 状态文件已保存: /home/user/webapp/data/new_high_low/coin_highs_lows_state.json

📊 本次统计:
   新增事件: 25 个
   追踪币种: 28 个

⏳ 等待 180 秒后进行下一次采集...

================================================================================
🔄 第 6 次采集 - 2026-03-16 03:34:06
================================================================================
📊 处理快照: 2026-03-16 03:32:14
🔥 DOT 创新高: 1.416 (前高: 1.415)
🔥 LTC 创新高: 55.2 (前高: 55.18)
🔥 FIL 创新高: 0.8889 (前高: 0.8881)
❄️  CRV 创新低: 0.2415 (前低: 0.2422)
🔥 STX 创新高: 0.2537 (前高: 0.2536)
❄️  CRO 创新低: 0.07728 (前低: 0.07734)
❄️  TAO 创新低: 281.5 (前低: 284.5)
✅ 检测到 7 个新事件
✅ 状态文件已保存: /home/user/webapp/data/new_high_low/coin_highs_lows_state.json

📊 本次统计:
   新增事件: 7 个
   追踪币种: 28 个

⏳ 等待 180 秒后进行下一次采集...

================================================================================
🔄 第 7 次采集 - 2026-03-16 03:37:06
================================================================================
📊 处理快照: 2026-03-16 03:35:39
🔥 DOT 创新高: 1.417 (前高: 1.416)
🔥 LTC 创新高: 55.22 (前高: 55.2)
🔥 FIL 创新高: 0.8899 (前高: 0.8889)
🔥 ETC 创新高: 8.312 (前高: 8.31)
❄️  CRV 创新低: 0.2413 (前低: 0.2415)
🔥 APT 创新高: 0.9249 (前高: 0.9248)
🔥 STX 创新高: 0.2539 (前高: 0.2537)
🔥 CRO 创新高: 0.07758 (前高: 0.07745)
🔥 SUI 创新高: 1.0052 (前高: 1.0051)
✅ 检测到 9 个新事件
✅ 状态文件已保存: /home/user/webapp/data/new_high_low/coin_highs_lows_state.json

📊 本次统计:
   新增事件: 9 个
   追踪币种: 28 个

⏳ 等待 180 秒后进行下一次采集...

================================================================================
🔄 第 8 次采集 - 2026-03-16 03:40:06
================================================================================
📊 处理快照: 2026-03-16 03:39:03
✅ 状态文件已保存: /home/user/webapp/data/new_high_low/coin_highs_lows_state.json

📊 本次统计:
   新增事件: 0 个
   追踪币种: 28 个

⏳ 等待 180 秒后进行下一次采集...

================================================================================
🔄 第 9 次采集 - 2026-03-16 03:43:06
================================================================================
📊 处理快照: 2026-03-16 03:42:28
🔥 NEAR 创新高: 1.3393 (前高: 1.339)
🔥 APT 创新高: 0.9251 (前高: 0.9249)
❄️  TAO 创新低: 281.2 (前低: 281.5)
❄️  XLM 创新低: 0.16645 (前低: 0.1666)
✅ 检测到 4 个新事件
✅ 状态文件已保存: /home/user/webapp/data/new_high_low/coin_highs_lows_state.json

📊 本次统计:
   新增事件: 4 个
   追踪币种: 28 个

⏳ 等待 180 秒后进行下一次采集...

================================================================================
🔄 第 10 次采集 - 2026-03-16 03:46:06
================================================================================
📊 处理快照: 2026-03-16 03:42:28
✅ 状态文件已保存: /home/user/webapp/data/new_high_low/coin_highs_lows_state.json

================================================================================
📊 币种最高/最低价状态摘要 (共28个币种)
================================================================================

🔥 最高价TOP5:
   BTC   : $  71509.90  (2026-03-16 03:28:49)
   ETH   : $   2111.81  (2026-03-16 03:28:49)
   BNB   : $    659.90  (2026-03-16 03:28:49)
   BCH   : $    461.40  (2026-03-16 03:28:49)
   TAO   : $    287.50  (2026-03-16 03:18:34)

❄️  最低价TOP5:
   CRO   : $      0.08  (2026-03-16 03:32:14)
   DOGE  : $      0.09  (2026-03-16 03:18:34)
   HBAR  : $      0.10  (2026-03-16 03:18:34)
   XLM   : $      0.17  (2026-03-16 03:42:28)
   CRV   : $      0.24  (2026-03-16 03:35:39)
================================================================================


📊 本次统计:
   新增事件: 0 个
   追踪币种: 28 个

⏳ 等待 180 秒后进行下一次采集...

================================================================================
🔄 第 11 次采集 - 2026-03-16 03:49:06
================================================================================
📊 处理快照: 2026-03-16 03:45:53
❄️  XRP 创新低: 1.4109 (前低: 1.4118)
❄️  ADA 创新低: 0.2632 (前低: 0.2633)
❄️  TRX 创新低: 0.29846 (前低: 0.2987)
❄️  BCH 创新低: 460.9 (前低: 461.0)
❄️  CRV 创新低: 0.2412 (前低: 0.2413)
❄️  XLM 创新低: 0.16619 (前低: 0.16645)
✅ 检测到 6 个新事件
✅ 状态文件已保存: /home/user/webapp/data/new_high_low/coin_highs_lows_state.json

📊 本次统计:
   新增事件: 6 个
   追踪币种: 28 个

⏳ 等待 180 秒后进行下一次采集...

================================================================================
🔄 第 12 次采集 - 2026-03-16 03:52:06
================================================================================
📊 处理快照: 2026-03-16 03:49:18
❄️  XRP 创新低: 1.4107 (前低: 1.4109)
❄️  ADA 创新低: 0.2631 (前低: 0.2632)
❄️  BCH 创新低: 460.8 (前低: 460.9)
🔥 NEAR 创新高: 1.3399 (前高: 1.3393)
🔥 APT 创新高: 0.9254 (前高: 0.9251)
❄️  OKB 创新低: 96.2 (前低: 96.22)
❄️  XLM 创新低: 0.16615 (前低: 0.16619)
✅ 检测到 7 个新事件
✅ 状态文件已保存: /home/user/webapp/data/new_high_low/coin_highs_lows_state.json

📊 本次统计:
   新增事件: 7 个
   追踪币种: 28 个

⏳ 等待 180 秒后进行下一次采集...

================================================================================
🔄 第 13 次采集 - 2026-03-16 03:55:06
================================================================================
📊 处理快照: 2026-03-16 03:52:42
❄️  SOL 创新低: 87.96 (前低: 87.97)
❄️  TRX 创新低: 0.29845 (前低: 0.29846)
❄️  AAVE 创新低: 114.52 (前低: 114.68)
🔥 NEAR 创新高: 1.3406 (前高: 1.3399)
🔥 LDO 创新高: 0.3045 (前高: 0.3044)
❄️  HBAR 创新低: 0.0952 (前低: 0.09523)
❄️  TAO 创新低: 281.0 (前低: 281.2)
✅ 检测到 7 个新事件
✅ 状态文件已保存: /home/user/webapp/data/new_high_low/coin_highs_lows_state.json

📊 本次统计:
   新增事件: 7 个
   追踪币种: 28 个

⏳ 等待 180 秒后进行下一次采集...

================================================================================
🔄 第 14 次采集 - 2026-03-16 03:58:06
================================================================================
📊 处理快照: 2026-03-16 03:56:07
🔥 LDO 创新高: 0.3048 (前高: 0.3045)
❄️  HBAR 创新低: 0.09519 (前低: 0.0952)
✅ 检测到 2 个新事件
✅ 状态文件已保存: /home/user/webapp/data/new_high_low/coin_highs_lows_state.json

📊 本次统计:
   新增事件: 2 个
   追踪币种: 28 个

⏳ 等待 180 秒后进行下一次采集...

================================================================================
🔄 第 15 次采集 - 2026-03-16 04:01:06
================================================================================
📊 处理快照: 2026-03-16 03:59:32
🔥 BTC 创新高: 71511.1 (前高: 71509.9)
🔥 ETH 创新高: 2112.48 (前高: 2111.81)
🔥 BNB 创新高: 660.0 (前高: 659.9)
🔥 DOT 创新高: 1.419 (前高: 1.417)
🔥 UNI 创新高: 4.001 (前高: 3.998)
🔥 ETC 创新高: 8.315 (前高: 8.312)
🔥 STX 创新高: 0.254 (前高: 0.2539)
🔥 LDO 创新高: 0.305 (前高: 0.3048)
❄️  OKB 创新低: 96.1 (前低: 96.2)
🔥 CRO 创新高: 0.0776 (前高: 0.07758)
❄️  TON 创新低: 1.302 (前低: 1.303)
❄️  TAO 创新低: 278.4 (前低: 281.0)
🔥 SUI 创新高: 1.0054 (前高: 1.0052)
✅ 检测到 13 个新事件
✅ 状态文件已保存: /home/user/webapp/data/new_high_low/coin_highs_lows_state.json

📊 本次统计:
   新增事件: 13 个
   追踪币种: 28 个

⏳ 等待 180 秒后进行下一次采集...

================================================================================
🔄 第 16 次采集 - 2026-03-16 04:04:06
================================================================================
📊 处理快照: 2026-03-16 04:02:57
❄️  ADA 创新低: 0.2629 (前低: 0.2631)
❄️  OKB 创新低: 96.08 (前低: 96.1)
✅ 检测到 2 个新事件
✅ 状态文件已保存: /home/user/webapp/data/new_high_low/coin_highs_lows_state.json

📊 本次统计:
   新增事件: 2 个
   追踪币种: 28 个

⏳ 等待 180 秒后进行下一次采集...

================================================================================
🔄 第 17 次采集 - 2026-03-16 04:07:06
================================================================================
📊 处理快照: 2026-03-16 04:06:21
🔥 DOT 创新高: 1.42 (前高: 1.419)
🔥 STX 创新高: 0.2541 (前高: 0.254)
❄️  HBAR 创新低: 0.09516 (前低: 0.09519)
✅ 检测到 3 个新事件
✅ 状态文件已保存: /home/user/webapp/data/new_high_low/coin_highs_lows_state.json

📊 本次统计:
   新增事件: 3 个
   追踪币种: 28 个

⏳ 等待 180 秒后进行下一次采集...

================================================================================
🔄 第 18 次采集 - 2026-03-16 04:10:06
================================================================================
📊 处理快照: 2026-03-16 04:06:21
✅ 状态文件已保存: /home/user/webapp/data/new_high_low/coin_highs_lows_state.json

📊 本次统计:
   新增事件: 0 个
   追踪币种: 28 个

⏳ 等待 180 秒后进行下一次采集...

================================================================================
🔄 第 19 次采集 - 2026-03-16 04:13:06
================================================================================
📊 处理快照: 2026-03-16 04:09:47
🔥 BNB 创新高: 660.1 (前高: 660.0)
❄️  XRP 创新低: 1.4104 (前低: 1.4107)
🔥 DOT 创新高: 1.421 (前高: 1.42)
🔥 APT 创新高: 0.926 (前高: 0.9254)
🔥 STX 创新高: 0.2544 (前高: 0.2541)
🔥 LDO 创新高: 0.3051 (前高: 0.305)
🔥 CRO 创新高: 0.07762 (前高: 0.0776)
✅ 检测到 7 个新事件
✅ 状态文件已保存: /home/user/webapp/data/new_high_low/coin_highs_lows_state.json

📊 本次统计:
   新增事件: 7 个
   追踪币种: 28 个

⏳ 等待 180 秒后进行下一次采集...

================================================================================
🔄 第 20 次采集 - 2026-03-16 04:16:06
================================================================================
📊 处理快照: 2026-03-16 04:13:11
❄️  BCH 创新低: 460.7 (前低: 460.8)
❄️  OKB 创新低: 96.05 (前低: 96.08)
❄️  HBAR 创新低: 0.09511 (前低: 0.09516)
✅ 检测到 3 个新事件
✅ 状态文件已保存: /home/user/webapp/data/new_high_low/coin_highs_lows_state.json

================================================================================
📊 币种最高/最低价状态摘要 (共28个币种)
================================================================================

🔥 最高价TOP5:
   BTC   : $  71511.10  (2026-03-16 03:59:32)
   ETH   : $   2112.48  (2026-03-16 03:59:32)
   BNB   : $    660.10  (2026-03-16 04:09:47)
   BCH   : $    461.40  (2026-03-16 03:28:49)
   TAO   : $    287.50  (2026-03-16 03:18:34)

❄️  最低价TOP5:
   CRO   : $      0.08  (2026-03-16 03:32:14)
   DOGE  : $      0.09  (2026-03-16 03:18:34)
   HBAR  : $      0.10  (2026-03-16 04:13:11)
   XLM   : $      0.17  (2026-03-16 03:49:18)
   CRV   : $      0.24  (2026-03-16 03:45:53)
================================================================================


📊 本次统计:
   新增事件: 3 个
   追踪币种: 28 个

⏳ 等待 180 秒后进行下一次采集...

================================================================================
🔄 第 21 次采集 - 2026-03-16 04:19:06
================================================================================
📊 处理快照: 2026-03-16 04:16:36
🔥 BTC 创新高: 71537.6 (前高: 71511.1)
🔥 ETH 创新高: 2113.15 (前高: 2112.48)
❄️  TRX 创新低: 0.29831 (前低: 0.29845)
🔥 NEAR 创新高: 1.3407 (前高: 1.3406)
❄️  HBAR 创新低: 0.0951 (前低: 0.09511)
✅ 检测到 5 个新事件
✅ 状态文件已保存: /home/user/webapp/data/new_high_low/coin_highs_lows_state.json

📊 本次统计:
   新增事件: 5 个
   追踪币种: 28 个

⏳ 等待 180 秒后进行下一次采集...

================================================================================
🔄 第 22 次采集 - 2026-03-16 04:22:06
================================================================================
📊 处理快照: 2026-03-16 04:20:01
❄️  ADA 创新低: 0.2627 (前低: 0.2629)
❄️  BCH 创新低: 460.3 (前低: 460.7)
❄️  HBAR 创新低: 0.09502 (前低: 0.0951)
❄️  SUI 创新低: 1.002 (前低: 1.0024)
✅ 检测到 4 个新事件
✅ 状态文件已保存: /home/user/webapp/data/new_high_low/coin_highs_lows_state.json

📊 本次统计:
   新增事件: 4 个
   追踪币种: 28 个

⏳ 等待 180 秒后进行下一次采集...

================================================================================
🔄 第 23 次采集 - 2026-03-16 04:25:06
================================================================================
📊 处理快照: 2026-03-16 04:23:26
❄️  TRX 创新低: 0.29819 (前低: 0.29831)
✅ 检测到 1 个新事件
✅ 状态文件已保存: /home/user/webapp/data/new_high_low/coin_highs_lows_state.json

📊 本次统计:
   新增事件: 1 个
   追踪币种: 28 个

⏳ 等待 180 秒后进行下一次采集...

================================================================================
🔄 第 24 次采集 - 2026-03-16 04:28:06
================================================================================
📊 处理快照: 2026-03-16 04:26:52
❄️  ADA 创新低: 0.2626 (前低: 0.2627)
❄️  LINK 创新低: 9.173 (前低: 9.174)
❄️  APT 创新低: 0.9221 (前低: 0.9222)
❄️  OKB 创新低: 96.04 (前低: 96.05)
❄️  HBAR 创新低: 0.09498 (前低: 0.09502)
❄️  SUI 创新低: 1.0007 (前低: 1.002)
✅ 检测到 6 个新事件
✅ 状态文件已保存: /home/user/webapp/data/new_high_low/coin_highs_lows_state.json

📊 本次统计:
   新增事件: 6 个
   追踪币种: 28 个

⏳ 等待 180 秒后进行下一次采集...

================================================================================
🔄 第 25 次采集 - 2026-03-16 04:31:06
================================================================================
📊 处理快照: 2026-03-16 04:30:15
🔥 ETH 创新高: 2115.27 (前高: 2113.15)
🔥 BNB 创新高: 660.5 (前高: 660.1)
🔥 LINK 创新高: 9.199 (前高: 9.197)
🔥 LDO 创新高: 0.3055 (前高: 0.3051)
🔥 CRO 创新高: 0.07773 (前高: 0.07762)
🔥 TON 创新高: 1.305 (前高: 1.304)
🔥 XLM 创新高: 0.16702 (前高: 0.16694)
✅ 检测到 7 个新事件
✅ 状态文件已保存: /home/user/webapp/data/new_high_low/coin_highs_lows_state.json

📊 本次统计:
   新增事件: 7 个
   追踪币种: 28 个

⏳ 等待 180 秒后进行下一次采集...

================================================================================
🔄 第 26 次采集 - 2026-03-16 04:34:06
================================================================================
📊 处理快照: 2026-03-16 04:33:40
🔥 BTC 创新高: 71620.9 (前高: 71537.6)
🔥 ETH 创新高: 2122.75 (前高: 2115.27)
🔥 SOL 创新高: 88.49 (前高: 88.22)
🔥 BNB 创新高: 662.3 (前高: 660.5)
🔥 XRP 创新高: 1.4162 (前高: 1.4144)
🔥 DOGE 创新高: 0.09535 (前高: 0.09526)
🔥 LTC 创新高: 55.26 (前高: 55.22)
🔥 BCH 创新高: 461.9 (前高: 461.4)
🔥 LINK 创新高: 9.222 (前高: 9.199)
🔥 UNI 创新高: 4.009 (前高: 4.001)
🔥 FIL 创新高: 0.8907 (前高: 0.8899)
🔥 ETC 创新高: 8.32 (前高: 8.315)
🔥 AAVE 创新高: 115.44 (前高: 115.36)
🔥 NEAR 创新高: 1.342 (前高: 1.3407)
🔥 STX 创新高: 0.2549 (前高: 0.2544)
🔥 LDO 创新高: 0.3061 (前高: 0.3055)
🔥 CRO 创新高: 0.07783 (前高: 0.07773)
🔥 SUI 创新高: 1.0065 (前高: 1.0054)
🔥 XLM 创新高: 0.16722 (前高: 0.16702)
✅ 检测到 19 个新事件
✅ 状态文件已保存: /home/user/webapp/data/new_high_low/coin_highs_lows_state.json

📊 本次统计:
   新增事件: 19 个
   追踪币种: 28 个

⏳ 等待 180 秒后进行下一次采集...

================================================================================
🔄 第 27 次采集 - 2026-03-16 04:37:06
================================================================================
📊 处理快照: 2026-03-16 04:33:40
✅ 状态文件已保存: /home/user/webapp/data/new_high_low/coin_highs_lows_state.json

📊 本次统计:
   新增事件: 0 个
   追踪币种: 28 个

⏳ 等待 180 秒后进行下一次采集...

================================================================================
🔄 第 28 次采集 - 2026-03-16 04:40:06
================================================================================
📊 处理快照: 2026-03-16 04:37:06
🔥 BTC 创新高: 71675.0 (前高: 71620.9)
🔥 ETH 创新高: 2127.41 (前高: 2122.75)
🔥 SOL 创新高: 88.6 (前高: 88.49)
🔥 BNB 创新高: 663.0 (前高: 662.3)
🔥 XRP 创新高: 1.4182 (前高: 1.4162)
🔥 ADA 创新高: 0.2645 (前高: 0.2639)
🔥 DOGE 创新高: 0.09544 (前高: 0.09535)
🔥 LTC 创新高: 55.3 (前高: 55.26)
🔥 BCH 创新高: 462.3 (前高: 461.9)
🔥 LINK 创新高: 9.245 (前高: 9.222)
🔥 UNI 创新高: 4.014 (前高: 4.009)
🔥 FIL 创新高: 0.892 (前高: 0.8907)
🔥 ETC 创新高: 8.329 (前高: 8.32)
🔥 AAVE 创新高: 115.74 (前高: 115.44)
🔥 CRV 创新高: 0.2429 (前高: 0.2427)
🔥 NEAR 创新高: 1.3442 (前高: 1.342)
🔥 APT 创新高: 0.9269 (前高: 0.926)
🔥 STX 创新高: 0.2552 (前高: 0.2549)
🔥 LDO 创新高: 0.3066 (前高: 0.3061)
🔥 CRO 创新高: 0.07784 (前高: 0.07783)
🔥 HBAR 创新高: 0.09544 (前高: 0.0954)
🔥 SUI 创新高: 1.0077 (前高: 1.0065)
🔥 XLM 创新高: 0.16743 (前高: 0.16722)
✅ 检测到 23 个新事件
✅ 状态文件已保存: /home/user/webapp/data/new_high_low/coin_highs_lows_state.json

📊 本次统计:
   新增事件: 23 个
   追踪币种: 28 个

⏳ 等待 180 秒后进行下一次采集...

================================================================================
🔄 第 29 次采集 - 2026-03-16 04:43:06
================================================================================
📊 处理快照: 2026-03-16 04:40:31
🔥 BTC 创新高: 71875.8 (前高: 71675.0)
🔥 ETH 创新高: 2137.89 (前高: 2127.41)
🔥 SOL 创新高: 88.95 (前高: 88.6)
🔥 BNB 创新高: 664.6 (前高: 663.0)
🔥 XRP 创新高: 1.4219 (前高: 1.4182)
🔥 ADA 创新高: 0.2649 (前高: 0.2645)
🔥 DOGE 创新高: 0.09571 (前高: 0.09544)
🔥 DOT 创新高: 1.427 (前高: 1.421)
🔥 LTC 创新高: 55.42 (前高: 55.3)
🔥 BCH 创新高: 462.9 (前高: 462.3)
🔥 LINK 创新高: 9.275 (前高: 9.245)
🔥 UNI 创新高: 4.024 (前高: 4.014)
🔥 FIL 创新高: 0.894 (前高: 0.892)
🔥 ETC 创新高: 8.346 (前高: 8.329)
🔥 AAVE 创新高: 115.76 (前高: 115.74)
🔥 CRV 创新高: 0.2434 (前高: 0.2429)
🔥 NEAR 创新高: 1.3469 (前高: 1.3442)
🔥 APT 创新高: 0.9273 (前高: 0.9269)
🔥 STX 创新高: 0.2558 (前高: 0.2552)
🔥 LDO 创新高: 0.307 (前高: 0.3066)
🔥 CRO 创新高: 0.07793 (前高: 0.07784)
🔥 HBAR 创新高: 0.09547 (前高: 0.09544)
🔥 SUI 创新高: 1.0081 (前高: 1.0077)
🔥 XLM 创新高: 0.16769 (前高: 0.16743)
✅ 检测到 24 个新事件
✅ 状态文件已保存: /home/user/webapp/data/new_high_low/coin_highs_lows_state.json

📊 本次统计:
   新增事件: 24 个
   追踪币种: 28 个

⏳ 等待 180 秒后进行下一次采集...

================================================================================
🔄 第 30 次采集 - 2026-03-16 04:46:06
================================================================================
📊 处理快照: 2026-03-16 04:43:56
🔥 AAVE 创新高: 115.81 (前高: 115.76)
🔥 CRV 创新高: 0.2435 (前高: 0.2434)
✅ 检测到 2 个新事件
✅ 状态文件已保存: /home/user/webapp/data/new_high_low/coin_highs_lows_state.json

================================================================================
📊 币种最高/最低价状态摘要 (共28个币种)
================================================================================

🔥 最高价TOP5:
   BTC   : $  71875.80  (2026-03-16 04:40:31)
   ETH   : $   2137.89  (2026-03-16 04:40:31)
   BNB   : $    664.60  (2026-03-16 04:40:31)
   BCH   : $    462.90  (2026-03-16 04:40:31)
   TAO   : $    287.50  (2026-03-16 03:18:34)

❄️  最低价TOP5:
   CRO   : $      0.08  (2026-03-16 03:32:14)
   DOGE  : $      0.09  (2026-03-16 03:18:34)
   HBAR  : $      0.09  (2026-03-16 04:26:52)
   XLM   : $      0.17  (2026-03-16 03:49:18)
   CRV   : $      0.24  (2026-03-16 03:45:53)
================================================================================


📊 本次统计:
   新增事件: 2 个
   追踪币种: 28 个

⏳ 等待 180 秒后进行下一次采集...

================================================================================
🔄 第 31 次采集 - 2026-03-16 04:49:06
================================================================================
📊 处理快照: 2026-03-16 04:47:20
✅ 状态文件已保存: /home/user/webapp/data/new_high_low/coin_highs_lows_state.json

📊 本次统计:
   新增事件: 0 个
   追踪币种: 28 个

⏳ 等待 180 秒后进行下一次采集...

================================================================================
🔄 第 32 次采集 - 2026-03-16 04:52:06
================================================================================
📊 处理快照: 2026-03-16 04:50:45
🔥 CRV 创新高: 0.2444 (前高: 0.2435)
🔥 TON 创新高: 1.306 (前高: 1.305)
✅ 检测到 2 个新事件
✅ 状态文件已保存: /home/user/webapp/data/new_high_low/coin_highs_lows_state.json

📊 本次统计:
   新增事件: 2 个
   追踪币种: 28 个

⏳ 等待 180 秒后进行下一次采集...

================================================================================
🔄 第 33 次采集 - 2026-03-16 04:55:06
================================================================================
📊 处理快照: 2026-03-16 04:54:10
✅ 状态文件已保存: /home/user/webapp/data/new_high_low/coin_highs_lows_state.json

📊 本次统计:
   新增事件: 0 个
   追踪币种: 28 个

⏳ 等待 180 秒后进行下一次采集...

================================================================================
🔄 第 34 次采集 - 2026-03-16 04:58:06
================================================================================
📊 处理快照: 2026-03-16 04:57:34
✅ 状态文件已保存: /home/user/webapp/data/new_high_low/coin_highs_lows_state.json

📊 本次统计:
   新增事件: 0 个
   追踪币种: 28 个

⏳ 等待 180 秒后进行下一次采集...

================================================================================
🔄 第 35 次采集 - 2026-03-16 05:01:06
================================================================================
📊 处理快照: 2026-03-16 04:57:34
✅ 状态文件已保存: /home/user/webapp/data/new_high_low/coin_highs_lows_state.json

📊 本次统计:
   新增事件: 0 个
   追踪币种: 28 个

⏳ 等待 180 秒后进行下一次采集...

================================================================================
🔄 第 36 次采集 - 2026-03-16 05:04:06
================================================================================
📊 处理快照: 2026-03-16 05:01:00
❄️  TRX 创新低: 0.29818 (前低: 0.29819)
✅ 检测到 1 个新事件
✅ 状态文件已保存: /home/user/webapp/data/new_high_low/coin_highs_lows_state.json

📊 本次统计:
   新增事件: 1 个
   追踪币种: 28 个

⏳ 等待 180 秒后进行下一次采集...

================================================================================
🔄 第 37 次采集 - 2026-03-16 05:07:19
================================================================================
📊 处理快照: 2026-03-16 05:04:25
❄️  TRX 创新低: 0.29814 (前低: 0.29818)
✅ 检测到 1 个新事件
✅ 状态文件已保存: /home/user/webapp/data/new_high_low/coin_highs_lows_state.json

📊 本次统计:
   新增事件: 1 个
   追踪币种: 28 个

⏳ 等待 180 秒后进行下一次采集...

================================================================================
🔄 第 38 次采集 - 2026-03-16 05:10:19
================================================================================
📊 处理快照: 2026-03-16 05:08:02
✅ 状态文件已保存: /home/user/webapp/data/new_high_low/coin_highs_lows_state.json

📊 本次统计:
   新增事件: 0 个
   追踪币种: 28 个

⏳ 等待 180 秒后进行下一次采集...

================================================================================
🔄 第 39 次采集 - 2026-03-16 05:13:46
================================================================================
📊 处理快照: 2026-03-16 05:11:27
❄️  TRX 创新低: 0.29813 (前低: 0.29814)
🔥 NEAR 创新高: 1.3471 (前高: 1.3469)
🔥 TAO 创新高: 289.7 (前高: 287.5)
✅ 检测到 3 个新事件
✅ 状态文件已保存: /home/user/webapp/data/new_high_low/coin_highs_lows_state.json

📊 本次统计:
   新增事件: 3 个
   追踪币种: 28 个

⏳ 等待 180 秒后进行下一次采集...

================================================================================
🔄 第 40 次采集 - 2026-03-16 05:16:46
================================================================================
📊 处理快照: 2026-03-16 05:15:18
❄️  TRX 创新低: 0.2981 (前低: 0.29813)
✅ 检测到 1 个新事件
✅ 状态文件已保存: /home/user/webapp/data/new_high_low/coin_highs_lows_state.json

================================================================================
📊 币种最高/最低价状态摘要 (共28个币种)
================================================================================

🔥 最高价TOP5:
   BTC   : $  71875.80  (2026-03-16 04:40:31)
   ETH   : $   2137.89  (2026-03-16 04:40:31)
   BNB   : $    664.60  (2026-03-16 04:40:31)
   BCH   : $    462.90  (2026-03-16 04:40:31)
   TAO   : $    289.70  (2026-03-16 05:11:27)

❄️  最低价TOP5:
   CRO   : $      0.08  (2026-03-16 03:32:14)
   DOGE  : $      0.09  (2026-03-16 03:18:34)
   HBAR  : $      0.09  (2026-03-16 04:26:52)
   XLM   : $      0.17  (2026-03-16 03:49:18)
   CRV   : $      0.24  (2026-03-16 03:45:53)
================================================================================


📊 本次统计:
   新增事件: 1 个
   追踪币种: 28 个

⏳ 等待 180 秒后进行下一次采集...

================================================================================
🔄 第 41 次采集 - 2026-03-16 05:19:46
================================================================================
📊 处理快照: 2026-03-16 05:18:43
✅ 状态文件已保存: /home/user/webapp/data/new_high_low/coin_highs_lows_state.json

📊 本次统计:
   新增事件: 0 个
   追踪币种: 28 个

⏳ 等待 180 秒后进行下一次采集...

================================================================================
🔄 第 42 次采集 - 2026-03-16 05:22:46
================================================================================
📊 处理快照: 2026-03-16 05:22:08
🔥 TAO 创新高: 290.8 (前高: 289.7)
✅ 检测到 1 个新事件
✅ 状态文件已保存: /home/user/webapp/data/new_high_low/coin_highs_lows_state.json

📊 本次统计:
   新增事件: 1 个
   追踪币种: 28 个

⏳ 等待 180 秒后进行下一次采集...

================================================================================
🔄 第 43 次采集 - 2026-03-16 05:25:46
================================================================================
📊 处理快照: 2026-03-16 05:22:08
✅ 状态文件已保存: /home/user/webapp/data/new_high_low/coin_highs_lows_state.json

📊 本次统计:
   新增事件: 0 个
   追踪币种: 28 个

⏳ 等待 180 秒后进行下一次采集...

================================================================================
🔄 第 44 次采集 - 2026-03-16 05:28:46
================================================================================
📊 处理快照: 2026-03-16 05:25:32
🔥 LTC 创新高: 55.43 (前高: 55.42)
🔥 OKB 创新高: 96.33 (前高: 96.31)
🔥 XLM 创新高: 0.16784 (前高: 0.16769)
✅ 检测到 3 个新事件
✅ 状态文件已保存: /home/user/webapp/data/new_high_low/coin_highs_lows_state.json

📊 本次统计:
   新增事件: 3 个
   追踪币种: 28 个

⏳ 等待 180 秒后进行下一次采集...

================================================================================
🔄 第 45 次采集 - 2026-03-16 05:31:46
================================================================================
📊 处理快照: 2026-03-16 05:28:57
✅ 状态文件已保存: /home/user/webapp/data/new_high_low/coin_highs_lows_state.json

📊 本次统计:
   新增事件: 0 个
   追踪币种: 28 个

⏳ 等待 180 秒后进行下一次采集...

================================================================================
🔄 第 46 次采集 - 2026-03-16 05:34:46
================================================================================
📊 处理快照: 2026-03-16 05:32:21
🔥 NEAR 创新高: 1.3479 (前高: 1.3471)
✅ 检测到 1 个新事件
✅ 状态文件已保存: /home/user/webapp/data/new_high_low/coin_highs_lows_state.json

📊 本次统计:
   新增事件: 1 个
   追踪币种: 28 个

⏳ 等待 180 秒后进行下一次采集...

================================================================================
🔄 第 47 次采集 - 2026-03-16 05:37:46
================================================================================
📊 处理快照: 2026-03-16 05:35:46
🔥 BTC 创新高: 71939.1 (前高: 71875.8)
🔥 SOL 创新高: 89.63 (前高: 88.95)
🔥 BNB 创新高: 665.8 (前高: 664.6)
🔥 XRP 创新高: 1.4237 (前高: 1.4219)
🔥 ADA 创新高: 0.2657 (前高: 0.2649)
🔥 DOT 创新高: 1.428 (前高: 1.427)
🔥 LTC 创新高: 55.55 (前高: 55.43)
🔥 BCH 创新高: 463.4 (前高: 462.9)
🔥 LINK 创新高: 9.289 (前高: 9.275)
🔥 UNI 创新高: 4.029 (前高: 4.024)
🔥 ETC 创新高: 8.356 (前高: 8.346)
🔥 NEAR 创新高: 1.3511 (前高: 1.3479)
🔥 APT 创新高: 0.9278 (前高: 0.9273)
🔥 OKB 创新高: 96.42 (前高: 96.33)
🔥 HBAR 创新高: 0.09564 (前高: 0.09547)
🔥 SUI 创新高: 1.0098 (前高: 1.0081)
🔥 XLM 创新高: 0.16802 (前高: 0.16784)
✅ 检测到 17 个新事件
✅ 状态文件已保存: /home/user/webapp/data/new_high_low/coin_highs_lows_state.json

📊 本次统计:
   新增事件: 17 个
   追踪币种: 28 个

⏳ 等待 180 秒后进行下一次采集...

================================================================================
🔄 第 48 次采集 - 2026-03-16 05:40:46
================================================================================
📊 处理快照: 2026-03-16 05:39:10
🔥 BTC 创新高: 72151.7 (前高: 71939.1)
🔥 ETH 创新高: 2140.62 (前高: 2137.89)
🔥 SOL 创新高: 89.98 (前高: 89.63)
🔥 BNB 创新高: 667.9 (前高: 665.8)
🔥 XRP 创新高: 1.4284 (前高: 1.4237)
🔥 ADA 创新高: 0.267 (前高: 0.2657)
🔥 DOGE 创新高: 0.09599 (前高: 0.09571)
🔥 DOT 创新高: 1.431 (前高: 1.428)
🔥 LTC 创新高: 55.69 (前高: 55.55)
🔥 BCH 创新高: 464.7 (前高: 463.4)
🔥 LINK 创新高: 9.32 (前高: 9.289)
🔥 UNI 创新高: 4.045 (前高: 4.029)
🔥 FIL 创新高: 0.8958 (前高: 0.894)
🔥 ETC 创新高: 8.388 (前高: 8.356)
🔥 AAVE 创新高: 116.11 (前高: 115.81)
🔥 NEAR 创新高: 1.3603 (前高: 1.3511)
🔥 APT 创新高: 0.9318 (前高: 0.9278)
🔥 STX 创新高: 0.2565 (前高: 0.2558)
🔥 LDO 创新高: 0.3074 (前高: 0.307)
🔥 OKB 创新高: 96.46 (前高: 96.42)
🔥 HBAR 创新高: 0.09596 (前高: 0.09564)
🔥 TON 创新高: 1.307 (前高: 1.306)
🔥 SUI 创新高: 1.0147 (前高: 1.0098)
🔥 XLM 创新高: 0.16899 (前高: 0.16802)
✅ 检测到 24 个新事件
✅ 状态文件已保存: /home/user/webapp/data/new_high_low/coin_highs_lows_state.json

📊 本次统计:
   新增事件: 24 个
   追踪币种: 28 个

⏳ 等待 180 秒后进行下一次采集...

================================================================================
🔄 第 49 次采集 - 2026-03-16 05:43:46
================================================================================
📊 处理快照: 2026-03-16 05:42:35
✅ 状态文件已保存: /home/user/webapp/data/new_high_low/coin_highs_lows_state.json

📊 本次统计:
   新增事件: 0 个
   追踪币种: 28 个

⏳ 等待 180 秒后进行下一次采集...

================================================================================
🔄 第 50 次采集 - 2026-03-16 05:46:46
================================================================================
📊 处理快照: 2026-03-16 05:46:00
🔥 BTC 创新高: 72169.3 (前高: 72151.7)
🔥 ETH 创新高: 2141.31 (前高: 2140.62)
🔥 SOL 创新高: 89.99 (前高: 89.98)
🔥 BNB 创新高: 668.1 (前高: 667.9)
🔥 LTC 创新高: 55.7 (前高: 55.69)
🔥 APT 创新高: 0.9319 (前高: 0.9318)
🔥 TON 创新高: 1.308 (前高: 1.307)
🔥 SUI 创新高: 1.0152 (前高: 1.0147)
✅ 检测到 8 个新事件
✅ 状态文件已保存: /home/user/webapp/data/new_high_low/coin_highs_lows_state.json

================================================================================
📊 币种最高/最低价状态摘要 (共28个币种)
================================================================================

🔥 最高价TOP5:
   BTC   : $  72169.30  (2026-03-16 05:46:00)
   ETH   : $   2141.31  (2026-03-16 05:46:00)
   BNB   : $    668.10  (2026-03-16 05:46:00)
   BCH   : $    464.70  (2026-03-16 05:39:10)
   TAO   : $    290.80  (2026-03-16 05:22:08)

❄️  最低价TOP5:
   CRO   : $      0.08  (2026-03-16 03:32:14)
   DOGE  : $      0.09  (2026-03-16 03:18:34)
   HBAR  : $      0.09  (2026-03-16 04:26:52)
   XLM   : $      0.17  (2026-03-16 03:49:18)
   CRV   : $      0.24  (2026-03-16 03:45:53)
================================================================================


📊 本次统计:
   新增事件: 8 个
   追踪币种: 28 个

⏳ 等待 180 秒后进行下一次采集...

================================================================================
🔄 第 51 次采集 - 2026-03-16 05:49:46
================================================================================
📊 处理快照: 2026-03-16 05:46:00
✅ 状态文件已保存: /home/user/webapp/data/new_high_low/coin_highs_lows_state.json

📊 本次统计:
   新增事件: 0 个
   追踪币种: 28 个

⏳ 等待 180 秒后进行下一次采集...

================================================================================
🔄 第 52 次采集 - 2026-03-16 05:52:46
================================================================================
📊 处理快照: 2026-03-16 05:49:24
🔥 CRO 创新高: 0.07803 (前高: 0.07793)
✅ 检测到 1 个新事件
✅ 状态文件已保存: /home/user/webapp/data/new_high_low/coin_highs_lows_state.json

📊 本次统计:
   新增事件: 1 个
   追踪币种: 28 个

⏳ 等待 180 秒后进行下一次采集...

================================================================================
🔄 第 53 次采集 - 2026-03-16 05:55:46
================================================================================
📊 处理快照: 2026-03-16 05:52:50
❄️  TRX 创新低: 0.29806 (前低: 0.2981)
✅ 检测到 1 个新事件
✅ 状态文件已保存: /home/user/webapp/data/new_high_low/coin_highs_lows_state.json

📊 本次统计:
   新增事件: 1 个
   追踪币种: 28 个

⏳ 等待 180 秒后进行下一次采集...

================================================================================
🔄 第 54 次采集 - 2026-03-16 05:58:46
================================================================================
📊 处理快照: 2026-03-16 05:56:15
🔥 OKB 创新高: 96.5 (前高: 96.46)
✅ 检测到 1 个新事件
✅ 状态文件已保存: /home/user/webapp/data/new_high_low/coin_highs_lows_state.json

📊 本次统计:
   新增事件: 1 个
   追踪币种: 28 个

⏳ 等待 180 秒后进行下一次采集...

================================================================================
🔄 第 55 次采集 - 2026-03-16 06:01:46
================================================================================
📊 处理快照: 2026-03-16 05:59:39
🔥 LTC 创新高: 55.71 (前高: 55.7)
🔥 SUI 创新高: 1.0156 (前高: 1.0152)
✅ 检测到 2 个新事件
✅ 状态文件已保存: /home/user/webapp/data/new_high_low/coin_highs_lows_state.json

📊 本次统计:
   新增事件: 2 个
   追踪币种: 28 个

⏳ 等待 180 秒后进行下一次采集...

================================================================================
🔄 第 56 次采集 - 2026-03-16 06:04:46
================================================================================
📊 处理快照: 2026-03-16 06:03:04
🔥 ETH 创新高: 2143.33 (前高: 2141.31)
🔥 SOL 创新高: 90.2 (前高: 89.99)
🔥 BNB 创新高: 668.4 (前高: 668.1)
🔥 XRP 创新高: 1.4329 (前高: 1.4284)
🔥 ADA 创新高: 0.2679 (前高: 0.267)
🔥 DOGE 创新高: 0.09622 (前高: 0.09599)
🔥 LTC 创新高: 55.78 (前高: 55.71)
🔥 BCH 创新高: 465.4 (前高: 464.7)
🔥 LINK 创新高: 9.332 (前高: 9.32)
🔥 UNI 创新高: 4.049 (前高: 4.045)
🔥 FIL 创新高: 0.8968 (前高: 0.8958)
🔥 ETC 创新高: 8.409 (前高: 8.388)
🔥 AAVE 创新高: 116.2 (前高: 116.11)
🔥 APT 创新高: 0.9334 (前高: 0.9319)
🔥 LDO 创新高: 0.3079 (前高: 0.3074)
🔥 OKB 创新高: 96.54 (前高: 96.5)
🔥 CRO 创新高: 0.07813 (前高: 0.07803)
🔥 HBAR 创新高: 0.09632 (前高: 0.09596)
🔥 SUI 创新高: 1.0202 (前高: 1.0156)
🔥 XLM 创新高: 0.1695 (前高: 0.16899)
✅ 检测到 20 个新事件
✅ 状态文件已保存: /home/user/webapp/data/new_high_low/coin_highs_lows_state.json

📊 本次统计:
   新增事件: 20 个
   追踪币种: 28 个

⏳ 等待 180 秒后进行下一次采集...

================================================================================
🔄 第 57 次采集 - 2026-03-16 06:07:46
================================================================================
📊 处理快照: 2026-03-16 06:06:29
🔥 SOL 创新高: 90.54 (前高: 90.2)
❄️  TRX 创新低: 0.29801 (前低: 0.29806)
✅ 检测到 2 个新事件
✅ 状态文件已保存: /home/user/webapp/data/new_high_low/coin_highs_lows_state.json

📊 本次统计:
   新增事件: 2 个
   追踪币种: 28 个

⏳ 等待 180 秒后进行下一次采集...

================================================================================
🔄 第 58 次采集 - 2026-03-16 06:10:46
================================================================================
📊 处理快照: 2026-03-16 06:09:54
✅ 状态文件已保存: /home/user/webapp/data/new_high_low/coin_highs_lows_state.json

📊 本次统计:
   新增事件: 0 个
   追踪币种: 28 个

⏳ 等待 180 秒后进行下一次采集...

================================================================================
🔄 第 59 次采集 - 2026-03-16 06:13:46
================================================================================
📊 处理快照: 2026-03-16 06:13:20
✅ 状态文件已保存: /home/user/webapp/data/new_high_low/coin_highs_lows_state.json

📊 本次统计:
   新增事件: 0 个
   追踪币种: 28 个

⏳ 等待 180 秒后进行下一次采集...

================================================================================
🔄 第 60 次采集 - 2026-03-16 06:16:46
================================================================================
📊 处理快照: 2026-03-16 06:13:20
✅ 状态文件已保存: /home/user/webapp/data/new_high_low/coin_highs_lows_state.json

================================================================================
📊 币种最高/最低价状态摘要 (共28个币种)
================================================================================

🔥 最高价TOP5:
   BTC   : $  72169.30  (2026-03-16 05:46:00)
   ETH   : $   2143.33  (2026-03-16 06:03:04)
   BNB   : $    668.40  (2026-03-16 06:03:04)
   BCH   : $    465.40  (2026-03-16 06:03:04)
   TAO   : $    290.80  (2026-03-16 05:22:08)

❄️  最低价TOP5:
   CRO   : $      0.08  (2026-03-16 03:32:14)
   DOGE  : $      0.09  (2026-03-16 03:18:34)
   HBAR  : $      0.09  (2026-03-16 04:26:52)
   XLM   : $      0.17  (2026-03-16 03:49:18)
   CRV   : $      0.24  (2026-03-16 03:45:53)
================================================================================


📊 本次统计:
   新增事件: 0 个
   追踪币种: 28 个

⏳ 等待 180 秒后进行下一次采集...

================================================================================
🔄 第 61 次采集 - 2026-03-16 06:19:46
================================================================================
📊 处理快照: 2026-03-16 06:16:45
❄️  CRV 创新低: 0.2403 (前低: 0.2412)
✅ 检测到 1 个新事件
✅ 状态文件已保存: /home/user/webapp/data/new_high_low/coin_highs_lows_state.json

📊 本次统计:
   新增事件: 1 个
   追踪币种: 28 个

⏳ 等待 180 秒后进行下一次采集...

================================================================================
🔄 第 62 次采集 - 2026-03-16 06:22:46
================================================================================
📊 处理快照: 2026-03-16 06:20:10
✅ 状态文件已保存: /home/user/webapp/data/new_high_low/coin_highs_lows_state.json

📊 本次统计:
   新增事件: 0 个
   追踪币种: 28 个

⏳ 等待 180 秒后进行下一次采集...

================================================================================
🔄 第 63 次采集 - 2026-03-16 06:25:46
================================================================================
📊 处理快照: 2026-03-16 06:23:35
✅ 状态文件已保存: /home/user/webapp/data/new_high_low/coin_highs_lows_state.json

📊 本次统计:
   新增事件: 0 个
   追踪币种: 28 个

⏳ 等待 180 秒后进行下一次采集...

================================================================================
🔄 第 64 次采集 - 2026-03-16 06:28:46
================================================================================
📊 处理快照: 2026-03-16 06:27:00
✅ 状态文件已保存: /home/user/webapp/data/new_high_low/coin_highs_lows_state.json

📊 本次统计:
   新增事件: 0 个
   追踪币种: 28 个

⏳ 等待 180 秒后进行下一次采集...

================================================================================
🔄 第 65 次采集 - 2026-03-16 06:31:47
================================================================================
📊 处理快照: 2026-03-16 06:30:24
✅ 状态文件已保存: /home/user/webapp/data/new_high_low/coin_highs_lows_state.json

📊 本次统计:
   新增事件: 0 个
   追踪币种: 28 个

⏳ 等待 180 秒后进行下一次采集...

================================================================================
🔄 第 66 次采集 - 2026-03-16 06:34:47
================================================================================
📊 处理快照: 2026-03-16 06:33:49
🔥 ETH 创新高: 2147.03 (前高: 2143.33)
🔥 SOL 创新高: 91.04 (前高: 90.54)
🔥 BNB 创新高: 669.0 (前高: 668.4)
🔥 XRP 创新高: 1.4379 (前高: 1.4329)
🔥 BCH 创新高: 468.2 (前高: 465.4)
✅ 检测到 5 个新事件
✅ 状态文件已保存: /home/user/webapp/data/new_high_low/coin_highs_lows_state.json

📊 本次统计:
   新增事件: 5 个
   追踪币种: 28 个

⏳ 等待 180 秒后进行下一次采集...

================================================================================
🔄 第 67 次采集 - 2026-03-16 06:37:47
================================================================================
📊 处理快照: 2026-03-16 06:37:13
🔥 ETH 创新高: 2151.95 (前高: 2147.03)
🔥 SOL 创新高: 91.16 (前高: 91.04)
🔥 BNB 创新高: 669.4 (前高: 669.0)
🔥 XRP 创新高: 1.4395 (前高: 1.4379)
🔥 ADA 创新高: 0.2683 (前高: 0.2679)
🔥 DOGE 创新高: 0.09639 (前高: 0.09622)
🔥 LINK 创新高: 9.336 (前高: 9.332)
🔥 ETC 创新高: 8.411 (前高: 8.409)
🔥 OKB 创新高: 96.65 (前高: 96.54)
✅ 检测到 9 个新事件
✅ 状态文件已保存: /home/user/webapp/data/new_high_low/coin_highs_lows_state.json

📊 本次统计:
   新增事件: 9 个
   追踪币种: 28 个

⏳ 等待 180 秒后进行下一次采集...

================================================================================
🔄 第 68 次采集 - 2026-03-16 06:40:47
================================================================================
📊 处理快照: 2026-03-16 06:37:13
✅ 状态文件已保存: /home/user/webapp/data/new_high_low/coin_highs_lows_state.json

📊 本次统计:
   新增事件: 0 个
   追踪币种: 28 个

⏳ 等待 180 秒后进行下一次采集...

================================================================================
🔄 第 69 次采集 - 2026-03-16 06:43:47
================================================================================
📊 处理快照: 2026-03-16 06:40:38
🔥 BTC 创新高: 72438.1 (前高: 72169.3)
🔥 ETH 创新高: 2170.19 (前高: 2151.95)
🔥 SOL 创新高: 91.7 (前高: 91.16)
🔥 BNB 创新高: 672.9 (前高: 669.4)
🔥 XRP 创新高: 1.4473 (前高: 1.4395)
🔥 ADA 创新高: 0.2689 (前高: 0.2683)
🔥 DOGE 创新高: 0.09669 (前高: 0.09639)
🔥 LTC 创新高: 55.9 (前高: 55.78)
🔥 LINK 创新高: 9.39 (前高: 9.336)
🔥 UNI 创新高: 4.057 (前高: 4.049)
🔥 FIL 创新高: 0.8978 (前高: 0.8968)
🔥 ETC 创新高: 8.432 (前高: 8.411)
🔥 AAVE 创新高: 116.35 (前高: 116.2)
🔥 LDO 创新高: 0.308 (前高: 0.3079)
🔥 OKB 创新高: 96.73 (前高: 96.65)
🔥 CRO 创新高: 0.0784 (前高: 0.07813)
🔥 SUI 创新高: 1.0213 (前高: 1.0202)
🔥 XLM 创新高: 0.16969 (前高: 0.1695)
✅ 检测到 18 个新事件
✅ 状态文件已保存: /home/user/webapp/data/new_high_low/coin_highs_lows_state.json

📊 本次统计:
   新增事件: 18 个
   追踪币种: 28 个

⏳ 等待 180 秒后进行下一次采集...

================================================================================
🔄 第 70 次采集 - 2026-03-16 06:46:47
================================================================================
📊 处理快照: 2026-03-16 06:44:02
🔥 ETH 创新高: 2172.26 (前高: 2170.19)
🔥 SOL 创新高: 92.05 (前高: 91.7)
🔥 BNB 创新高: 673.1 (前高: 672.9)
🔥 XRP 创新高: 1.4523 (前高: 1.4473)
🔥 ADA 创新高: 0.2696 (前高: 0.2689)
🔥 DOGE 创新高: 0.09684 (前高: 0.09669)
🔥 DOT 创新高: 1.433 (前高: 1.431)
🔥 LTC 创新高: 55.97 (前高: 55.9)
🔥 LINK 创新高: 9.418 (前高: 9.39)
🔥 UNI 创新高: 4.064 (前高: 4.057)
🔥 FIL 创新高: 0.8982 (前高: 0.8978)
🔥 ETC 创新高: 8.441 (前高: 8.432)
🔥 AAVE 创新高: 116.44 (前高: 116.35)
🔥 LDO 创新高: 0.3083 (前高: 0.308)
🔥 CRO 创新高: 0.07849 (前高: 0.0784)
🔥 SUI 创新高: 1.023 (前高: 1.0213)
✅ 检测到 16 个新事件
✅ 状态文件已保存: /home/user/webapp/data/new_high_low/coin_highs_lows_state.json

================================================================================
📊 币种最高/最低价状态摘要 (共28个币种)
================================================================================

🔥 最高价TOP5:
   BTC   : $  72438.10  (2026-03-16 06:40:38)
   ETH   : $   2172.26  (2026-03-16 06:44:02)
   BNB   : $    673.10  (2026-03-16 06:44:02)
   BCH   : $    468.20  (2026-03-16 06:33:49)
   TAO   : $    290.80  (2026-03-16 05:22:08)

❄️  最低价TOP5:
   CRO   : $      0.08  (2026-03-16 03:32:14)
   DOGE  : $      0.09  (2026-03-16 03:18:34)
   HBAR  : $      0.09  (2026-03-16 04:26:52)
   XLM   : $      0.17  (2026-03-16 03:49:18)
   CRV   : $      0.24  (2026-03-16 06:16:45)
================================================================================


📊 本次统计:
   新增事件: 16 个
   追踪币种: 28 个

⏳ 等待 180 秒后进行下一次采集...

================================================================================
🔄 第 71 次采集 - 2026-03-16 06:49:47
================================================================================
📊 处理快照: 2026-03-16 06:47:26
🔥 BTC 创新高: 72454.0 (前高: 72438.1)
🔥 ETH 创新高: 2177.24 (前高: 2172.26)
🔥 SOL 创新高: 92.32 (前高: 92.05)
🔥 BNB 创新高: 674.0 (前高: 673.1)
🔥 XRP 创新高: 1.4534 (前高: 1.4523)
🔥 ADA 创新高: 0.2703 (前高: 0.2696)
🔥 DOGE 创新高: 0.09688 (前高: 0.09684)
🔥 DOT 创新高: 1.437 (前高: 1.433)
🔥 LTC 创新高: 56.04 (前高: 55.97)
🔥 LINK 创新高: 9.442 (前高: 9.418)
🔥 UNI 创新高: 4.073 (前高: 4.064)
🔥 FIL 创新高: 0.899 (前高: 0.8982)
🔥 ETC 创新高: 8.461 (前高: 8.441)
🔥 AAVE 创新高: 116.95 (前高: 116.44)
🔥 APT 创新高: 0.9343 (前高: 0.9334)
🔥 LDO 创新高: 0.309 (前高: 0.3083)
🔥 CRO 创新高: 0.07856 (前高: 0.07849)
🔥 HBAR 创新高: 0.09643 (前高: 0.09632)
🔥 SUI 创新高: 1.0252 (前高: 1.023)
🔥 XLM 创新高: 0.1702 (前高: 0.16969)
✅ 检测到 20 个新事件
✅ 状态文件已保存: /home/user/webapp/data/new_high_low/coin_highs_lows_state.json

📊 本次统计:
   新增事件: 20 个
   追踪币种: 28 个

⏳ 等待 180 秒后进行下一次采集...

================================================================================
🔄 第 72 次采集 - 2026-03-16 06:52:47
================================================================================
📊 处理快照: 2026-03-16 06:50:52
🔥 BTC 创新高: 72632.6 (前高: 72454.0)
🔥 ETH 创新高: 2184.17 (前高: 2177.24)
🔥 SOL 创新高: 92.48 (前高: 92.32)
🔥 BNB 创新高: 675.9 (前高: 674.0)
🔥 XRP 创新高: 1.4589 (前高: 1.4534)
🔥 ADA 创新高: 0.2706 (前高: 0.2703)
🔥 DOGE 创新高: 0.09717 (前高: 0.09688)
🔥 LTC 创新高: 56.1 (前高: 56.04)
🔥 LINK 创新高: 9.469 (前高: 9.442)
🔥 UNI 创新高: 4.085 (前高: 4.073)
🔥 FIL 创新高: 0.8994 (前高: 0.899)
🔥 ETC 创新高: 8.476 (前高: 8.461)
🔥 AAVE 创新高: 117.11 (前高: 116.95)
🔥 CRV 创新高: 0.2448 (前高: 0.2444)
🔥 APT 创新高: 0.9356 (前高: 0.9343)
🔥 STX 创新高: 0.2569 (前高: 0.2565)
🔥 LDO 创新高: 0.3097 (前高: 0.309)
🔥 HBAR 创新高: 0.0966 (前高: 0.09643)
🔥 SUI 创新高: 1.029 (前高: 1.0252)
🔥 XLM 创新高: 0.17056 (前高: 0.1702)
✅ 检测到 20 个新事件
✅ 状态文件已保存: /home/user/webapp/data/new_high_low/coin_highs_lows_state.json

📊 本次统计:
   新增事件: 20 个
   追踪币种: 28 个

⏳ 等待 180 秒后进行下一次采集...

================================================================================
🔄 第 73 次采集 - 2026-03-16 06:55:47
================================================================================
📊 处理快照: 2026-03-16 06:54:16
🔥 BTC 创新高: 72785.6 (前高: 72632.6)
🔥 ETH 创新高: 2184.86 (前高: 2184.17)
🔥 SOL 创新高: 92.57 (前高: 92.48)
🔥 BNB 创新高: 677.0 (前高: 675.9)
🔥 DOGE 创新高: 0.09736 (前高: 0.09717)
🔥 DOT 创新高: 1.438 (前高: 1.437)
🔥 LTC 创新高: 56.23 (前高: 56.1)
🔥 BCH 创新高: 468.8 (前高: 468.2)
🔥 LINK 创新高: 9.47 (前高: 9.469)
🔥 ETC 创新高: 8.478 (前高: 8.476)
🔥 OKB 创新高: 96.94 (前高: 96.73)
✅ 检测到 11 个新事件
✅ 状态文件已保存: /home/user/webapp/data/new_high_low/coin_highs_lows_state.json

📊 本次统计:
   新增事件: 11 个
   追踪币种: 28 个

⏳ 等待 180 秒后进行下一次采集...

================================================================================
🔄 第 74 次采集 - 2026-03-16 06:58:47
================================================================================
📊 处理快照: 2026-03-16 06:57:41
🔥 DOGE 创新高: 0.09739 (前高: 0.09736)
🔥 LTC 创新高: 56.26 (前高: 56.23)
🔥 UNI 创新高: 4.086 (前高: 4.085)
🔥 AAVE 创新高: 117.15 (前高: 117.11)
🔥 STX 创新高: 0.2571 (前高: 0.2569)
✅ 检测到 5 个新事件
✅ 状态文件已保存: /home/user/webapp/data/new_high_low/coin_highs_lows_state.json

📊 本次统计:
   新增事件: 5 个
   追踪币种: 28 个

⏳ 等待 180 秒后进行下一次采集...

================================================================================
🔄 第 75 次采集 - 2026-03-16 07:01:47
================================================================================
📊 处理快照: 2026-03-16 07:01:06
🔥 ETH 创新高: 2186.54 (前高: 2184.86)
🔥 SOL 创新高: 92.75 (前高: 92.57)
🔥 ADA 创新高: 0.2711 (前高: 0.2706)
🔥 DOGE 创新高: 0.09758 (前高: 0.09739)
🔥 BCH 创新高: 469.3 (前高: 468.8)
🔥 LINK 创新高: 9.496 (前高: 9.47)
🔥 UNI 创新高: 4.102 (前高: 4.086)
🔥 FIL 创新高: 0.9006 (前高: 0.8994)
🔥 ETC 创新高: 8.497 (前高: 8.478)
🔥 AAVE 创新高: 117.62 (前高: 117.15)
🔥 CRV 创新高: 0.2458 (前高: 0.2448)
🔥 APT 创新高: 0.9368 (前高: 0.9356)
🔥 STX 创新高: 0.2572 (前高: 0.2571)
🔥 LDO 创新高: 0.31 (前高: 0.3097)
🔥 OKB 创新高: 97.02 (前高: 96.94)
🔥 CRO 创新高: 0.07859 (前高: 0.07856)
✅ 检测到 16 个新事件
✅ 状态文件已保存: /home/user/webapp/data/new_high_low/coin_highs_lows_state.json

📊 本次统计:
   新增事件: 16 个
   追踪币种: 28 个

⏳ 等待 180 秒后进行下一次采集...

================================================================================
🔄 第 76 次采集 - 2026-03-16 07:04:47
================================================================================
📊 处理快照: 2026-03-16 07:01:06
✅ 状态文件已保存: /home/user/webapp/data/new_high_low/coin_highs_lows_state.json

📊 本次统计:
   新增事件: 0 个
   追踪币种: 28 个

⏳ 等待 180 秒后进行下一次采集...

================================================================================
🔄 第 77 次采集 - 2026-03-16 07:07:47
================================================================================
📊 处理快照: 2026-03-16 07:04:30
🔥 BTC 创新高: 72861.3 (前高: 72785.6)
🔥 ETH 创新高: 2187.74 (前高: 2186.54)
🔥 DOGE 创新高: 0.09763 (前高: 0.09758)
🔥 LTC 创新高: 56.3 (前高: 56.26)
🔥 LINK 创新高: 9.5 (前高: 9.496)
🔥 ETC 创新高: 8.498 (前高: 8.497)
🔥 SUI 创新高: 1.0299 (前高: 1.029)
✅ 检测到 7 个新事件
✅ 状态文件已保存: /home/user/webapp/data/new_high_low/coin_highs_lows_state.json

📊 本次统计:
   新增事件: 7 个
   追踪币种: 28 个

⏳ 等待 180 秒后进行下一次采集...

================================================================================
🔄 第 78 次采集 - 2026-03-16 07:10:47
================================================================================
📊 处理快照: 2026-03-16 07:07:55
🔥 BTC 创新高: 72950.0 (前高: 72861.3)
🔥 ETH 创新高: 2189.51 (前高: 2187.74)
🔥 SOL 创新高: 92.98 (前高: 92.75)
🔥 BNB 创新高: 677.2 (前高: 677.0)
✅ 检测到 4 个新事件
✅ 状态文件已保存: /home/user/webapp/data/new_high_low/coin_highs_lows_state.json

📊 本次统计:
   新增事件: 4 个
   追踪币种: 28 个

⏳ 等待 180 秒后进行下一次采集...

================================================================================
🔄 第 79 次采集 - 2026-03-16 07:13:47
================================================================================
📊 处理快照: 2026-03-16 07:11:19
🔥 ETH 创新高: 2196.24 (前高: 2189.51)
🔥 BNB 创新高: 677.6 (前高: 677.2)
🔥 DOGE 创新高: 0.09776 (前高: 0.09763)
🔥 DOT 创新高: 1.439 (前高: 1.438)
🔥 LTC 创新高: 56.32 (前高: 56.3)
🔥 LINK 创新高: 9.517 (前高: 9.5)
🔥 AAVE 创新高: 117.65 (前高: 117.62)
✅ 检测到 7 个新事件
✅ 状态文件已保存: /home/user/webapp/data/new_high_low/coin_highs_lows_state.json

📊 本次统计:
   新增事件: 7 个
   追踪币种: 28 个

⏳ 等待 180 秒后进行下一次采集...

================================================================================
🔄 第 80 次采集 - 2026-03-16 07:16:47
================================================================================
📊 处理快照: 2026-03-16 07:14:44
🔥 BCH 创新高: 469.4 (前高: 469.3)
✅ 检测到 1 个新事件
✅ 状态文件已保存: /home/user/webapp/data/new_high_low/coin_highs_lows_state.json

================================================================================
📊 币种最高/最低价状态摘要 (共28个币种)
================================================================================

🔥 最高价TOP5:
   BTC   : $  72950.00  (2026-03-16 07:07:55)
   ETH   : $   2196.24  (2026-03-16 07:11:19)
   BNB   : $    677.60  (2026-03-16 07:11:19)
   BCH   : $    469.40  (2026-03-16 07:14:44)
   TAO   : $    290.80  (2026-03-16 05:22:08)

❄️  最低价TOP5:
   CRO   : $      0.08  (2026-03-16 03:32:14)
   DOGE  : $      0.09  (2026-03-16 03:18:34)
   HBAR  : $      0.09  (2026-03-16 04:26:52)
   XLM   : $      0.17  (2026-03-16 03:49:18)
   CRV   : $      0.24  (2026-03-16 06:16:45)
================================================================================


📊 本次统计:
   新增事件: 1 个
   追踪币种: 28 个

⏳ 等待 180 秒后进行下一次采集...

================================================================================
🔄 第 81 次采集 - 2026-03-16 07:19:47
================================================================================
📊 处理快照: 2026-03-16 07:18:09
✅ 状态文件已保存: /home/user/webapp/data/new_high_low/coin_highs_lows_state.json

📊 本次统计:
   新增事件: 0 个
   追踪币种: 28 个

⏳ 等待 180 秒后进行下一次采集...

================================================================================
🔄 第 82 次采集 - 2026-03-16 07:22:47
================================================================================
📊 处理快照: 2026-03-16 07:21:34
✅ 状态文件已保存: /home/user/webapp/data/new_high_low/coin_highs_lows_state.json

📊 本次统计:
   新增事件: 0 个
   追踪币种: 28 个

⏳ 等待 180 秒后进行下一次采集...

================================================================================
🔄 第 83 次采集 - 2026-03-16 07:25:47
================================================================================
📊 处理快照: 2026-03-16 07:24:59
✅ 状态文件已保存: /home/user/webapp/data/new_high_low/coin_highs_lows_state.json

📊 本次统计:
   新增事件: 0 个
   追踪币种: 28 个

⏳ 等待 180 秒后进行下一次采集...

================================================================================
🔄 第 84 次采集 - 2026-03-16 07:28:47
================================================================================
📊 处理快照: 2026-03-16 07:24:59
✅ 状态文件已保存: /home/user/webapp/data/new_high_low/coin_highs_lows_state.json

📊 本次统计:
   新增事件: 0 个
   追踪币种: 28 个

⏳ 等待 180 秒后进行下一次采集...

================================================================================
🔄 第 85 次采集 - 2026-03-16 07:31:47
================================================================================
📊 处理快照: 2026-03-16 07:28:24
✅ 状态文件已保存: /home/user/webapp/data/new_high_low/coin_highs_lows_state.json

📊 本次统计:
   新增事件: 0 个
   追踪币种: 28 个

⏳ 等待 180 秒后进行下一次采集...

================================================================================
🔄 第 86 次采集 - 2026-03-16 07:34:47
================================================================================
📊 处理快照: 2026-03-16 07:31:49
✅ 状态文件已保存: /home/user/webapp/data/new_high_low/coin_highs_lows_state.json

📊 本次统计:
   新增事件: 0 个
   追踪币种: 28 个

⏳ 等待 180 秒后进行下一次采集...

================================================================================
🔄 第 87 次采集 - 2026-03-16 07:37:47
================================================================================
📊 处理快照: 2026-03-16 07:35:14
✅ 状态文件已保存: /home/user/webapp/data/new_high_low/coin_highs_lows_state.json

📊 本次统计:
   新增事件: 0 个
   追踪币种: 28 个

⏳ 等待 180 秒后进行下一次采集...

================================================================================
🔄 第 88 次采集 - 2026-03-16 07:40:47
================================================================================
📊 处理快照: 2026-03-16 07:38:39
✅ 状态文件已保存: /home/user/webapp/data/new_high_low/coin_highs_lows_state.json

📊 本次统计:
   新增事件: 0 个
   追踪币种: 28 个

⏳ 等待 180 秒后进行下一次采集...

================================================================================
🔄 第 89 次采集 - 2026-03-16 07:43:47
================================================================================
📊 处理快照: 2026-03-16 07:42:03
✅ 状态文件已保存: /home/user/webapp/data/new_high_low/coin_highs_lows_state.json

📊 本次统计:
   新增事件: 0 个
   追踪币种: 28 个

⏳ 等待 180 秒后进行下一次采集...

================================================================================
🔄 第 90 次采集 - 2026-03-16 07:46:47
================================================================================
📊 处理快照: 2026-03-16 07:45:29
✅ 状态文件已保存: /home/user/webapp/data/new_high_low/coin_highs_lows_state.json

================================================================================
📊 币种最高/最低价状态摘要 (共28个币种)
================================================================================

🔥 最高价TOP5:
   BTC   : $  72950.00  (2026-03-16 07:07:55)
   ETH   : $   2196.24  (2026-03-16 07:11:19)
   BNB   : $    677.60  (2026-03-16 07:11:19)
   BCH   : $    469.40  (2026-03-16 07:14:44)
   TAO   : $    290.80  (2026-03-16 05:22:08)

❄️  最低价TOP5:
   CRO   : $      0.08  (2026-03-16 03:32:14)
   DOGE  : $      0.09  (2026-03-16 03:18:34)
   HBAR  : $      0.09  (2026-03-16 04:26:52)
   XLM   : $      0.17  (2026-03-16 03:49:18)
   CRV   : $      0.24  (2026-03-16 06:16:45)
================================================================================


📊 本次统计:
   新增事件: 0 个
   追踪币种: 28 个

⏳ 等待 180 秒后进行下一次采集...

================================================================================
🔄 第 91 次采集 - 2026-03-16 07:49:47
================================================================================
📊 处理快照: 2026-03-16 07:48:53
❄️  TON 创新低: 1.301 (前低: 1.302)
✅ 检测到 1 个新事件
✅ 状态文件已保存: /home/user/webapp/data/new_high_low/coin_highs_lows_state.json

📊 本次统计:
   新增事件: 1 个
   追踪币种: 28 个

⏳ 等待 180 秒后进行下一次采集...

================================================================================
🔄 第 92 次采集 - 2026-03-16 07:52:47
================================================================================
📊 处理快照: 2026-03-16 07:52:17
✅ 状态文件已保存: /home/user/webapp/data/new_high_low/coin_highs_lows_state.json

📊 本次统计:
   新增事件: 0 个
   追踪币种: 28 个

⏳ 等待 180 秒后进行下一次采集...

================================================================================
🔄 第 93 次采集 - 2026-03-16 07:55:47
================================================================================
📊 处理快照: 2026-03-16 07:52:17
✅ 状态文件已保存: /home/user/webapp/data/new_high_low/coin_highs_lows_state.json

📊 本次统计:
   新增事件: 0 个
   追踪币种: 28 个

⏳ 等待 180 秒后进行下一次采集...

================================================================================
🔄 第 94 次采集 - 2026-03-16 07:58:47
================================================================================
📊 处理快照: 2026-03-16 07:55:42
✅ 状态文件已保存: /home/user/webapp/data/new_high_low/coin_highs_lows_state.json

📊 本次统计:
   新增事件: 0 个
   追踪币种: 28 个

⏳ 等待 180 秒后进行下一次采集...

================================================================================
🔄 第 95 次采集 - 2026-03-16 08:01:47
================================================================================
📊 处理快照: 2026-03-16 07:59:06
✅ 状态文件已保存: /home/user/webapp/data/new_high_low/coin_highs_lows_state.json

📊 本次统计:
   新增事件: 0 个
   追踪币种: 28 个

⏳ 等待 180 秒后进行下一次采集...

================================================================================
🔄 第 96 次采集 - 2026-03-16 08:04:47
================================================================================
📊 处理快照: 2026-03-16 08:02:31
🔥 ADA 创新高: 0.2714 (前高: 0.2711)
🔥 DOGE 创新高: 0.0979 (前高: 0.09776)
🔥 DOT 创新高: 1.44 (前高: 1.439)
🔥 LTC 创新高: 56.38 (前高: 56.32)
🔥 STX 创新高: 0.2575 (前高: 0.2572)
✅ 检测到 5 个新事件
✅ 状态文件已保存: /home/user/webapp/data/new_high_low/coin_highs_lows_state.json

📊 本次统计:
   新增事件: 5 个
   追踪币种: 28 个

⏳ 等待 180 秒后进行下一次采集...

================================================================================
🔄 第 97 次采集 - 2026-03-16 08:07:48
================================================================================
📊 处理快照: 2026-03-16 08:05:56
🔥 ADA 创新高: 0.2717 (前高: 0.2714)
🔥 LTC 创新高: 56.4 (前高: 56.38)
🔥 BCH 创新高: 469.9 (前高: 469.4)
🔥 LINK 创新高: 9.524 (前高: 9.517)
🔥 STX 创新高: 0.2577 (前高: 0.2575)
✅ 检测到 5 个新事件
✅ 状态文件已保存: /home/user/webapp/data/new_high_low/coin_highs_lows_state.json

📊 本次统计:
   新增事件: 5 个
   追踪币种: 28 个

⏳ 等待 180 秒后进行下一次采集...

================================================================================
🔄 第 98 次采集 - 2026-03-16 08:10:48
================================================================================
📊 处理快照: 2026-03-16 08:09:20
🔥 ADA 创新高: 0.2725 (前高: 0.2717)
🔥 DOGE 创新高: 0.09798 (前高: 0.0979)
🔥 APT 创新高: 0.9373 (前高: 0.9368)
🔥 STX 创新高: 0.2578 (前高: 0.2577)
✅ 检测到 4 个新事件
✅ 状态文件已保存: /home/user/webapp/data/new_high_low/coin_highs_lows_state.json

📊 本次统计:
   新增事件: 4 个
   追踪币种: 28 个

⏳ 等待 180 秒后进行下一次采集...

================================================================================
🔄 第 99 次采集 - 2026-03-16 08:13:48
================================================================================
📊 处理快照: 2026-03-16 08:12:45
✅ 状态文件已保存: /home/user/webapp/data/new_high_low/coin_highs_lows_state.json

📊 本次统计:
   新增事件: 0 个
   追踪币种: 28 个

⏳ 等待 180 秒后进行下一次采集...

================================================================================
🔄 第 100 次采集 - 2026-03-16 08:16:48
================================================================================
📊 处理快照: 2026-03-16 08:16:10
✅ 状态文件已保存: /home/user/webapp/data/new_high_low/coin_highs_lows_state.json

================================================================================
📊 币种最高/最低价状态摘要 (共28个币种)
================================================================================

🔥 最高价TOP5:
   BTC   : $  72950.00  (2026-03-16 07:07:55)
   ETH   : $   2196.24  (2026-03-16 07:11:19)
   BNB   : $    677.60  (2026-03-16 07:11:19)
   BCH   : $    469.90  (2026-03-16 08:05:56)
   TAO   : $    290.80  (2026-03-16 05:22:08)

❄️  最低价TOP5:
   CRO   : $      0.08  (2026-03-16 03:32:14)
   DOGE  : $      0.09  (2026-03-16 03:18:34)
   HBAR  : $      0.09  (2026-03-16 04:26:52)
   XLM   : $      0.17  (2026-03-16 03:49:18)
   CRV   : $      0.24  (2026-03-16 06:16:45)
================================================================================


📊 本次统计:
   新增事件: 0 个
   追踪币种: 28 个

⏳ 等待 180 秒后进行下一次采集...

================================================================================
🔄 第 101 次采集 - 2026-03-16 08:19:48
================================================================================
📊 处理快照: 2026-03-16 08:16:10
✅ 状态文件已保存: /home/user/webapp/data/new_high_low/coin_highs_lows_state.json

📊 本次统计:
   新增事件: 0 个
   追踪币种: 28 个

⏳ 等待 180 秒后进行下一次采集...

================================================================================
🔄 第 102 次采集 - 2026-03-16 08:22:48
================================================================================
📊 处理快照: 2026-03-16 08:19:36
❄️  TON 创新低: 1.3 (前低: 1.301)
✅ 检测到 1 个新事件
✅ 状态文件已保存: /home/user/webapp/data/new_high_low/coin_highs_lows_state.json

📊 本次统计:
   新增事件: 1 个
   追踪币种: 28 个

⏳ 等待 180 秒后进行下一次采集...

================================================================================
🔄 第 103 次采集 - 2026-03-16 08:25:48
================================================================================
📊 处理快照: 2026-03-16 08:23:01
❄️  TON 创新低: 1.297 (前低: 1.3)
✅ 检测到 1 个新事件
✅ 状态文件已保存: /home/user/webapp/data/new_high_low/coin_highs_lows_state.json

📊 本次统计:
   新增事件: 1 个
   追踪币种: 28 个

⏳ 等待 180 秒后进行下一次采集...

================================================================================
🔄 第 104 次采集 - 2026-03-16 08:28:48
================================================================================
📊 处理快照: 2026-03-16 08:26:26
✅ 状态文件已保存: /home/user/webapp/data/new_high_low/coin_highs_lows_state.json

📊 本次统计:
   新增事件: 0 个
   追踪币种: 28 个

⏳ 等待 180 秒后进行下一次采集...

================================================================================
🔄 第 105 次采集 - 2026-03-16 08:31:48
================================================================================
📊 处理快照: 2026-03-16 08:29:51
❄️  TRX 创新低: 0.298 (前低: 0.29801)
✅ 检测到 1 个新事件
✅ 状态文件已保存: /home/user/webapp/data/new_high_low/coin_highs_lows_state.json

📊 本次统计:
   新增事件: 1 个
   追踪币种: 28 个

⏳ 等待 180 秒后进行下一次采集...

================================================================================
🔄 第 106 次采集 - 2026-03-16 08:34:48
================================================================================
📊 处理快照: 2026-03-16 08:33:16
✅ 状态文件已保存: /home/user/webapp/data/new_high_low/coin_highs_lows_state.json

📊 本次统计:
   新增事件: 0 个
   追踪币种: 28 个

⏳ 等待 180 秒后进行下一次采集...

================================================================================
🔄 第 107 次采集 - 2026-03-16 08:37:48
================================================================================
📊 处理快照: 2026-03-16 08:36:40
❄️  TRX 创新低: 0.29789 (前低: 0.298)
✅ 检测到 1 个新事件
✅ 状态文件已保存: /home/user/webapp/data/new_high_low/coin_highs_lows_state.json

📊 本次统计:
   新增事件: 1 个
   追踪币种: 28 个

⏳ 等待 180 秒后进行下一次采集...

================================================================================
🔄 第 108 次采集 - 2026-03-16 08:40:48
================================================================================
📊 处理快照: 2026-03-16 08:40:05
✅ 状态文件已保存: /home/user/webapp/data/new_high_low/coin_highs_lows_state.json

📊 本次统计:
   新增事件: 0 个
   追踪币种: 28 个

⏳ 等待 180 秒后进行下一次采集...

================================================================================
🔄 第 109 次采集 - 2026-03-16 08:43:48
================================================================================
📊 处理快照: 2026-03-16 08:40:05
✅ 状态文件已保存: /home/user/webapp/data/new_high_low/coin_highs_lows_state.json

📊 本次统计:
   新增事件: 0 个
   追踪币种: 28 个

⏳ 等待 180 秒后进行下一次采集...

================================================================================
🔄 第 110 次采集 - 2026-03-16 08:46:48
================================================================================
📊 处理快照: 2026-03-16 08:43:29
❄️  TRX 创新低: 0.29788 (前低: 0.29789)
✅ 检测到 1 个新事件
✅ 状态文件已保存: /home/user/webapp/data/new_high_low/coin_highs_lows_state.json

================================================================================
📊 币种最高/最低价状态摘要 (共28个币种)
================================================================================

🔥 最高价TOP5:
   BTC   : $  72950.00  (2026-03-16 07:07:55)
   ETH   : $   2196.24  (2026-03-16 07:11:19)
   BNB   : $    677.60  (2026-03-16 07:11:19)
   BCH   : $    469.90  (2026-03-16 08:05:56)
   TAO   : $    290.80  (2026-03-16 05:22:08)

❄️  最低价TOP5:
   CRO   : $      0.08  (2026-03-16 03:32:14)
   DOGE  : $      0.09  (2026-03-16 03:18:34)
   HBAR  : $      0.09  (2026-03-16 04:26:52)
   XLM   : $      0.17  (2026-03-16 03:49:18)
   CRV   : $      0.24  (2026-03-16 06:16:45)
================================================================================


📊 本次统计:
   新增事件: 1 个
   追踪币种: 28 个

⏳ 等待 180 秒后进行下一次采集...

================================================================================
🔄 第 111 次采集 - 2026-03-16 08:49:48
================================================================================
📊 处理快照: 2026-03-16 08:46:54
❄️  TRX 创新低: 0.2978 (前低: 0.29788)
✅ 检测到 1 个新事件
✅ 状态文件已保存: /home/user/webapp/data/new_high_low/coin_highs_lows_state.json

📊 本次统计:
   新增事件: 1 个
   追踪币种: 28 个

⏳ 等待 180 秒后进行下一次采集...

================================================================================
🔄 第 112 次采集 - 2026-03-16 08:52:48
================================================================================
📊 处理快照: 2026-03-16 08:50:18
❄️  TRX 创新低: 0.29779 (前低: 0.2978)
✅ 检测到 1 个新事件
✅ 状态文件已保存: /home/user/webapp/data/new_high_low/coin_highs_lows_state.json

📊 本次统计:
   新增事件: 1 个
   追踪币种: 28 个

⏳ 等待 180 秒后进行下一次采集...

================================================================================
🔄 第 113 次采集 - 2026-03-16 08:55:48
================================================================================
📊 处理快照: 2026-03-16 08:53:43
❄️  TRX 创新低: 0.2977 (前低: 0.29779)
❄️  TAO 创新低: 276.7 (前低: 278.4)
✅ 检测到 2 个新事件
✅ 状态文件已保存: /home/user/webapp/data/new_high_low/coin_highs_lows_state.json

📊 本次统计:
   新增事件: 2 个
   追踪币种: 28 个

⏳ 等待 180 秒后进行下一次采集...

================================================================================
🔄 第 114 次采集 - 2026-03-16 08:58:48
================================================================================
📊 处理快照: 2026-03-16 08:57:08
🔥 DOGE 创新高: 0.09806 (前高: 0.09798)
❄️  TRX 创新低: 0.29769 (前低: 0.2977)
✅ 检测到 2 个新事件
✅ 状态文件已保存: /home/user/webapp/data/new_high_low/coin_highs_lows_state.json

📊 本次统计:
   新增事件: 2 个
   追踪币种: 28 个

⏳ 等待 180 秒后进行下一次采集...

================================================================================
🔄 第 115 次采集 - 2026-03-16 09:01:48
================================================================================
📊 处理快照: 2026-03-16 09:00:32
✅ 状态文件已保存: /home/user/webapp/data/new_high_low/coin_highs_lows_state.json

📊 本次统计:
   新增事件: 0 个
   追踪币种: 28 个

⏳ 等待 180 秒后进行下一次采集...

================================================================================
🔄 第 116 次采集 - 2026-03-16 09:04:48
================================================================================
📊 处理快照: 2026-03-16 09:03:57
❄️  TRX 创新低: 0.29764 (前低: 0.29769)
✅ 检测到 1 个新事件
✅ 状态文件已保存: /home/user/webapp/data/new_high_low/coin_highs_lows_state.json

📊 本次统计:
   新增事件: 1 个
   追踪币种: 28 个

⏳ 等待 180 秒后进行下一次采集...

================================================================================
🔄 第 117 次采集 - 2026-03-16 09:07:48
================================================================================
📊 处理快照: 2026-03-16 09:07:22
❄️  TRX 创新低: 0.29761 (前低: 0.29764)
❄️  TAO 创新低: 276.6 (前低: 276.7)
✅ 检测到 2 个新事件
✅ 状态文件已保存: /home/user/webapp/data/new_high_low/coin_highs_lows_state.json

📊 本次统计:
   新增事件: 2 个
   追踪币种: 28 个

⏳ 等待 180 秒后进行下一次采集...

================================================================================
🔄 第 118 次采集 - 2026-03-16 09:10:48
================================================================================
📊 处理快照: 2026-03-16 09:07:22
✅ 状态文件已保存: /home/user/webapp/data/new_high_low/coin_highs_lows_state.json

📊 本次统计:
   新增事件: 0 个
   追踪币种: 28 个

⏳ 等待 180 秒后进行下一次采集...

================================================================================
🔄 第 119 次采集 - 2026-03-16 09:14:09
================================================================================
📊 处理快照: 2026-03-16 09:10:46
🔥 TON 创新高: 1.312 (前高: 1.308)
❄️  TAO 创新低: 276.3 (前低: 276.6)
✅ 检测到 2 个新事件
✅ 状态文件已保存: /home/user/webapp/data/new_high_low/coin_highs_lows_state.json

📊 本次统计:
   新增事件: 2 个
   追踪币种: 28 个

⏳ 等待 180 秒后进行下一次采集...

================================================================================
🔄 第 120 次采集 - 2026-03-16 09:17:09
================================================================================
📊 处理快照: 2026-03-16 09:14:31
❄️  TRX 创新低: 0.29758 (前低: 0.29761)
❄️  TAO 创新低: 276.1 (前低: 276.3)
✅ 检测到 2 个新事件
✅ 状态文件已保存: /home/user/webapp/data/new_high_low/coin_highs_lows_state.json

================================================================================
📊 币种最高/最低价状态摘要 (共28个币种)
================================================================================

🔥 最高价TOP5:
   BTC   : $  72950.00  (2026-03-16 07:07:55)
   ETH   : $   2196.24  (2026-03-16 07:11:19)
   BNB   : $    677.60  (2026-03-16 07:11:19)
   BCH   : $    469.90  (2026-03-16 08:05:56)
   TAO   : $    290.80  (2026-03-16 05:22:08)

❄️  最低价TOP5:
   CRO   : $      0.08  (2026-03-16 03:32:14)
   DOGE  : $      0.09  (2026-03-16 03:18:34)
   HBAR  : $      0.09  (2026-03-16 04:26:52)
   XLM   : $      0.17  (2026-03-16 03:49:18)
   CRV   : $      0.24  (2026-03-16 06:16:45)
================================================================================


📊 本次统计:
   新增事件: 2 个
   追踪币种: 28 个

⏳ 等待 180 秒后进行下一次采集...

================================================================================
🔄 第 121 次采集 - 2026-03-16 09:20:09
================================================================================
📊 处理快照: 2026-03-16 09:17:56
✅ 状态文件已保存: /home/user/webapp/data/new_high_low/coin_highs_lows_state.json

📊 本次统计:
   新增事件: 0 个
   追踪币种: 28 个

⏳ 等待 180 秒后进行下一次采集...

================================================================================
🔄 第 122 次采集 - 2026-03-16 09:23:09
================================================================================
📊 处理快照: 2026-03-16 09:21:21
🔥 TON 创新高: 1.314 (前高: 1.312)
✅ 检测到 1 个新事件
✅ 状态文件已保存: /home/user/webapp/data/new_high_low/coin_highs_lows_state.json

📊 本次统计:
   新增事件: 1 个
   追踪币种: 28 个

⏳ 等待 180 秒后进行下一次采集...

================================================================================
🔄 第 123 次采集 - 2026-03-16 09:26:09
================================================================================
📊 处理快照: 2026-03-16 09:24:46
🔥 DOT 创新高: 1.442 (前高: 1.44)
🔥 NEAR 创新高: 1.3613 (前高: 1.3603)
🔥 TON 创新高: 1.315 (前高: 1.314)
✅ 检测到 3 个新事件
✅ 状态文件已保存: /home/user/webapp/data/new_high_low/coin_highs_lows_state.json

📊 本次统计:
   新增事件: 3 个
   追踪币种: 28 个

⏳ 等待 180 秒后进行下一次采集...

================================================================================
🔄 第 124 次采集 - 2026-03-16 09:29:09
================================================================================
📊 处理快照: 2026-03-16 09:28:11
✅ 状态文件已保存: /home/user/webapp/data/new_high_low/coin_highs_lows_state.json

📊 本次统计:
   新增事件: 0 个
   追踪币种: 28 个

⏳ 等待 180 秒后进行下一次采集...

================================================================================
🔄 第 125 次采集 - 2026-03-16 09:32:09
================================================================================
📊 处理快照: 2026-03-16 09:31:35
🔥 TON 创新高: 1.317 (前高: 1.315)
✅ 检测到 1 个新事件
✅ 状态文件已保存: /home/user/webapp/data/new_high_low/coin_highs_lows_state.json

📊 本次统计:
   新增事件: 1 个
   追踪币种: 28 个

⏳ 等待 180 秒后进行下一次采集...

================================================================================
🔄 第 126 次采集 - 2026-03-16 09:35:09
================================================================================
📊 处理快照: 2026-03-16 09:31:35
✅ 状态文件已保存: /home/user/webapp/data/new_high_low/coin_highs_lows_state.json

📊 本次统计:
   新增事件: 0 个
   追踪币种: 28 个

⏳ 等待 180 秒后进行下一次采集...

================================================================================
🔄 第 127 次采集 - 2026-03-16 09:38:09
================================================================================
📊 处理快照: 2026-03-16 09:35:06
🔥 TON 创新高: 1.318 (前高: 1.317)
❄️  TAO 创新低: 274.7 (前低: 276.1)
✅ 检测到 2 个新事件
✅ 状态文件已保存: /home/user/webapp/data/new_high_low/coin_highs_lows_state.json

📊 本次统计:
   新增事件: 2 个
   追踪币种: 28 个

⏳ 等待 180 秒后进行下一次采集...

================================================================================
🔄 第 128 次采集 - 2026-03-16 09:41:09
================================================================================
📊 处理快照: 2026-03-16 09:38:31
❄️  TAO 创新低: 274.2 (前低: 274.7)
✅ 检测到 1 个新事件
✅ 状态文件已保存: /home/user/webapp/data/new_high_low/coin_highs_lows_state.json

📊 本次统计:
   新增事件: 1 个
   追踪币种: 28 个

⏳ 等待 180 秒后进行下一次采集...

================================================================================
🔄 第 129 次采集 - 2026-03-16 09:44:09
================================================================================
📊 处理快照: 2026-03-16 09:41:56
❄️  TAO 创新低: 274.1 (前低: 274.2)
✅ 检测到 1 个新事件
✅ 状态文件已保存: /home/user/webapp/data/new_high_low/coin_highs_lows_state.json

📊 本次统计:
   新增事件: 1 个
   追踪币种: 28 个

⏳ 等待 180 秒后进行下一次采集...

================================================================================
🔄 第 130 次采集 - 2026-03-16 09:47:09
================================================================================
📊 处理快照: 2026-03-16 09:45:21
✅ 状态文件已保存: /home/user/webapp/data/new_high_low/coin_highs_lows_state.json

================================================================================
📊 币种最高/最低价状态摘要 (共28个币种)
================================================================================

🔥 最高价TOP5:
   BTC   : $  72950.00  (2026-03-16 07:07:55)
   ETH   : $   2196.24  (2026-03-16 07:11:19)
   BNB   : $    677.60  (2026-03-16 07:11:19)
   BCH   : $    469.90  (2026-03-16 08:05:56)
   TAO   : $    290.80  (2026-03-16 05:22:08)

❄️  最低价TOP5:
   CRO   : $      0.08  (2026-03-16 03:32:14)
   DOGE  : $      0.09  (2026-03-16 03:18:34)
   HBAR  : $      0.09  (2026-03-16 04:26:52)
   XLM   : $      0.17  (2026-03-16 03:49:18)
   CRV   : $      0.24  (2026-03-16 06:16:45)
================================================================================


📊 本次统计:
   新增事件: 0 个
   追踪币种: 28 个

⏳ 等待 180 秒后进行下一次采集...

================================================================================
🔄 第 131 次采集 - 2026-03-16 09:50:09
================================================================================
📊 处理快照: 2026-03-16 09:48:46
🔥 TON 创新高: 1.319 (前高: 1.318)
✅ 检测到 1 个新事件
✅ 状态文件已保存: /home/user/webapp/data/new_high_low/coin_highs_lows_state.json

📊 本次统计:
   新增事件: 1 个
   追踪币种: 28 个

⏳ 等待 180 秒后进行下一次采集...

================================================================================
🔄 第 132 次采集 - 2026-03-16 09:53:09
================================================================================
📊 处理快照: 2026-03-16 09:52:11
🔥 DOT 创新高: 1.443 (前高: 1.442)
🔥 NEAR 创新高: 1.3636 (前高: 1.3613)
🔥 APT 创新高: 0.9375 (前高: 0.9373)
🔥 LDO 创新高: 0.3101 (前高: 0.31)
✅ 检测到 4 个新事件
✅ 状态文件已保存: /home/user/webapp/data/new_high_low/coin_highs_lows_state.json

📊 本次统计:
   新增事件: 4 个
   追踪币种: 28 个

⏳ 等待 180 秒后进行下一次采集...

================================================================================
🔄 第 133 次采集 - 2026-03-16 09:56:09
================================================================================
📊 处理快照: 2026-03-16 09:55:35
🔥 DOT 创新高: 1.444 (前高: 1.443)
🔥 ETC 创新高: 8.505 (前高: 8.498)
🔥 NEAR 创新高: 1.3665 (前高: 1.3636)
🔥 APT 创新高: 0.9377 (前高: 0.9375)
🔥 LDO 创新高: 0.3105 (前高: 0.3101)
✅ 检测到 5 个新事件
✅ 状态文件已保存: /home/user/webapp/data/new_high_low/coin_highs_lows_state.json

📊 本次统计:
   新增事件: 5 个
   追踪币种: 28 个

⏳ 等待 180 秒后进行下一次采集...

================================================================================
🔄 第 134 次采集 - 2026-03-16 09:59:10
================================================================================
📊 处理快照: 2026-03-16 09:55:35
✅ 状态文件已保存: /home/user/webapp/data/new_high_low/coin_highs_lows_state.json

📊 本次统计:
   新增事件: 0 个
   追踪币种: 28 个

⏳ 等待 180 秒后进行下一次采集...

================================================================================
🔄 第 135 次采集 - 2026-03-16 10:02:10
================================================================================
📊 处理快照: 2026-03-16 09:59:00
🔥 NEAR 创新高: 1.3668 (前高: 1.3665)
✅ 检测到 1 个新事件
✅ 状态文件已保存: /home/user/webapp/data/new_high_low/coin_highs_lows_state.json

📊 本次统计:
   新增事件: 1 个
   追踪币种: 28 个

⏳ 等待 180 秒后进行下一次采集...

================================================================================
🔄 第 136 次采集 - 2026-03-16 10:05:10
================================================================================
📊 处理快照: 2026-03-16 10:02:25
✅ 状态文件已保存: /home/user/webapp/data/new_high_low/coin_highs_lows_state.json

📊 本次统计:
   新增事件: 0 个
   追踪币种: 28 个

⏳ 等待 180 秒后进行下一次采集...

================================================================================
🔄 第 137 次采集 - 2026-03-16 10:08:10
================================================================================
📊 处理快照: 2026-03-16 10:05:50
🔥 DOT 创新高: 1.445 (前高: 1.444)
🔥 ETC 创新高: 8.526 (前高: 8.505)
🔥 NEAR 创新高: 1.3675 (前高: 1.3668)
🔥 APT 创新高: 0.9381 (前高: 0.9377)
🔥 LDO 创新高: 0.3109 (前高: 0.3105)
🔥 OKB 创新高: 97.03 (前高: 97.02)
✅ 检测到 6 个新事件
✅ 状态文件已保存: /home/user/webapp/data/new_high_low/coin_highs_lows_state.json

📊 本次统计:
   新增事件: 6 个
   追踪币种: 28 个

⏳ 等待 180 秒后进行下一次采集...

================================================================================
🔄 第 138 次采集 - 2026-03-16 10:11:10
================================================================================
📊 处理快照: 2026-03-16 10:09:15
🔥 ETC 创新高: 8.528 (前高: 8.526)
🔥 NEAR 创新高: 1.3703 (前高: 1.3675)
🔥 TON 创新高: 1.321 (前高: 1.319)
✅ 检测到 3 个新事件
✅ 状态文件已保存: /home/user/webapp/data/new_high_low/coin_highs_lows_state.json

📊 本次统计:
   新增事件: 3 个
   追踪币种: 28 个

⏳ 等待 180 秒后进行下一次采集...

================================================================================
🔄 第 139 次采集 - 2026-03-16 10:14:10
================================================================================
📊 处理快照: 2026-03-16 10:12:40
🔥 NEAR 创新高: 1.3712 (前高: 1.3703)
✅ 检测到 1 个新事件
✅ 状态文件已保存: /home/user/webapp/data/new_high_low/coin_highs_lows_state.json

📊 本次统计:
   新增事件: 1 个
   追踪币种: 28 个

⏳ 等待 180 秒后进行下一次采集...

================================================================================
🔄 第 140 次采集 - 2026-03-16 10:17:10
================================================================================
📊 处理快照: 2026-03-16 10:16:05
✅ 状态文件已保存: /home/user/webapp/data/new_high_low/coin_highs_lows_state.json

================================================================================
📊 币种最高/最低价状态摘要 (共28个币种)
================================================================================

🔥 最高价TOP5:
   BTC   : $  72950.00  (2026-03-16 07:07:55)
   ETH   : $   2196.24  (2026-03-16 07:11:19)
   BNB   : $    677.60  (2026-03-16 07:11:19)
   BCH   : $    469.90  (2026-03-16 08:05:56)
   TAO   : $    290.80  (2026-03-16 05:22:08)

❄️  最低价TOP5:
   CRO   : $      0.08  (2026-03-16 03:32:14)
   DOGE  : $      0.09  (2026-03-16 03:18:34)
   HBAR  : $      0.09  (2026-03-16 04:26:52)
   XLM   : $      0.17  (2026-03-16 03:49:18)
   CRV   : $      0.24  (2026-03-16 06:16:45)
================================================================================


📊 本次统计:
   新增事件: 0 个
   追踪币种: 28 个

⏳ 等待 180 秒后进行下一次采集...

================================================================================
🔄 第 141 次采集 - 2026-03-16 10:20:10
================================================================================
📊 处理快照: 2026-03-16 10:19:30
❄️  TRX 创新低: 0.29746 (前低: 0.29758)
✅ 检测到 1 个新事件
✅ 状态文件已保存: /home/user/webapp/data/new_high_low/coin_highs_lows_state.json

📊 本次统计:
   新增事件: 1 个
   追踪币种: 28 个

⏳ 等待 180 秒后进行下一次采集...

================================================================================
🔄 第 142 次采集 - 2026-03-16 10:23:10
================================================================================
📊 处理快照: 2026-03-16 10:19:30
✅ 状态文件已保存: /home/user/webapp/data/new_high_low/coin_highs_lows_state.json

📊 本次统计:
   新增事件: 0 个
   追踪币种: 28 个

⏳ 等待 180 秒后进行下一次采集...

================================================================================
🔄 第 143 次采集 - 2026-03-16 10:26:10
================================================================================
📊 处理快照: 2026-03-16 10:22:54
✅ 状态文件已保存: /home/user/webapp/data/new_high_low/coin_highs_lows_state.json

📊 本次统计:
   新增事件: 0 个
   追踪币种: 28 个

⏳ 等待 180 秒后进行下一次采集...

================================================================================
🔄 第 144 次采集 - 2026-03-16 10:29:10
================================================================================
📊 处理快照: 2026-03-16 10:26:19
❄️  TRX 创新低: 0.29739 (前低: 0.29746)
✅ 检测到 1 个新事件
✅ 状态文件已保存: /home/user/webapp/data/new_high_low/coin_highs_lows_state.json

📊 本次统计:
   新增事件: 1 个
   追踪币种: 28 个

⏳ 等待 180 秒后进行下一次采集...

================================================================================
🔄 第 145 次采集 - 2026-03-16 10:32:10
================================================================================
📊 处理快照: 2026-03-16 10:29:43
❄️  TRX 创新低: 0.29735 (前低: 0.29739)
✅ 检测到 1 个新事件
✅ 状态文件已保存: /home/user/webapp/data/new_high_low/coin_highs_lows_state.json

📊 本次统计:
   新增事件: 1 个
   追踪币种: 28 个

⏳ 等待 180 秒后进行下一次采集...

================================================================================
🔄 第 146 次采集 - 2026-03-16 10:35:10
================================================================================
📊 处理快照: 2026-03-16 10:33:08
✅ 状态文件已保存: /home/user/webapp/data/new_high_low/coin_highs_lows_state.json

📊 本次统计:
   新增事件: 0 个
   追踪币种: 28 个

⏳ 等待 180 秒后进行下一次采集...

================================================================================
🔄 第 147 次采集 - 2026-03-16 10:38:10
================================================================================
📊 处理快照: 2026-03-16 10:36:33
❄️  TRX 创新低: 0.29727 (前低: 0.29735)
✅ 检测到 1 个新事件
✅ 状态文件已保存: /home/user/webapp/data/new_high_low/coin_highs_lows_state.json

📊 本次统计:
   新增事件: 1 个
   追踪币种: 28 个

⏳ 等待 180 秒后进行下一次采集...

================================================================================
🔄 第 148 次采集 - 2026-03-16 10:41:10
================================================================================
📊 处理快照: 2026-03-16 10:39:58
❄️  TRX 创新低: 0.29726 (前低: 0.29727)
❄️  TAO 创新低: 273.1 (前低: 274.1)
✅ 检测到 2 个新事件
✅ 状态文件已保存: /home/user/webapp/data/new_high_low/coin_highs_lows_state.json

📊 本次统计:
   新增事件: 2 个
   追踪币种: 28 个

⏳ 等待 180 秒后进行下一次采集...

================================================================================
🔄 第 149 次采集 - 2026-03-16 10:44:10
================================================================================
📊 处理快照: 2026-03-16 10:43:23
✅ 状态文件已保存: /home/user/webapp/data/new_high_low/coin_highs_lows_state.json

📊 本次统计:
   新增事件: 0 个
   追踪币种: 28 个

⏳ 等待 180 秒后进行下一次采集...

================================================================================
🔄 第 150 次采集 - 2026-03-16 10:47:10
================================================================================
📊 处理快照: 2026-03-16 10:43:23
✅ 状态文件已保存: /home/user/webapp/data/new_high_low/coin_highs_lows_state.json

================================================================================
📊 币种最高/最低价状态摘要 (共28个币种)
================================================================================

🔥 最高价TOP5:
   BTC   : $  72950.00  (2026-03-16 07:07:55)
   ETH   : $   2196.24  (2026-03-16 07:11:19)
   BNB   : $    677.60  (2026-03-16 07:11:19)
   BCH   : $    469.90  (2026-03-16 08:05:56)
   TAO   : $    290.80  (2026-03-16 05:22:08)

❄️  最低价TOP5:
   CRO   : $      0.08  (2026-03-16 03:32:14)
   DOGE  : $      0.09  (2026-03-16 03:18:34)
   HBAR  : $      0.09  (2026-03-16 04:26:52)
   XLM   : $      0.17  (2026-03-16 03:49:18)
   CRV   : $      0.24  (2026-03-16 06:16:45)
================================================================================


📊 本次统计:
   新增事件: 0 个
   追踪币种: 28 个

⏳ 等待 180 秒后进行下一次采集...

================================================================================
🔄 第 151 次采集 - 2026-03-16 10:50:10
================================================================================
📊 处理快照: 2026-03-16 10:46:48
❄️  TRX 创新低: 0.29715 (前低: 0.29726)
✅ 检测到 1 个新事件
✅ 状态文件已保存: /home/user/webapp/data/new_high_low/coin_highs_lows_state.json

📊 本次统计:
   新增事件: 1 个
   追踪币种: 28 个

⏳ 等待 180 秒后进行下一次采集...

================================================================================
🔄 第 152 次采集 - 2026-03-16 10:53:11
================================================================================
📊 处理快照: 2026-03-16 10:50:12
✅ 状态文件已保存: /home/user/webapp/data/new_high_low/coin_highs_lows_state.json

📊 本次统计:
   新增事件: 0 个
   追踪币种: 28 个

⏳ 等待 180 秒后进行下一次采集...

================================================================================
🔄 第 153 次采集 - 2026-03-16 10:56:11
================================================================================
📊 处理快照: 2026-03-16 10:53:37
✅ 状态文件已保存: /home/user/webapp/data/new_high_low/coin_highs_lows_state.json

📊 本次统计:
   新增事件: 0 个
   追踪币种: 28 个

⏳ 等待 180 秒后进行下一次采集...

================================================================================
🔄 第 154 次采集 - 2026-03-16 10:59:11
================================================================================
📊 处理快照: 2026-03-16 10:57:02
🔥 DOGE 创新高: 0.09828 (前高: 0.09806)
🔥 NEAR 创新高: 1.3725 (前高: 1.3712)
✅ 检测到 2 个新事件
✅ 状态文件已保存: /home/user/webapp/data/new_high_low/coin_highs_lows_state.json

📊 本次统计:
   新增事件: 2 个
   追踪币种: 28 个

⏳ 等待 180 秒后进行下一次采集...

================================================================================
🔄 第 155 次采集 - 2026-03-16 11:02:11
================================================================================
📊 处理快照: 2026-03-16 11:00:26
✅ 状态文件已保存: /home/user/webapp/data/new_high_low/coin_highs_lows_state.json

📊 本次统计:
   新增事件: 0 个
   追踪币种: 28 个

⏳ 等待 180 秒后进行下一次采集...

================================================================================
🔄 第 156 次采集 - 2026-03-16 11:05:11
================================================================================
📊 处理快照: 2026-03-16 11:03:51
✅ 状态文件已保存: /home/user/webapp/data/new_high_low/coin_highs_lows_state.json

📊 本次统计:
   新增事件: 0 个
   追踪币种: 28 个

⏳ 等待 180 秒后进行下一次采集...

================================================================================
🔄 第 157 次采集 - 2026-03-16 11:08:11
================================================================================
📊 处理快照: 2026-03-16 11:07:15
✅ 状态文件已保存: /home/user/webapp/data/new_high_low/coin_highs_lows_state.json

📊 本次统计:
   新增事件: 0 个
   追踪币种: 28 个

⏳ 等待 180 秒后进行下一次采集...

================================================================================
🔄 第 158 次采集 - 2026-03-16 11:11:11
================================================================================
📊 处理快照: 2026-03-16 11:10:41
🔥 DOGE 创新高: 0.09839 (前高: 0.09828)
❄️  TRX 创新低: 0.29708 (前低: 0.29715)
🔥 DOT 创新高: 1.448 (前高: 1.445)
🔥 NEAR 创新高: 1.3743 (前高: 1.3725)
🔥 LDO 创新高: 0.3112 (前高: 0.3109)
✅ 检测到 5 个新事件
✅ 状态文件已保存: /home/user/webapp/data/new_high_low/coin_highs_lows_state.json

📊 本次统计:
   新增事件: 5 个
   追踪币种: 28 个

⏳ 等待 180 秒后进行下一次采集...

================================================================================
🔄 第 159 次采集 - 2026-03-16 11:14:11
================================================================================
📊 处理快照: 2026-03-16 11:10:41
✅ 状态文件已保存: /home/user/webapp/data/new_high_low/coin_highs_lows_state.json

📊 本次统计:
   新增事件: 0 个
   追踪币种: 28 个

⏳ 等待 180 秒后进行下一次采集...

================================================================================
🔄 第 160 次采集 - 2026-03-16 11:17:11
================================================================================
📊 处理快照: 2026-03-16 11:14:05
✅ 状态文件已保存: /home/user/webapp/data/new_high_low/coin_highs_lows_state.json

================================================================================
📊 币种最高/最低价状态摘要 (共28个币种)
================================================================================

🔥 最高价TOP5:
   BTC   : $  72950.00  (2026-03-16 07:07:55)
   ETH   : $   2196.24  (2026-03-16 07:11:19)
   BNB   : $    677.60  (2026-03-16 07:11:19)
   BCH   : $    469.90  (2026-03-16 08:05:56)
   TAO   : $    290.80  (2026-03-16 05:22:08)

❄️  最低价TOP5:
   CRO   : $      0.08  (2026-03-16 03:32:14)
   DOGE  : $      0.09  (2026-03-16 03:18:34)
   HBAR  : $      0.09  (2026-03-16 04:26:52)
   XLM   : $      0.17  (2026-03-16 03:49:18)
   CRV   : $      0.24  (2026-03-16 06:16:45)
================================================================================


📊 本次统计:
   新增事件: 0 个
   追踪币种: 28 个

⏳ 等待 180 秒后进行下一次采集...

================================================================================
🔄 第 161 次采集 - 2026-03-16 11:20:11
================================================================================
📊 处理快照: 2026-03-16 11:17:29
🔥 DOGE 创新高: 0.0986 (前高: 0.09839)
❄️  TRX 创新低: 0.29702 (前低: 0.29708)
🔥 DOT 创新高: 1.449 (前高: 1.448)
🔥 NEAR 创新高: 1.3757 (前高: 1.3743)
🔥 TON 创新高: 1.322 (前高: 1.321)
✅ 检测到 5 个新事件
✅ 状态文件已保存: /home/user/webapp/data/new_high_low/coin_highs_lows_state.json

📊 本次统计:
   新增事件: 5 个
   追踪币种: 28 个

⏳ 等待 180 秒后进行下一次采集...

================================================================================
🔄 第 162 次采集 - 2026-03-16 11:23:11
================================================================================
📊 处理快照: 2026-03-16 11:20:53
🔥 DOGE 创新高: 0.09877 (前高: 0.0986)
🔥 FIL 创新高: 0.9008 (前高: 0.9006)
🔥 NEAR 创新高: 1.3762 (前高: 1.3757)
✅ 检测到 3 个新事件
✅ 状态文件已保存: /home/user/webapp/data/new_high_low/coin_highs_lows_state.json

📊 本次统计:
   新增事件: 3 个
   追踪币种: 28 个

⏳ 等待 180 秒后进行下一次采集...

================================================================================
🔄 第 163 次采集 - 2026-03-16 11:26:11
================================================================================
📊 处理快照: 2026-03-16 11:24:18
🔥 ETH 创新高: 2201.03 (前高: 2196.24)
🔥 ADA 创新高: 0.2734 (前高: 0.2725)
🔥 DOGE 创新高: 0.09936 (前高: 0.09877)
🔥 DOT 创新高: 1.456 (前高: 1.449)
🔥 LINK 创新高: 9.585 (前高: 9.524)
🔥 FIL 创新高: 0.9063 (前高: 0.9008)
🔥 ETC 创新高: 8.592 (前高: 8.528)
🔥 NEAR 创新高: 1.3863 (前高: 1.3762)
🔥 APT 创新高: 0.9421 (前高: 0.9381)
🔥 STX 创新高: 0.2584 (前高: 0.2578)
🔥 LDO 创新高: 0.3132 (前高: 0.3112)
🔥 TON 创新高: 1.324 (前高: 1.322)
🔥 SUI 创新高: 1.0303 (前高: 1.0299)
✅ 检测到 13 个新事件
✅ 状态文件已保存: /home/user/webapp/data/new_high_low/coin_highs_lows_state.json

📊 本次统计:
   新增事件: 13 个
   追踪币种: 28 个

⏳ 等待 180 秒后进行下一次采集...

================================================================================
🔄 第 164 次采集 - 2026-03-16 11:29:11
================================================================================
📊 处理快照: 2026-03-16 11:27:42
✅ 状态文件已保存: /home/user/webapp/data/new_high_low/coin_highs_lows_state.json

📊 本次统计:
   新增事件: 0 个
   追踪币种: 28 个

⏳ 等待 180 秒后进行下一次采集...

================================================================================
🔄 第 165 次采集 - 2026-03-16 11:32:11
================================================================================
📊 处理快照: 2026-03-16 11:31:08
🔥 BTC 创新高: 73114.9 (前高: 72950.0)
🔥 ETH 创新高: 2219.71 (前高: 2201.03)
🔥 BNB 创新高: 680.2 (前高: 677.6)
🔥 XRP 创新高: 1.4621 (前高: 1.4589)
🔥 ADA 创新高: 0.276 (前高: 0.2734)
🔥 DOGE 创新高: 0.10021 (前高: 0.09936)
🔥 DOT 创新高: 1.465 (前高: 1.456)
🔥 LTC 创新高: 56.53 (前高: 56.4)
🔥 BCH 创新高: 470.2 (前高: 469.9)
🔥 LINK 创新高: 9.672 (前高: 9.585)
🔥 UNI 创新高: 4.132 (前高: 4.102)
🔥 FIL 创新高: 0.9103 (前高: 0.9063)
🔥 ETC 创新高: 8.644 (前高: 8.592)
🔥 AAVE 创新高: 117.92 (前高: 117.65)
🔥 NEAR 创新高: 1.3877 (前高: 1.3863)
🔥 APT 创新高: 0.9486 (前高: 0.9421)
🔥 STX 创新高: 0.2598 (前高: 0.2584)
🔥 LDO 创新高: 0.3144 (前高: 0.3132)
🔥 OKB 创新高: 97.06 (前高: 97.03)
🔥 HBAR 创新高: 0.09696 (前高: 0.0966)
🔥 TON 创新高: 1.327 (前高: 1.324)
🔥 SUI 创新高: 1.0387 (前高: 1.0303)
✅ 检测到 22 个新事件
✅ 状态文件已保存: /home/user/webapp/data/new_high_low/coin_highs_lows_state.json

📊 本次统计:
   新增事件: 22 个
   追踪币种: 28 个

⏳ 等待 180 秒后进行下一次采集...

================================================================================
🔄 第 166 次采集 - 2026-03-16 11:35:11
================================================================================
📊 处理快照: 2026-03-16 11:34:33
🔥 BTC 创新高: 73682.9 (前高: 73114.9)
🔥 ETH 创新高: 2243.69 (前高: 2219.71)
🔥 SOL 创新高: 93.62 (前高: 92.98)
🔥 BNB 创新高: 684.5 (前高: 680.2)
🔥 XRP 创新高: 1.4737 (前高: 1.4621)
🔥 ADA 创新高: 0.2792 (前高: 0.276)
🔥 DOGE 创新高: 0.10104 (前高: 0.10021)
🔥 DOT 创新高: 1.479 (前高: 1.465)
🔥 LTC 创新高: 56.9 (前高: 56.53)
🔥 BCH 创新高: 473.1 (前高: 470.2)
🔥 LINK 创新高: 9.776 (前高: 9.672)
🔥 UNI 创新高: 4.164 (前高: 4.132)
🔥 FIL 创新高: 0.9223 (前高: 0.9103)
🔥 ETC 创新高: 8.707 (前高: 8.644)
🔥 AAVE 创新高: 118.49 (前高: 117.92)
🔥 NEAR 创新高: 1.4021 (前高: 1.3877)
🔥 APT 创新高: 0.9558 (前高: 0.9486)
🔥 STX 创新高: 0.2623 (前高: 0.2598)
🔥 LDO 创新高: 0.3178 (前高: 0.3144)
🔥 OKB 创新高: 97.18 (前高: 97.06)
🔥 CRO 创新高: 0.07878 (前高: 0.07859)
🔥 HBAR 创新高: 0.0977 (前高: 0.09696)
🔥 TON 创新高: 1.33 (前高: 1.327)
🔥 SUI 创新高: 1.0481 (前高: 1.0387)
🔥 XLM 创新高: 0.17113 (前高: 0.17056)
✅ 检测到 25 个新事件
✅ 状态文件已保存: /home/user/webapp/data/new_high_low/coin_highs_lows_state.json

📊 本次统计:
   新增事件: 25 个
   追踪币种: 28 个

⏳ 等待 180 秒后进行下一次采集...

================================================================================
🔄 第 167 次采集 - 2026-03-16 11:38:11
================================================================================
📊 处理快照: 2026-03-16 11:34:33
✅ 状态文件已保存: /home/user/webapp/data/new_high_low/coin_highs_lows_state.json

📊 本次统计:
   新增事件: 0 个
   追踪币种: 28 个

⏳ 等待 180 秒后进行下一次采集...

================================================================================
🔄 第 168 次采集 - 2026-03-16 11:41:12
================================================================================
📊 处理快照: 2026-03-16 11:37:57
🔥 BTC 创新高: 73913.8 (前高: 73682.9)
🔥 ETH 创新高: 2244.48 (前高: 2243.69)
🔥 SOL 创新高: 93.72 (前高: 93.62)
🔥 XRP 创新高: 1.4766 (前高: 1.4737)
🔥 ADA 创新高: 0.2796 (前高: 0.2792)
🔥 DOGE 创新高: 0.10112 (前高: 0.10104)
🔥 DOT 创新高: 1.488 (前高: 1.479)
🔥 LTC 创新高: 56.93 (前高: 56.9)
🔥 BCH 创新高: 473.2 (前高: 473.1)
🔥 LINK 创新高: 9.779 (前高: 9.776)
🔥 FIL 创新高: 0.9226 (前高: 0.9223)
🔥 ETC 创新高: 8.719 (前高: 8.707)
🔥 CRV 创新高: 0.2462 (前高: 0.2458)
🔥 NEAR 创新高: 1.404 (前高: 1.4021)
🔥 APT 创新高: 0.9586 (前高: 0.9558)
🔥 LDO 创新高: 0.3187 (前高: 0.3178)
🔥 CRO 创新高: 0.07887 (前高: 0.07878)
🔥 TON 创新高: 1.332 (前高: 1.33)
✅ 检测到 18 个新事件
✅ 状态文件已保存: /home/user/webapp/data/new_high_low/coin_highs_lows_state.json

📊 本次统计:
   新增事件: 18 个
   追踪币种: 28 个

⏳ 等待 180 秒后进行下一次采集...

================================================================================
🔄 第 169 次采集 - 2026-03-16 11:44:12
================================================================================
📊 处理快照: 2026-03-16 11:41:22
🔥 OKB 创新高: 97.29 (前高: 97.18)
✅ 检测到 1 个新事件
✅ 状态文件已保存: /home/user/webapp/data/new_high_low/coin_highs_lows_state.json

📊 本次统计:
   新增事件: 1 个
   追踪币种: 28 个

⏳ 等待 180 秒后进行下一次采集...

================================================================================
🔄 第 170 次采集 - 2026-03-16 11:47:12
================================================================================
📊 处理快照: 2026-03-16 11:44:47
🔥 OKB 创新高: 97.32 (前高: 97.29)
✅ 检测到 1 个新事件
✅ 状态文件已保存: /home/user/webapp/data/new_high_low/coin_highs_lows_state.json

================================================================================
📊 币种最高/最低价状态摘要 (共28个币种)
================================================================================

🔥 最高价TOP5:
   BTC   : $  73913.80  (2026-03-16 11:37:57)
   ETH   : $   2244.48  (2026-03-16 11:37:57)
   BNB   : $    684.50  (2026-03-16 11:34:33)
   BCH   : $    473.20  (2026-03-16 11:37:57)
   TAO   : $    290.80  (2026-03-16 05:22:08)

❄️  最低价TOP5:
   CRO   : $      0.08  (2026-03-16 03:32:14)
   DOGE  : $      0.09  (2026-03-16 03:18:34)
   HBAR  : $      0.09  (2026-03-16 04:26:52)
   XLM   : $      0.17  (2026-03-16 03:49:18)
   CRV   : $      0.24  (2026-03-16 06:16:45)
================================================================================


📊 本次统计:
   新增事件: 1 个
   追踪币种: 28 个

⏳ 等待 180 秒后进行下一次采集...

================================================================================
🔄 第 171 次采集 - 2026-03-16 11:50:12
================================================================================
📊 处理快照: 2026-03-16 11:48:11
✅ 状态文件已保存: /home/user/webapp/data/new_high_low/coin_highs_lows_state.json

📊 本次统计:
   新增事件: 0 个
   追踪币种: 28 个

⏳ 等待 180 秒后进行下一次采集...

================================================================================
🔄 第 172 次采集 - 2026-03-16 11:53:12
================================================================================
📊 处理快照: 2026-03-16 11:51:35
✅ 状态文件已保存: /home/user/webapp/data/new_high_low/coin_highs_lows_state.json

📊 本次统计:
   新增事件: 0 个
   追踪币种: 28 个

⏳ 等待 180 秒后进行下一次采集...

================================================================================
🔄 第 173 次采集 - 2026-03-16 11:56:12
================================================================================
📊 处理快照: 2026-03-16 11:55:00
🔥 OKB 创新高: 97.48 (前高: 97.32)
✅ 检测到 1 个新事件
✅ 状态文件已保存: /home/user/webapp/data/new_high_low/coin_highs_lows_state.json

📊 本次统计:
   新增事件: 1 个
   追踪币种: 28 个

⏳ 等待 180 秒后进行下一次采集...

================================================================================
🔄 第 174 次采集 - 2026-03-16 11:59:12
================================================================================
📊 处理快照: 2026-03-16 11:58:25
✅ 状态文件已保存: /home/user/webapp/data/new_high_low/coin_highs_lows_state.json

📊 本次统计:
   新增事件: 0 个
   追踪币种: 28 个

⏳ 等待 180 秒后进行下一次采集...

================================================================================
🔄 第 175 次采集 - 2026-03-16 12:02:12
================================================================================
📊 处理快照: 2026-03-16 11:58:25
✅ 状态文件已保存: /home/user/webapp/data/new_high_low/coin_highs_lows_state.json

📊 本次统计:
   新增事件: 0 个
   追踪币种: 28 个

⏳ 等待 180 秒后进行下一次采集...

================================================================================
🔄 第 176 次采集 - 2026-03-16 12:05:12
================================================================================
📊 处理快照: 2026-03-16 12:01:49
✅ 状态文件已保存: /home/user/webapp/data/new_high_low/coin_highs_lows_state.json

📊 本次统计:
   新增事件: 0 个
   追踪币种: 28 个

⏳ 等待 180 秒后进行下一次采集...

================================================================================
🔄 第 177 次采集 - 2026-03-16 12:08:12
================================================================================
📊 处理快照: 2026-03-16 12:05:14
🔥 TON 创新高: 1.333 (前高: 1.332)
✅ 检测到 1 个新事件
✅ 状态文件已保存: /home/user/webapp/data/new_high_low/coin_highs_lows_state.json

📊 本次统计:
   新增事件: 1 个
   追踪币种: 28 个

⏳ 等待 180 秒后进行下一次采集...

================================================================================
🔄 第 178 次采集 - 2026-03-16 12:11:12
================================================================================
📊 处理快照: 2026-03-16 12:08:38
🔥 ADA 创新高: 0.2801 (前高: 0.2796)
✅ 检测到 1 个新事件
✅ 状态文件已保存: /home/user/webapp/data/new_high_low/coin_highs_lows_state.json

📊 本次统计:
   新增事件: 1 个
   追踪币种: 28 个

⏳ 等待 180 秒后进行下一次采集...

================================================================================
🔄 第 179 次采集 - 2026-03-16 12:14:12
================================================================================
📊 处理快照: 2026-03-16 12:12:04
✅ 状态文件已保存: /home/user/webapp/data/new_high_low/coin_highs_lows_state.json

📊 本次统计:
   新增事件: 0 个
   追踪币种: 28 个

⏳ 等待 180 秒后进行下一次采集...

================================================================================
🔄 第 180 次采集 - 2026-03-16 12:17:12
================================================================================
📊 处理快照: 2026-03-16 12:15:28
🔥 ETH 创新高: 2247.1 (前高: 2244.48)
🔥 ADA 创新高: 0.2826 (前高: 0.2801)
🔥 LTC 创新高: 56.95 (前高: 56.93)
🔥 AAVE 创新高: 118.62 (前高: 118.49)
🔥 APT 创新高: 0.9611 (前高: 0.9586)
🔥 SUI 创新高: 1.0497 (前高: 1.0481)
✅ 检测到 6 个新事件
✅ 状态文件已保存: /home/user/webapp/data/new_high_low/coin_highs_lows_state.json

================================================================================
📊 币种最高/最低价状态摘要 (共28个币种)
================================================================================

🔥 最高价TOP5:
   BTC   : $  73913.80  (2026-03-16 11:37:57)
   ETH   : $   2247.10  (2026-03-16 12:15:28)
   BNB   : $    684.50  (2026-03-16 11:34:33)
   BCH   : $    473.20  (2026-03-16 11:37:57)
   TAO   : $    290.80  (2026-03-16 05:22:08)

❄️  最低价TOP5:
   CRO   : $      0.08  (2026-03-16 03:32:14)
   DOGE  : $      0.09  (2026-03-16 03:18:34)
   HBAR  : $      0.09  (2026-03-16 04:26:52)
   XLM   : $      0.17  (2026-03-16 03:49:18)
   CRV   : $      0.24  (2026-03-16 06:16:45)
================================================================================


📊 本次统计:
   新增事件: 6 个
   追踪币种: 28 个

⏳ 等待 180 秒后进行下一次采集...
