============================================================
恐慌洗盘指数采集器启动
数据来源: https://history.btc126.com/baocang/
============================================================

[2026-03-16 01:10:10] 开始采集恐慌指数...
[价格] BTC: 71484.7 (1.14%)
[价格] ETH: 2094.69 (0.8%)
[价格] BNB: 659.9 (0.9%)
[价格] XRP: 1.4156 (1.59%)
[价格] SOL: 87.72 (0.75%)
[BTC126] 1h爆仓: 137.72万$
[BTC126] 24h爆仓: 5609.44万$
[BTC126] 24h爆仓人数: 4.63万人
[BTC126] 全网持仓: 60.62亿$
[计算] 恐惧贪婪指数 = 4.63万人 / 60.62亿$ = 0.08
[保存] 恐惧贪婪指数: 0.08 (级别: low)
[爆仓] 1h: 137.72万$ | 24h: 5609.44万$
[数据] 24h爆仓人数: 4.63万人 | 全网持仓: 60.62亿$
[公式] 恐惧贪婪指数 = 4.63万人 / 60.62亿$ = 0.08
[来源] btc126.com 真实数据
[等待] 下次采集: 3分钟后

[2026-03-16 01:13:14] 开始采集恐慌指数...
[价格] BTC: 71479.0 (1.13%)
[价格] ETH: 2094.95 (0.84%)
[价格] BNB: 659.7 (0.89%)
[价格] XRP: 1.4156 (1.62%)
[价格] SOL: 87.75 (0.83%)
[BTC126] 1h爆仓: 142.51万$
[BTC126] 24h爆仓: 5615.26万$
[BTC126] 24h爆仓人数: 4.63万人
[BTC126] 全网持仓: 60.6亿$
[计算] 恐惧贪婪指数 = 4.63万人 / 60.6亿$ = 0.08
[保存] 恐惧贪婪指数: 0.08 (级别: low)
[爆仓] 1h: 142.51万$ | 24h: 5615.26万$
[数据] 24h爆仓人数: 4.63万人 | 全网持仓: 60.6亿$
[公式] 恐惧贪婪指数 = 4.63万人 / 60.6亿$ = 0.08
[来源] btc126.com 真实数据
[等待] 下次采集: 3分钟后

[2026-03-16 01:16:19] 开始采集恐慌指数...
[价格] BTC: 71482.3 (1.1%)
[价格] ETH: 2094.94 (0.82%)
[价格] BNB: 659.5 (0.84%)
[价格] XRP: 1.4158 (1.64%)
[价格] SOL: 87.75 (0.8%)
[BTC126] 1h爆仓: 142.24万$
[BTC126] 24h爆仓: 5615.03万$
[BTC126] 24h爆仓人数: 4.63万人
[BTC126] 全网持仓: 60.6亿$
[计算] 恐惧贪婪指数 = 4.63万人 / 60.6亿$ = 0.08
[保存] 恐惧贪婪指数: 0.08 (级别: low)
[爆仓] 1h: 142.24万$ | 24h: 5615.03万$
[数据] 24h爆仓人数: 4.63万人 | 全网持仓: 60.6亿$
[公式] 恐惧贪婪指数 = 4.63万人 / 60.6亿$ = 0.08
[来源] btc126.com 真实数据
[等待] 下次采集: 3分钟后

[2026-03-16 01:19:24] 开始采集恐慌指数...
[价格] BTC: 71514.0 (1.18%)
[价格] ETH: 2095.37 (0.9%)
[价格] BNB: 659.6 (0.89%)
[价格] XRP: 1.415 (1.62%)
[价格] SOL: 87.81 (0.91%)
[BTC126] 1h爆仓: 124.81万$
[BTC126] 24h爆仓: 5612.58万$
[BTC126] 24h爆仓人数: 4.63万人
[BTC126] 全网持仓: 60.64亿$
[计算] 恐惧贪婪指数 = 4.63万人 / 60.64亿$ = 0.08
[保存] 恐惧贪婪指数: 0.08 (级别: low)
[爆仓] 1h: 124.81万$ | 24h: 5612.58万$
[数据] 24h爆仓人数: 4.63万人 | 全网持仓: 60.64亿$
[公式] 恐惧贪婪指数 = 4.63万人 / 60.64亿$ = 0.08
[来源] btc126.com 真实数据
[等待] 下次采集: 3分钟后

[2026-03-16 01:22:30] 开始采集恐慌指数...
[价格] BTC: 71488.0 (1.14%)
[价格] ETH: 2094.96 (0.92%)
[价格] BNB: 659.5 (0.89%)
[价格] XRP: 1.4141 (1.62%)
[价格] SOL: 87.81 (0.95%)
[BTC126] 1h爆仓: 124.55万$
[BTC126] 24h爆仓: 5613.61万$
[BTC126] 24h爆仓人数: 4.63万人
[错误] 获取BTC126持仓数据失败: HTTPSConnectionPool(host='api.btc126.com', port=443): Read timed out. (read timeout=10)
[计算] 恐惧贪婪指数 = 4.63万人 / 0亿$ = 0
[保存] 恐惧贪婪指数: 0 (级别: low)
[爆仓] 1h: 124.55万$ | 24h: 5613.61万$
[数据] 24h爆仓人数: 4.63万人 | 全网持仓: 0亿$
[公式] 恐惧贪婪指数 = 4.63万人 / 0亿$ = 0
[来源] btc126.com 真实数据
[等待] 下次采集: 3分钟后

[2026-03-16 01:25:49] 开始采集恐慌指数...
[价格] BTC: 71524.0 (1.15%)
[价格] ETH: 2095.7 (0.88%)
[价格] BNB: 659.8 (0.9%)
[价格] XRP: 1.4147 (1.6%)
[价格] SOL: 87.86 (0.95%)
[BTC126] 1h爆仓: 130.78万$
[BTC126] 24h爆仓: 5616.32万$
[BTC126] 24h爆仓人数: 4.63万人
[错误] 获取BTC126持仓数据失败: HTTPSConnectionPool(host='api.btc126.com', port=443): Read timed out. (read timeout=10)
[计算] 恐惧贪婪指数 = 4.63万人 / 0亿$ = 0
[保存] 恐惧贪婪指数: 0 (级别: low)
[爆仓] 1h: 130.78万$ | 24h: 5616.32万$
[数据] 24h爆仓人数: 4.63万人 | 全网持仓: 0亿$
[公式] 恐惧贪婪指数 = 4.63万人 / 0亿$ = 0
[来源] btc126.com 真实数据
[等待] 下次采集: 3分钟后

[2026-03-16 01:29:11] 开始采集恐慌指数...
[价格] BTC: 71509.1 (1.1%)
[价格] ETH: 2095.15 (0.82%)
[价格] BNB: 659.8 (0.89%)
[价格] XRP: 1.4141 (1.57%)
[价格] SOL: 87.83 (0.87%)
[BTC126] 1h爆仓: 113.54万$
[BTC126] 24h爆仓: 5604.12万$
[BTC126] 24h爆仓人数: 4.63万人
[错误] 获取BTC126持仓数据失败: HTTPSConnectionPool(host='api.btc126.com', port=443): Read timed out. (read timeout=10)
[计算] 恐惧贪婪指数 = 4.63万人 / 0亿$ = 0
[保存] 恐惧贪婪指数: 0 (级别: low)
[爆仓] 1h: 113.54万$ | 24h: 5604.12万$
[数据] 24h爆仓人数: 4.63万人 | 全网持仓: 0亿$
[公式] 恐惧贪婪指数 = 4.63万人 / 0亿$ = 0
[来源] btc126.com 真实数据
[等待] 下次采集: 3分钟后

[2026-03-16 01:32:27] 开始采集恐慌指数...
[价格] BTC: 71527.5 (1.18%)
[价格] ETH: 2095.85 (0.9%)
[价格] BNB: 660.0 (0.93%)
[价格] XRP: 1.4138 (1.6%)
[价格] SOL: 87.85 (0.97%)
[错误] 获取BTC126爆仓数据失败: HTTPSConnectionPool(host='api.btc126.com', port=443): Read timed out. (read timeout=10)
[错误] 获取BTC126持仓数据失败: HTTPSConnectionPool(host='api.btc126.com', port=443): Read timed out. (read timeout=10)
[警告] 数据获取不完整，跳过本次采集
[等待] 下次采集: 3分钟后

[2026-03-16 01:35:50] 开始采集恐慌指数...
[价格] BTC: 71506.0 (1.2%)
[价格] ETH: 2095.5 (0.9%)
[价格] BNB: 660.0 (0.96%)
[价格] XRP: 1.4141 (1.65%)
[价格] SOL: 87.83 (1.0%)
[错误] 获取BTC126爆仓数据失败: HTTPSConnectionPool(host='api.btc126.com', port=443): Read timed out. (read timeout=10)
[BTC126] 全网持仓: 60.59亿$
[警告] 数据获取不完整，跳过本次采集
[等待] 下次采集: 3分钟后

[2026-03-16 01:39:05] 开始采集恐慌指数...
[价格] BTC: 71508.4 (1.23%)
[价格] ETH: 2095.96 (0.95%)
[价格] BNB: 660.2 (1.01%)
[价格] XRP: 1.4135 (1.66%)
[价格] SOL: 87.85 (1.06%)
[BTC126] 1h爆仓: 80.18万$
[BTC126] 24h爆仓: 5576.73万$
[BTC126] 24h爆仓人数: 4.62万人
[错误] 获取BTC126持仓数据失败: HTTPSConnectionPool(host='api.btc126.com', port=443): Read timed out. (read timeout=10)
[计算] 恐惧贪婪指数 = 4.62万人 / 0亿$ = 0
[保存] 恐惧贪婪指数: 0 (级别: low)
[爆仓] 1h: 80.18万$ | 24h: 5576.73万$
[数据] 24h爆仓人数: 4.62万人 | 全网持仓: 0亿$
[公式] 恐惧贪婪指数 = 4.62万人 / 0亿$ = 0
[来源] btc126.com 真实数据
[等待] 下次采集: 3分钟后

[2026-03-16 01:42:22] 开始采集恐慌指数...
[价格] BTC: 71545.9 (1.29%)
[价格] ETH: 2097.23 (1.02%)
[价格] BNB: 660.2 (1.01%)
[价格] XRP: 1.4144 (1.71%)
[价格] SOL: 87.89 (1.09%)
[BTC126] 1h爆仓: 79.84万$
[BTC126] 24h爆仓: 5576.22万$
[BTC126] 24h爆仓人数: 4.62万人
[BTC126] 全网持仓: 60.6亿$
[计算] 恐惧贪婪指数 = 4.62万人 / 60.6亿$ = 0.08
[保存] 恐惧贪婪指数: 0.08 (级别: low)
[爆仓] 1h: 79.84万$ | 24h: 5576.22万$
[数据] 24h爆仓人数: 4.62万人 | 全网持仓: 60.6亿$
[公式] 恐惧贪婪指数 = 4.62万人 / 60.6亿$ = 0.08
[来源] btc126.com 真实数据
[等待] 下次采集: 3分钟后

[2026-03-16 01:45:37] 开始采集恐慌指数...
[价格] BTC: 71536.4 (1.26%)
[价格] ETH: 2097.29 (1.04%)
[价格] BNB: 660.2 (1.04%)
[价格] XRP: 1.4143 (1.72%)
[价格] SOL: 87.93 (1.14%)
[BTC126] 1h爆仓: 84.03万$
[BTC126] 24h爆仓: 5577.16万$
[BTC126] 24h爆仓人数: 4.62万人
[错误] 获取BTC126持仓数据失败: HTTPSConnectionPool(host='api.btc126.com', port=443): Read timed out. (read timeout=10)
[计算] 恐惧贪婪指数 = 4.62万人 / 0亿$ = 0
[保存] 恐惧贪婪指数: 0 (级别: low)
[爆仓] 1h: 84.03万$ | 24h: 5577.16万$
[数据] 24h爆仓人数: 4.62万人 | 全网持仓: 0亿$
[公式] 恐惧贪婪指数 = 4.62万人 / 0亿$ = 0
[来源] btc126.com 真实数据
[等待] 下次采集: 3分钟后

[2026-03-16 01:48:54] 开始采集恐慌指数...
[价格] BTC: 71555.2 (1.27%)
[价格] ETH: 2097.03 (1.02%)
[价格] BNB: 659.9 (0.99%)
[价格] XRP: 1.4139 (1.7%)
[价格] SOL: 87.95 (1.14%)
[BTC126] 1h爆仓: 99.51万$
[BTC126] 24h爆仓: 5587.6万$
[BTC126] 24h爆仓人数: 4.62万人
[错误] 获取BTC126持仓数据失败: HTTPSConnectionPool(host='api.btc126.com', port=443): Read timed out. (read timeout=10)
[计算] 恐惧贪婪指数 = 4.62万人 / 0亿$ = 0
[保存] 恐惧贪婪指数: 0 (级别: low)
[爆仓] 1h: 99.51万$ | 24h: 5587.6万$
[数据] 24h爆仓人数: 4.62万人 | 全网持仓: 0亿$
[公式] 恐惧贪婪指数 = 4.62万人 / 0亿$ = 0
[来源] btc126.com 真实数据
[等待] 下次采集: 3分钟后

[2026-03-16 01:52:11] 开始采集恐慌指数...
[价格] BTC: 71589.1 (1.39%)
[价格] ETH: 2098.9 (1.19%)
[价格] BNB: 660.2 (1.1%)
[价格] XRP: 1.4146 (1.84%)
[价格] SOL: 88.04 (1.35%)
[错误] 获取BTC126爆仓数据失败: HTTPSConnectionPool(host='api.btc126.com', port=443): Read timed out. (read timeout=10)
[BTC126] 全网持仓: 60.71亿$
[警告] 数据获取不完整，跳过本次采集
[等待] 下次采集: 3分钟后

[2026-03-16 01:55:28] 开始采集恐慌指数...
[价格] BTC: 71900.4 (1.86%)
[价格] ETH: 2114.23 (1.94%)
[价格] BNB: 662.8 (1.5%)
[价格] XRP: 1.4216 (2.32%)
[价格] SOL: 88.62 (1.98%)
[错误] 获取BTC126爆仓数据失败: HTTPSConnectionPool(host='api.btc126.com', port=443): Read timed out. (read timeout=10)
[BTC126] 全网持仓: 60.93亿$
[警告] 数据获取不完整，跳过本次采集
[等待] 下次采集: 3分钟后

[2026-03-16 01:58:43] 开始采集恐慌指数...
[价格] BTC: 71824.5 (1.73%)
[价格] ETH: 2110.44 (1.7%)
[价格] BNB: 661.8 (1.33%)
[价格] XRP: 1.4196 (2.16%)
[价格] SOL: 88.45 (1.78%)
[错误] 获取BTC126爆仓数据失败: HTTPSConnectionPool(host='api.btc126.com', port=443): Read timed out. (read timeout=10)
[BTC126] 全网持仓: 60.85亿$
[警告] 数据获取不完整，跳过本次采集
[等待] 下次采集: 3分钟后

[2026-03-16 02:01:58] 开始采集恐慌指数...
[价格] BTC: 71821.0 (1.76%)
[价格] ETH: 2109.84 (1.72%)
[价格] BNB: 661.8 (1.41%)
[价格] XRP: 1.4197 (2.21%)
[价格] SOL: 88.47 (1.89%)
[BTC126] 1h爆仓: 505.29万$
[BTC126] 24h爆仓: 5974.32万$
[BTC126] 24h爆仓人数: 4.69万人
[BTC126] 全网持仓: 60.82亿$
[计算] 恐惧贪婪指数 = 4.69万人 / 60.82亿$ = 0.08
[保存] 恐惧贪婪指数: 0.08 (级别: low)
[爆仓] 1h: 505.29万$ | 24h: 5974.32万$
[数据] 24h爆仓人数: 4.69万人 | 全网持仓: 60.82亿$
[公式] 恐惧贪婪指数 = 4.69万人 / 60.82亿$ = 0.08
[来源] btc126.com 真实数据
[等待] 下次采集: 3分钟后

[2026-03-16 02:05:03] 开始采集恐慌指数...
[价格] BTC: 71802.1 (1.74%)
[价格] ETH: 2109.99 (1.72%)
[价格] BNB: 661.8 (1.39%)
[价格] XRP: 1.4203 (2.22%)
[价格] SOL: 88.55 (1.95%)
[BTC126] 1h爆仓: 500.25万$
[BTC126] 24h爆仓: 5965.12万$
[BTC126] 24h爆仓人数: 4.68万人
[BTC126] 全网持仓: 60.81亿$
[计算] 恐惧贪婪指数 = 4.68万人 / 60.81亿$ = 0.08
[保存] 恐惧贪婪指数: 0.08 (级别: low)
[爆仓] 1h: 500.25万$ | 24h: 5965.12万$
[数据] 24h爆仓人数: 4.68万人 | 全网持仓: 60.81亿$
[公式] 恐惧贪婪指数 = 4.68万人 / 60.81亿$ = 0.08
[来源] btc126.com 真实数据
[等待] 下次采集: 3分钟后

[2026-03-16 02:08:09] 开始采集恐慌指数...
[价格] BTC: 71801.1 (1.73%)
[价格] ETH: 2110.4 (1.71%)
[价格] BNB: 661.9 (1.36%)
[价格] XRP: 1.4202 (2.23%)
[价格] SOL: 88.54 (1.88%)
[BTC126] 1h爆仓: 505.97万$
[BTC126] 24h爆仓: 5982.87万$
[BTC126] 24h爆仓人数: 4.69万人
[BTC126] 全网持仓: 60.83亿$
[计算] 恐惧贪婪指数 = 4.69万人 / 60.83亿$ = 0.08
[保存] 恐惧贪婪指数: 0.08 (级别: low)
[爆仓] 1h: 505.97万$ | 24h: 5982.87万$
[数据] 24h爆仓人数: 4.69万人 | 全网持仓: 60.83亿$
[公式] 恐惧贪婪指数 = 4.69万人 / 60.83亿$ = 0.08
[来源] btc126.com 真实数据
[等待] 下次采集: 3分钟后

[2026-03-16 02:11:14] 开始采集恐慌指数...
[价格] BTC: 71757.0 (1.65%)
[价格] ETH: 2109.0 (1.67%)
[价格] BNB: 661.9 (1.36%)
[价格] XRP: 1.4201 (2.19%)
[价格] SOL: 88.6 (1.93%)
[BTC126] 1h爆仓: 534.2万$
[BTC126] 24h爆仓: 6010.41万$
[BTC126] 24h爆仓人数: 4.7万人
[BTC126] 全网持仓: 60.81亿$
[计算] 恐惧贪婪指数 = 4.7万人 / 60.81亿$ = 0.08
[保存] 恐惧贪婪指数: 0.08 (级别: low)
[爆仓] 1h: 534.2万$ | 24h: 6010.41万$
[数据] 24h爆仓人数: 4.7万人 | 全网持仓: 60.81亿$
[公式] 恐惧贪婪指数 = 4.7万人 / 60.81亿$ = 0.08
[来源] btc126.com 真实数据
[等待] 下次采集: 3分钟后

[2026-03-16 02:14:23] 开始采集恐慌指数...
[价格] BTC: 71716.8 (1.62%)
[价格] ETH: 2108.1 (1.66%)
[价格] BNB: 661.3 (1.33%)
[价格] XRP: 1.4183 (2.12%)
[价格] SOL: 88.51 (1.89%)
[BTC126] 1h爆仓: 535.11万$
[BTC126] 24h爆仓: 6012.28万$
[BTC126] 24h爆仓人数: 4.7万人
[BTC126] 全网持仓: 60.78亿$
[计算] 恐惧贪婪指数 = 4.7万人 / 60.78亿$ = 0.08
[保存] 恐惧贪婪指数: 0.08 (级别: low)
[爆仓] 1h: 535.11万$ | 24h: 6012.28万$
[数据] 24h爆仓人数: 4.7万人 | 全网持仓: 60.78亿$
[公式] 恐惧贪婪指数 = 4.7万人 / 60.78亿$ = 0.08
[来源] btc126.com 真实数据
[等待] 下次采集: 3分钟后

[2026-03-16 02:17:29] 开始采集恐慌指数...
[价格] BTC: 71738.1 (1.63%)
[价格] ETH: 2108.88 (1.72%)
[价格] BNB: 661.2 (1.32%)
[价格] XRP: 1.4184 (2.07%)
[价格] SOL: 88.54 (1.95%)
[BTC126] 1h爆仓: 537.46万$
[BTC126] 24h爆仓: 6002.83万$
[BTC126] 24h爆仓人数: 4.69万人
[BTC126] 全网持仓: 60.79亿$
[计算] 恐惧贪婪指数 = 4.69万人 / 60.79亿$ = 0.08
[保存] 恐惧贪婪指数: 0.08 (级别: low)
[爆仓] 1h: 537.46万$ | 24h: 6002.83万$
[数据] 24h爆仓人数: 4.69万人 | 全网持仓: 60.79亿$
[公式] 恐惧贪婪指数 = 4.69万人 / 60.79亿$ = 0.08
[来源] btc126.com 真实数据
[等待] 下次采集: 3分钟后

[2026-03-16 02:20:38] 开始采集恐慌指数...
[价格] BTC: 71735.1 (1.64%)
[价格] ETH: 2109.51 (1.75%)
[价格] BNB: 661.6 (1.41%)
[价格] XRP: 1.4184 (2.09%)
[价格] SOL: 88.56 (1.99%)
[BTC126] 1h爆仓: 536.61万$
[BTC126] 24h爆仓: 6005.86万$
[BTC126] 24h爆仓人数: 4.69万人
[BTC126] 全网持仓: 60.79亿$
[计算] 恐惧贪婪指数 = 4.69万人 / 60.79亿$ = 0.08
[保存] 恐惧贪婪指数: 0.08 (级别: low)
[爆仓] 1h: 536.61万$ | 24h: 6005.86万$
[数据] 24h爆仓人数: 4.69万人 | 全网持仓: 60.79亿$
[公式] 恐惧贪婪指数 = 4.69万人 / 60.79亿$ = 0.08
[来源] btc126.com 真实数据
[等待] 下次采集: 3分钟后

[2026-03-16 02:23:43] 开始采集恐慌指数...
[价格] BTC: 71702.0 (1.59%)
[价格] ETH: 2107.89 (1.66%)
[价格] BNB: 661.3 (1.36%)
[价格] XRP: 1.418 (2.08%)
[价格] SOL: 88.57 (1.98%)
[BTC126] 1h爆仓: 552.98万$
[BTC126] 24h爆仓: 6021.44万$
[BTC126] 24h爆仓人数: 4.69万人
[BTC126] 全网持仓: 60.76亿$
[计算] 恐惧贪婪指数 = 4.69万人 / 60.76亿$ = 0.08
[保存] 恐惧贪婪指数: 0.08 (级别: low)
[爆仓] 1h: 552.98万$ | 24h: 6021.44万$
[数据] 24h爆仓人数: 4.69万人 | 全网持仓: 60.76亿$
[公式] 恐惧贪婪指数 = 4.69万人 / 60.76亿$ = 0.08
[来源] btc126.com 真实数据
[等待] 下次采集: 3分钟后

[2026-03-16 02:26:50] 开始采集恐慌指数...
[价格] BTC: 71717.9 (1.59%)
[价格] ETH: 2108.69 (1.66%)
[价格] BNB: 661.6 (1.39%)
[价格] XRP: 1.4182 (2.03%)
[价格] SOL: 88.61 (1.97%)
[BTC126] 1h爆仓: 554.57万$
[BTC126] 24h爆仓: 6023.13万$
[BTC126] 24h爆仓人数: 4.68万人
[BTC126] 全网持仓: 60.78亿$
[计算] 恐惧贪婪指数 = 4.68万人 / 60.78亿$ = 0.08
[保存] 恐惧贪婪指数: 0.08 (级别: low)
[爆仓] 1h: 554.57万$ | 24h: 6023.13万$
[数据] 24h爆仓人数: 4.68万人 | 全网持仓: 60.78亿$
[公式] 恐惧贪婪指数 = 4.68万人 / 60.78亿$ = 0.08
[来源] btc126.com 真实数据
[等待] 下次采集: 3分钟后

[2026-03-16 02:29:56] 开始采集恐慌指数...
[价格] BTC: 71728.2 (1.58%)
[价格] ETH: 2108.37 (1.65%)
[价格] BNB: 661.2 (1.32%)
[价格] XRP: 1.4177 (1.96%)
[价格] SOL: 88.55 (1.85%)
[BTC126] 1h爆仓: 554.15万$
[BTC126] 24h爆仓: 6018.98万$
[BTC126] 24h爆仓人数: 4.68万人
[BTC126] 全网持仓: 60.79亿$
[计算] 恐惧贪婪指数 = 4.68万人 / 60.79亿$ = 0.08
[保存] 恐惧贪婪指数: 0.08 (级别: low)
[爆仓] 1h: 554.15万$ | 24h: 6018.98万$
[数据] 24h爆仓人数: 4.68万人 | 全网持仓: 60.79亿$
[公式] 恐惧贪婪指数 = 4.68万人 / 60.79亿$ = 0.08
[来源] btc126.com 真实数据
[等待] 下次采集: 3分钟后

[2026-03-16 02:33:03] 开始采集恐慌指数...
[价格] BTC: 71784.1 (1.58%)
[价格] ETH: 2110.81 (1.64%)
[价格] BNB: 661.5 (1.3%)
[价格] XRP: 1.4188 (1.99%)
[价格] SOL: 88.6 (1.8%)
[BTC126] 1h爆仓: 555.0万$
[BTC126] 24h爆仓: 6018.93万$
[BTC126] 24h爆仓人数: 4.67万人
[BTC126] 全网持仓: 60.84亿$
[计算] 恐惧贪婪指数 = 4.67万人 / 60.84亿$ = 0.08
[保存] 恐惧贪婪指数: 0.08 (级别: low)
[爆仓] 1h: 555.0万$ | 24h: 6018.93万$
[数据] 24h爆仓人数: 4.67万人 | 全网持仓: 60.84亿$
[公式] 恐惧贪婪指数 = 4.67万人 / 60.84亿$ = 0.08
[来源] btc126.com 真实数据
[等待] 下次采集: 3分钟后

[2026-03-16 02:36:11] 开始采集恐慌指数...
[价格] BTC: 71745.7 (1.57%)
[价格] ETH: 2110.88 (1.67%)
[价格] BNB: 661.5 (1.32%)
[价格] XRP: 1.4191 (2.05%)
[价格] SOL: 88.52 (1.77%)
[BTC126] 1h爆仓: 562.52万$
[BTC126] 24h爆仓: 6028.03万$
[BTC126] 24h爆仓人数: 4.68万人
[BTC126] 全网持仓: 60.67亿$
[计算] 恐惧贪婪指数 = 4.68万人 / 60.67亿$ = 0.08
[保存] 恐惧贪婪指数: 0.08 (级别: low)
[爆仓] 1h: 562.52万$ | 24h: 6028.03万$
[数据] 24h爆仓人数: 4.68万人 | 全网持仓: 60.67亿$
[公式] 恐惧贪婪指数 = 4.68万人 / 60.67亿$ = 0.08
[来源] btc126.com 真实数据
[等待] 下次采集: 3分钟后

[2026-03-16 02:39:20] 开始采集恐慌指数...
[价格] BTC: 71739.0 (1.56%)
[价格] ETH: 2111.3 (1.72%)
[价格] BNB: 661.4 (1.3%)
[价格] XRP: 1.4184 (1.98%)
[价格] SOL: 88.56 (1.86%)
[BTC126] 1h爆仓: 567.9万$
[BTC126] 24h爆仓: 6030.44万$
[BTC126] 24h爆仓人数: 4.68万人
[BTC126] 全网持仓: 60.65亿$
[计算] 恐惧贪婪指数 = 4.68万人 / 60.65亿$ = 0.08
[保存] 恐惧贪婪指数: 0.08 (级别: low)
[爆仓] 1h: 567.9万$ | 24h: 6030.44万$
[数据] 24h爆仓人数: 4.68万人 | 全网持仓: 60.65亿$
[公式] 恐惧贪婪指数 = 4.68万人 / 60.65亿$ = 0.08
[来源] btc126.com 真实数据
[等待] 下次采集: 3分钟后

[2026-03-16 02:42:24] 开始采集恐慌指数...
[价格] BTC: 71717.0 (1.47%)
[价格] ETH: 2110.44 (1.61%)
[价格] BNB: 661.5 (1.27%)
[价格] XRP: 1.4182 (1.91%)
[价格] SOL: 88.58 (1.77%)
[BTC126] 1h爆仓: 568.87万$
[BTC126] 24h爆仓: 6027.17万$
[BTC126] 24h爆仓人数: 4.68万人
[BTC126] 全网持仓: 60.64亿$
[计算] 恐惧贪婪指数 = 4.68万人 / 60.64亿$ = 0.08
[保存] 恐惧贪婪指数: 0.08 (级别: low)
[爆仓] 1h: 568.87万$ | 24h: 6027.17万$
[数据] 24h爆仓人数: 4.68万人 | 全网持仓: 60.64亿$
[公式] 恐惧贪婪指数 = 4.68万人 / 60.64亿$ = 0.08
[来源] btc126.com 真实数据
[等待] 下次采集: 3分钟后

[2026-03-16 02:45:27] 开始采集恐慌指数...
[价格] BTC: 71701.0 (1.5%)
[价格] ETH: 2109.7 (1.62%)
[价格] BNB: 661.2 (1.24%)
[价格] XRP: 1.4184 (1.96%)
[价格] SOL: 88.58 (1.82%)
[BTC126] 1h爆仓: 570.53万$
[BTC126] 24h爆仓: 6029.68万$
[BTC126] 24h爆仓人数: 4.68万人
[BTC126] 全网持仓: 60.63亿$
[计算] 恐惧贪婪指数 = 4.68万人 / 60.63亿$ = 0.08
[保存] 恐惧贪婪指数: 0.08 (级别: low)
[爆仓] 1h: 570.53万$ | 24h: 6029.68万$
[数据] 24h爆仓人数: 4.68万人 | 全网持仓: 60.63亿$
[公式] 恐惧贪婪指数 = 4.68万人 / 60.63亿$ = 0.08
[来源] btc126.com 真实数据
[等待] 下次采集: 3分钟后

[2026-03-16 02:48:31] 开始采集恐慌指数...
[价格] BTC: 71452.4 (1.12%)
[价格] ETH: 2100.45 (1.13%)
[价格] BNB: 659.2 (0.89%)
[价格] XRP: 1.4124 (1.5%)
[价格] SOL: 88.13 (1.29%)
[BTC126] 1h爆仓: 583.41万$
[BTC126] 24h爆仓: 6051.07万$
[BTC126] 24h爆仓人数: 4.69万人
[BTC126] 全网持仓: 60.47亿$
[计算] 恐惧贪婪指数 = 4.69万人 / 60.47亿$ = 0.08
[保存] 恐惧贪婪指数: 0.08 (级别: low)
[爆仓] 1h: 583.41万$ | 24h: 6051.07万$
[数据] 24h爆仓人数: 4.69万人 | 全网持仓: 60.47亿$
[公式] 恐惧贪婪指数 = 4.69万人 / 60.47亿$ = 0.08
[来源] btc126.com 真实数据
[等待] 下次采集: 3分钟后

[2026-03-16 02:51:36] 开始采集恐慌指数...
[价格] BTC: 71428.1 (1.09%)
[价格] ETH: 2099.63 (1.11%)
[价格] BNB: 658.9 (0.84%)
[价格] XRP: 1.4123 (1.52%)
[价格] SOL: 88.01 (1.17%)
[BTC126] 1h爆仓: 622.13万$
[BTC126] 24h爆仓: 6094.47万$
[BTC126] 24h爆仓人数: 4.7万人
[BTC126] 全网持仓: 60.29亿$
[计算] 恐惧贪婪指数 = 4.7万人 / 60.29亿$ = 0.08
[保存] 恐惧贪婪指数: 0.08 (级别: low)
[爆仓] 1h: 622.13万$ | 24h: 6094.47万$
[数据] 24h爆仓人数: 4.7万人 | 全网持仓: 60.29亿$
[公式] 恐惧贪婪指数 = 4.7万人 / 60.29亿$ = 0.08
[来源] btc126.com 真实数据
[等待] 下次采集: 3分钟后

[2026-03-16 02:54:41] 开始采集恐慌指数...
[价格] BTC: 71399.5 (1.04%)
[价格] ETH: 2099.31 (1.1%)
[价格] BNB: 658.6 (0.81%)
[价格] XRP: 1.4113 (1.44%)
[价格] SOL: 87.97 (1.08%)
[BTC126] 1h爆仓: 448.17万$
[BTC126] 24h爆仓: 6124.34万$
[BTC126] 24h爆仓人数: 4.72万人
[BTC126] 全网持仓: 60.23亿$
[计算] 恐惧贪婪指数 = 4.72万人 / 60.23亿$ = 0.08
[保存] 恐惧贪婪指数: 0.08 (级别: low)
[爆仓] 1h: 448.17万$ | 24h: 6124.34万$
[数据] 24h爆仓人数: 4.72万人 | 全网持仓: 60.23亿$
[公式] 恐惧贪婪指数 = 4.72万人 / 60.23亿$ = 0.08
[来源] btc126.com 真实数据
[等待] 下次采集: 3分钟后

[2026-03-16 02:57:46] 开始采集恐慌指数...
[价格] BTC: 71382.5 (1.01%)
[价格] ETH: 2098.7 (1.07%)
[价格] BNB: 658.5 (0.81%)
[价格] XRP: 1.4102 (1.37%)
[价格] SOL: 87.92 (1.02%)
[BTC126] 1h爆仓: 310.61万$
[BTC126] 24h爆仓: 6216.23万$
[BTC126] 24h爆仓人数: 4.73万人
[BTC126] 全网持仓: 60.22亿$
[计算] 恐惧贪婪指数 = 4.73万人 / 60.22亿$ = 0.08
[保存] 恐惧贪婪指数: 0.08 (级别: low)
[爆仓] 1h: 310.61万$ | 24h: 6216.23万$
[数据] 24h爆仓人数: 4.73万人 | 全网持仓: 60.22亿$
[公式] 恐惧贪婪指数 = 4.73万人 / 60.22亿$ = 0.08
[来源] btc126.com 真实数据
[等待] 下次采集: 3分钟后

[2026-03-16 03:00:56] 开始采集恐慌指数...
[价格] BTC: 71437.3 (1.14%)
[价格] ETH: 2100.89 (1.2%)
[价格] BNB: 658.5 (0.86%)
[价格] XRP: 1.4118 (1.52%)
[价格] SOL: 87.97 (1.17%)
[BTC126] 1h爆仓: 311.9万$
[BTC126] 24h爆仓: 6219.1万$
[BTC126] 24h爆仓人数: 4.74万人
[BTC126] 全网持仓: 60.25亿$
[计算] 恐惧贪婪指数 = 4.74万人 / 60.25亿$ = 0.08
[保存] 恐惧贪婪指数: 0.08 (级别: low)
[爆仓] 1h: 311.9万$ | 24h: 6219.1万$
[数据] 24h爆仓人数: 4.74万人 | 全网持仓: 60.25亿$
[公式] 恐惧贪婪指数 = 4.74万人 / 60.25亿$ = 0.08
[来源] btc126.com 真实数据
[等待] 下次采集: 3分钟后

[2026-03-16 03:04:03] 开始采集恐慌指数...
[价格] BTC: 71426.1 (1.1%)
[价格] ETH: 2103.26 (1.29%)
[价格] BNB: 658.7 (0.84%)
[价格] XRP: 1.4115 (1.53%)
[价格] SOL: 87.99 (1.13%)
[BTC126] 1h爆仓: 321.0万$
[BTC126] 24h爆仓: 6236.92万$
[BTC126] 24h爆仓人数: 4.75万人
[BTC126] 全网持仓: 60.26亿$
[计算] 恐惧贪婪指数 = 4.75万人 / 60.26亿$ = 0.08
[保存] 恐惧贪婪指数: 0.08 (级别: low)
[爆仓] 1h: 321.0万$ | 24h: 6236.92万$
[数据] 24h爆仓人数: 4.75万人 | 全网持仓: 60.26亿$
[公式] 恐惧贪婪指数 = 4.75万人 / 60.26亿$ = 0.08
[来源] btc126.com 真实数据
[等待] 下次采集: 3分钟后

[2026-03-16 03:07:08] 开始采集恐慌指数...
[价格] BTC: 71453.5 (1.11%)
[价格] ETH: 2104.41 (1.34%)
[价格] BNB: 659.0 (0.89%)
[价格] XRP: 1.4118 (1.5%)
[价格] SOL: 88.01 (1.17%)
[BTC126] 1h爆仓: 320.62万$
[BTC126] 24h爆仓: 6235.35万$
[BTC126] 24h爆仓人数: 4.75万人
[BTC126] 全网持仓: 60.2亿$
[计算] 恐惧贪婪指数 = 4.75万人 / 60.2亿$ = 0.08
[保存] 恐惧贪婪指数: 0.08 (级别: low)
[爆仓] 1h: 320.62万$ | 24h: 6235.35万$
[数据] 24h爆仓人数: 4.75万人 | 全网持仓: 60.2亿$
[公式] 恐惧贪婪指数 = 4.75万人 / 60.2亿$ = 0.08
[来源] btc126.com 真实数据
[等待] 下次采集: 3分钟后

[2026-03-16 03:10:15] 开始采集恐慌指数...
[价格] BTC: 71387.9 (1.02%)
[价格] ETH: 2103.31 (1.29%)
[价格] BNB: 658.7 (0.83%)
[价格] XRP: 1.4106 (1.46%)
[价格] SOL: 87.93 (1.1%)
[BTC126] 1h爆仓: 295.76万$
[BTC126] 24h爆仓: 6239.82万$
[BTC126] 24h爆仓人数: 4.75万人
[BTC126] 全网持仓: 60.15亿$
[计算] 恐惧贪婪指数 = 4.75万人 / 60.15亿$ = 0.08
[保存] 恐惧贪婪指数: 0.08 (级别: low)
[爆仓] 1h: 295.76万$ | 24h: 6239.82万$
[数据] 24h爆仓人数: 4.75万人 | 全网持仓: 60.15亿$
[公式] 恐惧贪婪指数 = 4.75万人 / 60.15亿$ = 0.08
[来源] btc126.com 真实数据
[等待] 下次采集: 3分钟后

[2026-03-16 03:13:22] 开始采集恐慌指数...
[价格] BTC: 71396.9 (1.01%)
[价格] ETH: 2105.74 (1.37%)
[价格] BNB: 658.7 (0.83%)
[价格] XRP: 1.4113 (1.47%)
[价格] SOL: 87.97 (1.15%)
[BTC126] 1h爆仓: 295.78万$
[BTC126] 24h爆仓: 6240.23万$
[BTC126] 24h爆仓人数: 4.75万人
[BTC126] 全网持仓: 60.2亿$
[计算] 恐惧贪婪指数 = 4.75万人 / 60.2亿$ = 0.08
[保存] 恐惧贪婪指数: 0.08 (级别: low)
[爆仓] 1h: 295.78万$ | 24h: 6240.23万$
[数据] 24h爆仓人数: 4.75万人 | 全网持仓: 60.2亿$
[公式] 恐惧贪婪指数 = 4.75万人 / 60.2亿$ = 0.08
[来源] btc126.com 真实数据
[等待] 下次采集: 3分钟后

[2026-03-16 03:16:29] 开始采集恐慌指数...
[价格] BTC: 71446.0 (1.06%)
[价格] ETH: 2109.29 (1.49%)
[价格] BNB: 659.6 (0.93%)
[价格] XRP: 1.4126 (1.55%)
[价格] SOL: 88.05 (1.18%)
[BTC126] 1h爆仓: 292.09万$
[BTC126] 24h爆仓: 6246.27万$
[BTC126] 24h爆仓人数: 4.75万人
[BTC126] 全网持仓: 60.2亿$
[计算] 恐惧贪婪指数 = 4.75万人 / 60.2亿$ = 0.08
[保存] 恐惧贪婪指数: 0.08 (级别: low)
[爆仓] 1h: 292.09万$ | 24h: 6246.27万$
[数据] 24h爆仓人数: 4.75万人 | 全网持仓: 60.2亿$
[公式] 恐惧贪婪指数 = 4.75万人 / 60.2亿$ = 0.08
[来源] btc126.com 真实数据
[等待] 下次采集: 3分钟后

[2026-03-16 03:19:36] 开始采集恐慌指数...
[价格] BTC: 71449.1 (1.1%)
[价格] ETH: 2108.77 (1.52%)
[价格] BNB: 659.4 (0.92%)
[价格] XRP: 1.4125 (1.56%)
[价格] SOL: 88.02 (1.16%)
[BTC126] 1h爆仓: 295.51万$
[BTC126] 24h爆仓: 6247.16万$
[BTC126] 24h爆仓人数: 4.75万人
[BTC126] 全网持仓: 60.2亿$
[计算] 恐惧贪婪指数 = 4.75万人 / 60.2亿$ = 0.08
[保存] 恐惧贪婪指数: 0.08 (级别: low)
[爆仓] 1h: 295.51万$ | 24h: 6247.16万$
[数据] 24h爆仓人数: 4.75万人 | 全网持仓: 60.2亿$
[公式] 恐惧贪婪指数 = 4.75万人 / 60.2亿$ = 0.08
[来源] btc126.com 真实数据
[等待] 下次采集: 3分钟后

[2026-03-16 03:22:41] 开始采集恐慌指数...
[价格] BTC: 71502.6 (1.18%)
[价格] ETH: 2110.1 (1.58%)
[价格] BNB: 659.8 (1.01%)
[价格] XRP: 1.4138 (1.69%)
[价格] SOL: 88.14 (1.32%)
[BTC126] 1h爆仓: 291.13万$
[BTC126] 24h爆仓: 6225.65万$
[BTC126] 24h爆仓人数: 4.72万人
[BTC126] 全网持仓: 60.25亿$
[计算] 恐惧贪婪指数 = 4.72万人 / 60.25亿$ = 0.08
[保存] 恐惧贪婪指数: 0.08 (级别: low)
[爆仓] 1h: 291.13万$ | 24h: 6225.65万$
[数据] 24h爆仓人数: 4.72万人 | 全网持仓: 60.25亿$
[公式] 恐惧贪婪指数 = 4.72万人 / 60.25亿$ = 0.08
[来源] btc126.com 真实数据
[等待] 下次采集: 3分钟后

[2026-03-16 03:25:54] 开始采集恐慌指数...
[价格] BTC: 71504.0 (1.18%)
[价格] ETH: 2110.6 (1.62%)
[价格] BNB: 659.9 (1.03%)
[价格] XRP: 1.4141 (1.7%)
[价格] SOL: 88.17 (1.38%)
[BTC126] 1h爆仓: 293.2万$
[BTC126] 24h爆仓: 6212.74万$
[BTC126] 24h爆仓人数: 4.71万人
[BTC126] 全网持仓: 60.23亿$
[计算] 恐惧贪婪指数 = 4.71万人 / 60.23亿$ = 0.08
[保存] 恐惧贪婪指数: 0.08 (级别: low)
[爆仓] 1h: 293.2万$ | 24h: 6212.74万$
[数据] 24h爆仓人数: 4.71万人 | 全网持仓: 60.23亿$
[公式] 恐惧贪婪指数 = 4.71万人 / 60.23亿$ = 0.08
[来源] btc126.com 真实数据
[等待] 下次采集: 3分钟后

[2026-03-16 03:28:57] 开始采集恐慌指数...
[价格] BTC: 71547.0 (1.24%)
[价格] ETH: 2112.67 (1.69%)
[价格] BNB: 660.4 (1.09%)
[价格] XRP: 1.4151 (1.78%)
[价格] SOL: 88.28 (1.51%)
[BTC126] 1h爆仓: 291.57万$
[BTC126] 24h爆仓: 6213.49万$
[BTC126] 24h爆仓人数: 4.71万人
[BTC126] 全网持仓: 60.27亿$
[计算] 恐惧贪婪指数 = 4.71万人 / 60.27亿$ = 0.08
[保存] 恐惧贪婪指数: 0.08 (级别: low)
[爆仓] 1h: 291.57万$ | 24h: 6213.49万$
[数据] 24h爆仓人数: 4.71万人 | 全网持仓: 60.27亿$
[公式] 恐惧贪婪指数 = 4.71万人 / 60.27亿$ = 0.08
[来源] btc126.com 真实数据
[等待] 下次采集: 3分钟后

[2026-03-16 03:32:01] 开始采集恐慌指数...
[价格] BTC: 71521.0 (1.18%)
[价格] ETH: 2111.1 (1.61%)
[价格] BNB: 660.1 (0.99%)
[价格] XRP: 1.4141 (1.7%)
[价格] SOL: 88.15 (1.35%)
[BTC126] 1h爆仓: 292.52万$
[BTC126] 24h爆仓: 6213.62万$
[BTC126] 24h爆仓人数: 4.71万人
[BTC126] 全网持仓: 60.24亿$
[计算] 恐惧贪婪指数 = 4.71万人 / 60.24亿$ = 0.08
[保存] 恐惧贪婪指数: 0.08 (级别: low)
[爆仓] 1h: 292.52万$ | 24h: 6213.62万$
[数据] 24h爆仓人数: 4.71万人 | 全网持仓: 60.24亿$
[公式] 恐惧贪婪指数 = 4.71万人 / 60.24亿$ = 0.08
[来源] btc126.com 真实数据
[等待] 下次采集: 3分钟后

[2026-03-16 03:35:07] 开始采集恐慌指数...
[价格] BTC: 71536.0 (1.24%)
[价格] ETH: 2112.4 (1.7%)
[价格] BNB: 660.2 (1.04%)
[价格] XRP: 1.4148 (1.79%)
[价格] SOL: 88.22 (1.43%)
[BTC126] 1h爆仓: 288.93万$
[BTC126] 24h爆仓: 6214.14万$
[BTC126] 24h爆仓人数: 4.71万人
[BTC126] 全网持仓: 60.26亿$
[计算] 恐惧贪婪指数 = 4.71万人 / 60.26亿$ = 0.08
[保存] 恐惧贪婪指数: 0.08 (级别: low)
[爆仓] 1h: 288.93万$ | 24h: 6214.14万$
[数据] 24h爆仓人数: 4.71万人 | 全网持仓: 60.26亿$
[公式] 恐惧贪婪指数 = 4.71万人 / 60.26亿$ = 0.08
[来源] btc126.com 真实数据
[等待] 下次采集: 3分钟后

[2026-03-16 03:38:11] 开始采集恐慌指数...
[价格] BTC: 71500.1 (1.17%)
[价格] ETH: 2110.91 (1.61%)
[价格] BNB: 659.9 (0.95%)
[价格] XRP: 1.4128 (1.63%)
[价格] SOL: 88.14 (1.3%)
[BTC126] 1h爆仓: 280.14万$
[BTC126] 24h爆仓: 6214.6万$
[BTC126] 24h爆仓人数: 4.7万人
[BTC126] 全网持仓: 60.23亿$
[计算] 恐惧贪婪指数 = 4.7万人 / 60.23亿$ = 0.08
[保存] 恐惧贪婪指数: 0.08 (级别: low)
[爆仓] 1h: 280.14万$ | 24h: 6214.6万$
[数据] 24h爆仓人数: 4.7万人 | 全网持仓: 60.23亿$
[公式] 恐惧贪婪指数 = 4.7万人 / 60.23亿$ = 0.08
[来源] btc126.com 真实数据
[等待] 下次采集: 3分钟后

[2026-03-16 03:41:23] 开始采集恐慌指数...
[价格] BTC: 71495.0 (1.13%)
[价格] ETH: 2111.09 (1.6%)
[价格] BNB: 660.0 (0.93%)
[价格] XRP: 1.4127 (1.6%)
[价格] SOL: 88.17 (1.3%)
[BTC126] 1h爆仓: 283.38万$
[BTC126] 24h爆仓: 6217.85万$
[BTC126] 24h爆仓人数: 4.71万人
[BTC126] 全网持仓: 60.22亿$
[计算] 恐惧贪婪指数 = 4.71万人 / 60.22亿$ = 0.08
[保存] 恐惧贪婪指数: 0.08 (级别: low)
[爆仓] 1h: 283.38万$ | 24h: 6217.85万$
[数据] 24h爆仓人数: 4.71万人 | 全网持仓: 60.22亿$
[公式] 恐惧贪婪指数 = 4.71万人 / 60.22亿$ = 0.08
[来源] btc126.com 真实数据
[等待] 下次采集: 3分钟后

[2026-03-16 03:44:31] 开始采集恐慌指数...
[价格] BTC: 71500.7 (1.1%)
[价格] ETH: 2110.63 (1.54%)
[价格] BNB: 660.1 (0.95%)
[价格] XRP: 1.4123 (1.56%)
[价格] SOL: 88.14 (1.24%)
[BTC126] 1h爆仓: 278.76万$
[BTC126] 24h爆仓: 6218.61万$
[BTC126] 24h爆仓人数: 4.71万人
[错误] 获取BTC126持仓数据失败: HTTPSConnectionPool(host='api.btc126.com', port=443): Read timed out. (read timeout=10)
[计算] 恐惧贪婪指数 = 4.71万人 / 0亿$ = 0
[保存] 恐惧贪婪指数: 0 (级别: low)
[爆仓] 1h: 278.76万$ | 24h: 6218.61万$
[数据] 24h爆仓人数: 4.71万人 | 全网持仓: 0亿$
[公式] 恐惧贪婪指数 = 4.71万人 / 0亿$ = 0
[来源] btc126.com 真实数据
[等待] 下次采集: 3分钟后

[2026-03-16 03:47:47] 开始采集恐慌指数...
[价格] BTC: 71490.4 (1.1%)
[价格] ETH: 2110.37 (1.54%)
[价格] BNB: 659.8 (0.89%)
[价格] XRP: 1.4119 (1.52%)
[价格] SOL: 88.1 (1.24%)
[BTC126] 1h爆仓: 281.3万$
[BTC126] 24h爆仓: 6212.08万$
[BTC126] 24h爆仓人数: 4.71万人
[BTC126] 全网持仓: 60.2亿$
[计算] 恐惧贪婪指数 = 4.71万人 / 60.2亿$ = 0.08
[保存] 恐惧贪婪指数: 0.08 (级别: low)
[爆仓] 1h: 281.3万$ | 24h: 6212.08万$
[数据] 24h爆仓人数: 4.71万人 | 全网持仓: 60.2亿$
[公式] 恐惧贪婪指数 = 4.71万人 / 60.2亿$ = 0.08
[来源] btc126.com 真实数据
[等待] 下次采集: 3分钟后

[2026-03-16 03:50:53] 开始采集恐慌指数...
[价格] BTC: 71514.6 (1.14%)
[价格] ETH: 2110.65 (1.55%)
[价格] BNB: 659.9 (0.9%)
[价格] XRP: 1.4117 (1.51%)
[价格] SOL: 88.08 (1.19%)
[BTC126] 1h爆仓: 202.54万$
[BTC126] 24h爆仓: 6213.22万$
[BTC126] 24h爆仓人数: 4.71万人
[BTC126] 全网持仓: 60.21亿$
[计算] 恐惧贪婪指数 = 4.71万人 / 60.21亿$ = 0.08
[保存] 恐惧贪婪指数: 0.08 (级别: low)
[爆仓] 1h: 202.54万$ | 24h: 6213.22万$
[数据] 24h爆仓人数: 4.71万人 | 全网持仓: 60.21亿$
[公式] 恐惧贪婪指数 = 4.71万人 / 60.21亿$ = 0.08
[来源] btc126.com 真实数据
[等待] 下次采集: 3分钟后

[2026-03-16 03:53:57] 开始采集恐慌指数...
[价格] BTC: 71495.1 (1.12%)
[价格] ETH: 2109.64 (1.55%)
[价格] BNB: 659.9 (0.93%)
[价格] XRP: 1.4115 (1.52%)
[价格] SOL: 88.01 (1.15%)
[BTC126] 1h爆仓: 184.77万$
[BTC126] 24h爆仓: 6214.13万$
[BTC126] 24h爆仓人数: 4.71万人
[BTC126] 全网持仓: 60.25亿$
[计算] 恐惧贪婪指数 = 4.71万人 / 60.25亿$ = 0.08
[保存] 恐惧贪婪指数: 0.08 (级别: low)
[爆仓] 1h: 184.77万$ | 24h: 6214.13万$
[数据] 24h爆仓人数: 4.71万人 | 全网持仓: 60.25亿$
[公式] 恐惧贪婪指数 = 4.71万人 / 60.25亿$ = 0.08
[来源] btc126.com 真实数据
[等待] 下次采集: 3分钟后

[2026-03-16 03:57:02] 开始采集恐慌指数...
[价格] BTC: 71519.2 (1.18%)
[价格] ETH: 2112.09 (1.69%)
[价格] BNB: 660.2 (0.98%)
[价格] XRP: 1.4125 (1.6%)
[价格] SOL: 88.14 (1.36%)
[BTC126] 1h爆仓: 118.18万$
[BTC126] 24h爆仓: 6234.3万$
[BTC126] 24h爆仓人数: 4.72万人
[BTC126] 全网持仓: 60.27亿$
[计算] 恐惧贪婪指数 = 4.72万人 / 60.27亿$ = 0.08
[保存] 恐惧贪婪指数: 0.08 (级别: low)
[爆仓] 1h: 118.18万$ | 24h: 6234.3万$
[数据] 24h爆仓人数: 4.72万人 | 全网持仓: 60.27亿$
[公式] 恐惧贪婪指数 = 4.72万人 / 60.27亿$ = 0.08
[来源] btc126.com 真实数据
[等待] 下次采集: 3分钟后

[2026-03-16 04:00:09] 开始采集恐慌指数...
[价格] BTC: 71549.0 (1.19%)
[价格] ETH: 2113.8 (1.74%)
[价格] BNB: 660.5 (1.06%)
[价格] XRP: 1.4127 (1.6%)
[价格] SOL: 88.2 (1.37%)
[BTC126] 1h爆仓: 124.73万$
[BTC126] 24h爆仓: 6247.82万$
[BTC126] 24h爆仓人数: 4.74万人
[BTC126] 全网持仓: 60.3亿$
[计算] 恐惧贪婪指数 = 4.74万人 / 60.3亿$ = 0.08
[保存] 恐惧贪婪指数: 0.08 (级别: low)
[爆仓] 1h: 124.73万$ | 24h: 6247.82万$
[数据] 24h爆仓人数: 4.74万人 | 全网持仓: 60.3亿$
[公式] 恐惧贪婪指数 = 4.74万人 / 60.3亿$ = 0.08
[来源] btc126.com 真实数据
[等待] 下次采集: 3分钟后

[2026-03-16 04:03:13] 开始采集恐慌指数...
[价格] BTC: 71514.1 (1.18%)
[价格] ETH: 2112.12 (1.71%)
[价格] BNB: 660.6 (1.1%)
[价格] XRP: 1.4116 (1.56%)
[价格] SOL: 88.13 (1.38%)
[BTC126] 1h爆仓: 115.96万$
[BTC126] 24h爆仓: 6249.35万$
[BTC126] 24h爆仓人数: 4.73万人
[BTC126] 全网持仓: 60.26亿$
[计算] 恐惧贪婪指数 = 4.73万人 / 60.26亿$ = 0.08
[保存] 恐惧贪婪指数: 0.08 (级别: low)
[爆仓] 1h: 115.96万$ | 24h: 6249.35万$
[数据] 24h爆仓人数: 4.73万人 | 全网持仓: 60.26亿$
[公式] 恐惧贪婪指数 = 4.73万人 / 60.26亿$ = 0.08
[来源] btc126.com 真实数据
[等待] 下次采集: 3分钟后

[2026-03-16 04:06:17] 开始采集恐慌指数...
[价格] BTC: 71542.8 (1.27%)
[价格] ETH: 2113.27 (1.75%)
[价格] BNB: 660.4 (1.06%)
[价格] XRP: 1.4124 (1.65%)
[价格] SOL: 88.21 (1.52%)
[BTC126] 1h爆仓: 115.26万$
[BTC126] 24h爆仓: 6249.49万$
[BTC126] 24h爆仓人数: 4.73万人
[BTC126] 全网持仓: 60.29亿$
[计算] 恐惧贪婪指数 = 4.73万人 / 60.29亿$ = 0.08
[保存] 恐惧贪婪指数: 0.08 (级别: low)
[爆仓] 1h: 115.26万$ | 24h: 6249.49万$
[数据] 24h爆仓人数: 4.73万人 | 全网持仓: 60.29亿$
[公式] 恐惧贪婪指数 = 4.73万人 / 60.29亿$ = 0.08
[来源] btc126.com 真实数据
[等待] 下次采集: 3分钟后

[2026-03-16 04:09:21] 开始采集恐慌指数...
[价格] BTC: 71520.2 (1.18%)
[价格] ETH: 2112.01 (1.66%)
[价格] BNB: 660.5 (1.02%)
[价格] XRP: 1.4113 (1.57%)
[价格] SOL: 88.11 (1.33%)
[BTC126] 1h爆仓: 136.88万$
[BTC126] 24h爆仓: 6266.81万$
[BTC126] 24h爆仓人数: 4.74万人
[BTC126] 全网持仓: 60.27亿$
[计算] 恐惧贪婪指数 = 4.74万人 / 60.27亿$ = 0.08
[保存] 恐惧贪婪指数: 0.08 (级别: low)
[爆仓] 1h: 136.88万$ | 24h: 6266.81万$
[数据] 24h爆仓人数: 4.74万人 | 全网持仓: 60.27亿$
[公式] 恐惧贪婪指数 = 4.74万人 / 60.27亿$ = 0.08
[来源] btc126.com 真实数据
[等待] 下次采集: 3分钟后

[2026-03-16 04:12:26] 开始采集恐慌指数...
[价格] BTC: 71531.2 (1.2%)
[价格] ETH: 2112.93 (1.69%)
[价格] BNB: 660.5 (1.07%)
[价格] XRP: 1.4108 (1.56%)
[价格] SOL: 88.11 (1.39%)
[BTC126] 1h爆仓: 138.61万$
[BTC126] 24h爆仓: 6264.24万$
[BTC126] 24h爆仓人数: 4.75万人
[BTC126] 全网持仓: 60.27亿$
[计算] 恐惧贪婪指数 = 4.75万人 / 60.27亿$ = 0.08
[保存] 恐惧贪婪指数: 0.08 (级别: low)
[爆仓] 1h: 138.61万$ | 24h: 6264.24万$
[数据] 24h爆仓人数: 4.75万人 | 全网持仓: 60.27亿$
[公式] 恐惧贪婪指数 = 4.75万人 / 60.27亿$ = 0.08
[来源] btc126.com 真实数据
[等待] 下次采集: 3分钟后

[2026-03-16 04:15:31] 开始采集恐慌指数...
[价格] BTC: 71533.5 (1.18%)
[价格] ETH: 2112.2 (1.63%)
[价格] BNB: 660.2 (0.99%)
[价格] XRP: 1.4114 (1.58%)
[价格] SOL: 88.06 (1.29%)
[BTC126] 1h爆仓: 144.63万$
[BTC126] 24h爆仓: 6266.15万$
[BTC126] 24h爆仓人数: 4.75万人
[BTC126] 全网持仓: 60.27亿$
[计算] 恐惧贪婪指数 = 4.75万人 / 60.27亿$ = 0.08
[保存] 恐惧贪婪指数: 0.08 (级别: low)
[爆仓] 1h: 144.63万$ | 24h: 6266.15万$
[数据] 24h爆仓人数: 4.75万人 | 全网持仓: 60.27亿$
[公式] 恐惧贪婪指数 = 4.75万人 / 60.27亿$ = 0.08
[来源] btc126.com 真实数据
[等待] 下次采集: 3分钟后

[2026-03-16 04:18:37] 开始采集恐慌指数...
[价格] BTC: 71547.5 (1.18%)
[价格] ETH: 2112.38 (1.62%)
[价格] BNB: 660.2 (1.03%)
[价格] XRP: 1.4115 (1.59%)
[价格] SOL: 88.12 (1.36%)
[BTC126] 1h爆仓: 129.74万$
[BTC126] 24h爆仓: 6250.69万$
[BTC126] 24h爆仓人数: 4.73万人
[BTC126] 全网持仓: 60.29亿$
[计算] 恐惧贪婪指数 = 4.73万人 / 60.29亿$ = 0.08
[保存] 恐惧贪婪指数: 0.08 (级别: low)
[爆仓] 1h: 129.74万$ | 24h: 6250.69万$
[数据] 24h爆仓人数: 4.73万人 | 全网持仓: 60.29亿$
[公式] 恐惧贪婪指数 = 4.73万人 / 60.29亿$ = 0.08
[来源] btc126.com 真实数据
[等待] 下次采集: 3分钟后

[2026-03-16 04:21:42] 开始采集恐慌指数...
[价格] BTC: 71513.3 (1.1%)
[价格] ETH: 2111.89 (1.55%)
[价格] BNB: 659.9 (0.96%)
[价格] XRP: 1.4122 (1.57%)
[价格] SOL: 88.09 (1.28%)
[BTC126] 1h爆仓: 129.67万$
[BTC126] 24h爆仓: 6248.59万$
[BTC126] 24h爆仓人数: 4.73万人
[BTC126] 全网持仓: 60.27亿$
[计算] 恐惧贪婪指数 = 4.73万人 / 60.27亿$ = 0.08
[保存] 恐惧贪婪指数: 0.08 (级别: low)
[爆仓] 1h: 129.67万$ | 24h: 6248.59万$
[数据] 24h爆仓人数: 4.73万人 | 全网持仓: 60.27亿$
[公式] 恐惧贪婪指数 = 4.73万人 / 60.27亿$ = 0.08
[来源] btc126.com 真实数据
[等待] 下次采集: 3分钟后

[2026-03-16 04:24:47] 开始采集恐慌指数...
[价格] BTC: 71514.0 (1.13%)
[价格] ETH: 2112.69 (1.59%)
[价格] BNB: 660.0 (0.98%)
[价格] XRP: 1.4126 (1.53%)
[价格] SOL: 88.15 (1.37%)
[BTC126] 1h爆仓: 129.06万$
[BTC126] 24h爆仓: 6247.78万$
[BTC126] 24h爆仓人数: 4.73万人
[BTC126] 全网持仓: 60.29亿$
[计算] 恐惧贪婪指数 = 4.73万人 / 60.29亿$ = 0.08
[保存] 恐惧贪婪指数: 0.08 (级别: low)
[爆仓] 1h: 129.06万$ | 24h: 6247.78万$
[数据] 24h爆仓人数: 4.73万人 | 全网持仓: 60.29亿$
[公式] 恐惧贪婪指数 = 4.73万人 / 60.29亿$ = 0.08
[来源] btc126.com 真实数据
[等待] 下次采集: 3分钟后

[2026-03-16 04:27:53] 开始采集恐慌指数...
[价格] BTC: 71446.7 (0.98%)
[价格] ETH: 2111.36 (1.5%)
[价格] BNB: 659.9 (0.98%)
[价格] XRP: 1.4118 (1.45%)
[价格] SOL: 88.01 (1.22%)
[BTC126] 1h爆仓: 131.16万$
[BTC126] 24h爆仓: 6247.88万$
[BTC126] 24h爆仓人数: 4.73万人
[BTC126] 全网持仓: 60.23亿$
[计算] 恐惧贪婪指数 = 4.73万人 / 60.23亿$ = 0.08
[保存] 恐惧贪婪指数: 0.08 (级别: low)
[爆仓] 1h: 131.16万$ | 24h: 6247.88万$
[数据] 24h爆仓人数: 4.73万人 | 全网持仓: 60.23亿$
[公式] 恐惧贪婪指数 = 4.73万人 / 60.23亿$ = 0.08
[来源] btc126.com 真实数据
[等待] 下次采集: 3分钟后

[2026-03-16 04:31:01] 开始采集恐慌指数...
[价格] BTC: 71710.9 (1.39%)
[价格] ETH: 2125.73 (2.26%)
[价格] BNB: 663.4 (1.5%)
[价格] XRP: 1.4192 (2.01%)
[价格] SOL: 88.6 (1.96%)
[BTC126] 1h爆仓: 134.27万$
[BTC126] 24h爆仓: 6249.27万$
[BTC126] 24h爆仓人数: 4.73万人
[BTC126] 全网持仓: 60.43亿$
[计算] 恐惧贪婪指数 = 4.73万人 / 60.43亿$ = 0.08
[保存] 恐惧贪婪指数: 0.08 (级别: low)
[爆仓] 1h: 134.27万$ | 24h: 6249.27万$
[数据] 24h爆仓人数: 4.73万人 | 全网持仓: 60.43亿$
[公式] 恐惧贪婪指数 = 4.73万人 / 60.43亿$ = 0.08
[来源] btc126.com 真实数据
[等待] 下次采集: 3分钟后

[2026-03-16 04:34:13] 开始采集恐慌指数...
[价格] BTC: 71635.0 (1.25%)
[价格] ETH: 2123.45 (2.1%)
[价格] BNB: 662.9 (1.42%)
[价格] XRP: 1.417 (1.77%)
[价格] SOL: 88.52 (1.86%)
[BTC126] 1h爆仓: 281.44万$
[BTC126] 24h爆仓: 6395.58万$
[BTC126] 24h爆仓人数: 4.75万人
[BTC126] 全网持仓: 60.36亿$
[计算] 恐惧贪婪指数 = 4.75万人 / 60.36亿$ = 0.08
[保存] 恐惧贪婪指数: 0.08 (级别: low)
[爆仓] 1h: 281.44万$ | 24h: 6395.58万$
[数据] 24h爆仓人数: 4.75万人 | 全网持仓: 60.36亿$
[公式] 恐惧贪婪指数 = 4.75万人 / 60.36亿$ = 0.08
[来源] btc126.com 真实数据
[等待] 下次采集: 3分钟后

[2026-03-16 04:37:16] 开始采集恐慌指数...
[价格] BTC: 71724.7 (1.39%)
[价格] ETH: 2128.35 (2.33%)
[价格] BNB: 663.3 (1.48%)
[价格] XRP: 1.4189 (1.9%)
[价格] SOL: 88.64 (1.98%)
[错误] 获取BTC126爆仓数据失败: HTTPSConnectionPool(host='api.btc126.com', port=443): Read timed out. (read timeout=10)
[BTC126] 全网持仓: 60.35亿$
[警告] 数据获取不完整，跳过本次采集
[等待] 下次采集: 3分钟后

[2026-03-16 04:40:31] 开始采集恐慌指数...
[价格] BTC: 71874.0 (1.56%)
[价格] ETH: 2137.1 (2.72%)
[价格] BNB: 664.8 (1.7%)
[价格] XRP: 1.4227 (2.21%)
[价格] SOL: 88.91 (2.32%)
[BTC126] 1h爆仓: 785.06万$
[BTC126] 24h爆仓: 6898.79万$
[BTC126] 24h爆仓人数: 4.8万人
[BTC126] 全网持仓: 60.49亿$
[计算] 恐惧贪婪指数 = 4.8万人 / 60.49亿$ = 0.08
[保存] 恐惧贪婪指数: 0.08 (级别: low)
[爆仓] 1h: 785.06万$ | 24h: 6898.79万$
[数据] 24h爆仓人数: 4.8万人 | 全网持仓: 60.49亿$
[公式] 恐惧贪婪指数 = 4.8万人 / 60.49亿$ = 0.08
[来源] btc126.com 真实数据
[等待] 下次采集: 3分钟后

[2026-03-16 04:43:35] 开始采集恐慌指数...
[价格] BTC: 71840.3 (1.45%)
[价格] ETH: 2130.64 (2.28%)
[价格] BNB: 664.3 (1.54%)
[价格] XRP: 1.4202 (1.94%)
[价格] SOL: 88.79 (2.03%)
[BTC126] 1h爆仓: 805.99万$
[BTC126] 24h爆仓: 6905.68万$
[BTC126] 24h爆仓人数: 4.81万人
[BTC126] 全网持仓: 60.45亿$
[计算] 恐惧贪婪指数 = 4.81万人 / 60.45亿$ = 0.08
[保存] 恐惧贪婪指数: 0.08 (级别: low)
[爆仓] 1h: 805.99万$ | 24h: 6905.68万$
[数据] 24h爆仓人数: 4.81万人 | 全网持仓: 60.45亿$
[公式] 恐惧贪婪指数 = 4.81万人 / 60.45亿$ = 0.08
[来源] btc126.com 真实数据
[等待] 下次采集: 3分钟后

[2026-03-16 04:46:41] 开始采集恐慌指数...
[价格] BTC: 71771.2 (1.37%)
[价格] ETH: 2129.44 (2.23%)
[价格] BNB: 664.2 (1.53%)
[价格] XRP: 1.4188 (1.87%)
[价格] SOL: 88.77 (1.98%)
[BTC126] 1h爆仓: 808.74万$
[BTC126] 24h爆仓: 6888.71万$
[BTC126] 24h爆仓人数: 4.8万人
[BTC126] 全网持仓: 60.53亿$
[计算] 恐惧贪婪指数 = 4.8万人 / 60.53亿$ = 0.08
[保存] 恐惧贪婪指数: 0.08 (级别: low)
[爆仓] 1h: 808.74万$ | 24h: 6888.71万$
[数据] 24h爆仓人数: 4.8万人 | 全网持仓: 60.53亿$
[公式] 恐惧贪婪指数 = 4.8万人 / 60.53亿$ = 0.08
[来源] btc126.com 真实数据
[等待] 下次采集: 3分钟后

[2026-03-16 04:49:49] 开始采集恐慌指数...
[价格] BTC: 71789.8 (1.35%)
[价格] ETH: 2129.94 (2.07%)
[价格] BNB: 664.1 (1.51%)
[价格] XRP: 1.4194 (1.93%)
[价格] SOL: 88.79 (1.91%)
[BTC126] 1h爆仓: 815.37万$
[BTC126] 24h爆仓: 6866.84万$
[BTC126] 24h爆仓人数: 4.81万人
[BTC126] 全网持仓: 60.55亿$
[计算] 恐惧贪婪指数 = 4.81万人 / 60.55亿$ = 0.08
[保存] 恐惧贪婪指数: 0.08 (级别: low)
[爆仓] 1h: 815.37万$ | 24h: 6866.84万$
[数据] 24h爆仓人数: 4.81万人 | 全网持仓: 60.55亿$
[公式] 恐惧贪婪指数 = 4.81万人 / 60.55亿$ = 0.08
[来源] btc126.com 真实数据
[等待] 下次采集: 3分钟后

[2026-03-16 04:52:55] 开始采集恐慌指数...
[价格] BTC: 71769.4 (1.34%)
[价格] ETH: 2128.3 (2.03%)
[价格] BNB: 664.0 (1.5%)
[价格] XRP: 1.4186 (1.87%)
[价格] SOL: 88.75 (1.88%)
[BTC126] 1h爆仓: 816.26万$
[BTC126] 24h爆仓: 6855.12万$
[BTC126] 24h爆仓人数: 4.8万人
[BTC126] 全网持仓: 60.52亿$
[计算] 恐惧贪婪指数 = 4.8万人 / 60.52亿$ = 0.08
[保存] 恐惧贪婪指数: 0.08 (级别: low)
[爆仓] 1h: 816.26万$ | 24h: 6855.12万$
[数据] 24h爆仓人数: 4.8万人 | 全网持仓: 60.52亿$
[公式] 恐惧贪婪指数 = 4.8万人 / 60.52亿$ = 0.08
[来源] btc126.com 真实数据
[等待] 下次采集: 3分钟后

[2026-03-16 04:56:00] 开始采集恐慌指数...
[价格] BTC: 71733.0 (1.27%)
[价格] ETH: 2129.64 (2.05%)
[价格] BNB: 664.0 (1.5%)
[价格] XRP: 1.4182 (1.8%)
[价格] SOL: 88.77 (1.92%)
[BTC126] 1h爆仓: 787.81万$
[BTC126] 24h爆仓: 6853.25万$
[BTC126] 24h爆仓人数: 4.8万人
[BTC126] 全网持仓: 60.49亿$
[计算] 恐惧贪婪指数 = 4.8万人 / 60.49亿$ = 0.08
[保存] 恐惧贪婪指数: 0.08 (级别: low)
[爆仓] 1h: 787.81万$ | 24h: 6853.25万$
[数据] 24h爆仓人数: 4.8万人 | 全网持仓: 60.49亿$
[公式] 恐惧贪婪指数 = 4.8万人 / 60.49亿$ = 0.08
[来源] btc126.com 真实数据
[等待] 下次采集: 3分钟后

[2026-03-16 04:59:05] 开始采集恐慌指数...
[价格] BTC: 71745.2 (1.33%)
[价格] ETH: 2129.5 (2.09%)
[价格] BNB: 663.9 (1.5%)
[价格] XRP: 1.4181 (1.77%)
[价格] SOL: 88.75 (1.91%)
[BTC126] 1h爆仓: 785.4万$
[BTC126] 24h爆仓: 6847.93万$
[BTC126] 24h爆仓人数: 4.79万人
[BTC126] 全网持仓: 60.5亿$
[计算] 恐惧贪婪指数 = 4.79万人 / 60.5亿$ = 0.08
[保存] 恐惧贪婪指数: 0.08 (级别: low)
[爆仓] 1h: 785.4万$ | 24h: 6847.93万$
[数据] 24h爆仓人数: 4.79万人 | 全网持仓: 60.5亿$
[公式] 恐惧贪婪指数 = 4.79万人 / 60.5亿$ = 0.08
[来源] btc126.com 真实数据
[等待] 下次采集: 3分钟后

[2026-03-16 05:02:10] 开始采集恐慌指数...
[价格] BTC: 71720.4 (1.34%)
[价格] ETH: 2130.31 (2.14%)
[价格] BNB: 663.9 (1.53%)
[价格] XRP: 1.4181 (1.82%)
[价格] SOL: 88.77 (2.02%)
[BTC126] 1h爆仓: 776.21万$
[BTC126] 24h爆仓: 6846.08万$
[BTC126] 24h爆仓人数: 4.79万人
[BTC126] 全网持仓: 60.51亿$
[计算] 恐惧贪婪指数 = 4.79万人 / 60.51亿$ = 0.08
[保存] 恐惧贪婪指数: 0.08 (级别: low)
[爆仓] 1h: 776.21万$ | 24h: 6846.08万$
[数据] 24h爆仓人数: 4.79万人 | 全网持仓: 60.51亿$
[公式] 恐惧贪婪指数 = 4.79万人 / 60.51亿$ = 0.08
[来源] btc126.com 真实数据
[等待] 下次采集: 3分钟后

[2026-03-16 05:05:17] 开始采集恐慌指数...
[价格] BTC: 71699.8 (1.36%)
[价格] ETH: 2130.15 (2.19%)
[价格] BNB: 664.0 (1.56%)
[价格] XRP: 1.4184 (1.89%)
[价格] SOL: 88.81 (2.1%)
[BTC126] 1h爆仓: 760.43万$
[BTC126] 24h爆仓: 6842.44万$
[BTC126] 24h爆仓人数: 4.79万人
[BTC126] 全网持仓: 60.48亿$
[计算] 恐惧贪婪指数 = 4.79万人 / 60.48亿$ = 0.08
[保存] 恐惧贪婪指数: 0.08 (级别: low)
[爆仓] 1h: 760.43万$ | 24h: 6842.44万$
[数据] 24h爆仓人数: 4.79万人 | 全网持仓: 60.48亿$
[公式] 恐惧贪婪指数 = 4.79万人 / 60.48亿$ = 0.08
[来源] btc126.com 真实数据
[等待] 下次采集: 3分钟后

[2026-03-16 05:08:37] 开始采集恐慌指数...
[价格] BTC: 71651.5 (1.31%)
[价格] ETH: 2126.29 (2.03%)
[价格] BNB: 663.4 (1.48%)
[价格] XRP: 1.4167 (1.78%)
[价格] SOL: 88.7 (2.04%)
[BTC126] 1h爆仓: 749.59万$
[BTC126] 24h爆仓: 6841.84万$
[BTC126] 24h爆仓人数: 4.78万人
[BTC126] 全网持仓: 60.44亿$
[计算] 恐惧贪婪指数 = 4.78万人 / 60.44亿$ = 0.08
[保存] 恐惧贪婪指数: 0.08 (级别: low)
[爆仓] 1h: 749.59万$ | 24h: 6841.84万$
[数据] 24h爆仓人数: 4.78万人 | 全网持仓: 60.44亿$
[公式] 恐惧贪婪指数 = 4.78万人 / 60.44亿$ = 0.08
[来源] btc126.com 真实数据
[等待] 下次采集: 3分钟后

[2026-03-16 05:11:44] 开始采集恐慌指数...
[价格] BTC: 71642.8 (1.3%)
[价格] ETH: 2125.42 (1.99%)
[价格] BNB: 662.9 (1.42%)
[价格] XRP: 1.4162 (1.72%)
[价格] SOL: 88.68 (2.04%)
[BTC126] 1h爆仓: 753.93万$
[BTC126] 24h爆仓: 6852.65万$
[BTC126] 24h爆仓人数: 4.78万人
[BTC126] 全网持仓: 60.43亿$
[计算] 恐惧贪婪指数 = 4.78万人 / 60.43亿$ = 0.08
[保存] 恐惧贪婪指数: 0.08 (级别: low)
[爆仓] 1h: 753.93万$ | 24h: 6852.65万$
[数据] 24h爆仓人数: 4.78万人 | 全网持仓: 60.43亿$
[公式] 恐惧贪婪指数 = 4.78万人 / 60.43亿$ = 0.08
[来源] btc126.com 真实数据
[等待] 下次采集: 3分钟后

[2026-03-16 05:15:15] 开始采集恐慌指数...
[价格] BTC: 71659.5 (1.37%)
[价格] ETH: 2124.39 (1.91%)
[价格] BNB: 663.1 (1.45%)
[价格] XRP: 1.416 (1.71%)
[价格] SOL: 88.63 (1.92%)
[BTC126] 1h爆仓: 753.2万$
[BTC126] 24h爆仓: 6852.94万$
[BTC126] 24h爆仓人数: 4.78万人
[BTC126] 全网持仓: 60.43亿$
[计算] 恐惧贪婪指数 = 4.78万人 / 60.43亿$ = 0.08
[保存] 恐惧贪婪指数: 0.08 (级别: low)
[爆仓] 1h: 753.2万$ | 24h: 6852.94万$
[数据] 24h爆仓人数: 4.78万人 | 全网持仓: 60.43亿$
[公式] 恐惧贪婪指数 = 4.78万人 / 60.43亿$ = 0.08
[来源] btc126.com 真实数据
[等待] 下次采集: 3分钟后

[2026-03-16 05:18:25] 开始采集恐慌指数...
[价格] BTC: 71708.0 (1.41%)
[价格] ETH: 2126.54 (1.99%)
[价格] BNB: 663.8 (1.58%)
[价格] XRP: 1.4168 (1.72%)
[价格] SOL: 88.79 (2.03%)
[BTC126] 1h爆仓: 755.47万$
[BTC126] 24h爆仓: 6856.98万$
[BTC126] 24h爆仓人数: 4.79万人
[BTC126] 全网持仓: 60.47亿$
[计算] 恐惧贪婪指数 = 4.79万人 / 60.47亿$ = 0.08
[保存] 恐惧贪婪指数: 0.08 (级别: low)
[爆仓] 1h: 755.47万$ | 24h: 6856.98万$
[数据] 24h爆仓人数: 4.79万人 | 全网持仓: 60.47亿$
[公式] 恐惧贪婪指数 = 4.79万人 / 60.47亿$ = 0.08
[来源] btc126.com 真实数据
[等待] 下次采集: 3分钟后

[2026-03-16 05:21:31] 开始采集恐慌指数...
[价格] BTC: 71725.0 (1.47%)
[价格] ETH: 2128.05 (2.13%)
[价格] BNB: 664.1 (1.62%)
[价格] XRP: 1.4186 (1.85%)
[价格] SOL: 88.82 (2.09%)
[BTC126] 1h爆仓: 754.1万$
[BTC126] 24h爆仓: 6855.66万$
[BTC126] 24h爆仓人数: 4.78万人
[BTC126] 全网持仓: 60.47亿$
[计算] 恐惧贪婪指数 = 4.78万人 / 60.47亿$ = 0.08
[保存] 恐惧贪婪指数: 0.08 (级别: low)
[爆仓] 1h: 754.1万$ | 24h: 6855.66万$
[数据] 24h爆仓人数: 4.78万人 | 全网持仓: 60.47亿$
[公式] 恐惧贪婪指数 = 4.78万人 / 60.47亿$ = 0.08
[来源] btc126.com 真实数据
[等待] 下次采集: 3分钟后

[2026-03-16 05:24:40] 开始采集恐慌指数...
[价格] BTC: 71739.0 (1.5%)
[价格] ETH: 2129.13 (2.18%)
[价格] BNB: 664.0 (1.61%)
[价格] XRP: 1.4187 (1.87%)
[价格] SOL: 88.84 (2.11%)
[BTC126] 1h爆仓: 774.29万$
[BTC126] 24h爆仓: 6877.41万$
[BTC126] 24h爆仓人数: 4.79万人
[BTC126] 全网持仓: 60.48亿$
[计算] 恐惧贪婪指数 = 4.79万人 / 60.48亿$ = 0.08
[保存] 恐惧贪婪指数: 0.08 (级别: low)
[爆仓] 1h: 774.29万$ | 24h: 6877.41万$
[数据] 24h爆仓人数: 4.79万人 | 全网持仓: 60.48亿$
[公式] 恐惧贪婪指数 = 4.79万人 / 60.48亿$ = 0.08
[来源] btc126.com 真实数据
[等待] 下次采集: 3分钟后

[2026-03-16 05:27:48] 开始采集恐慌指数...
[价格] BTC: 71803.0 (1.58%)
[价格] ETH: 2130.56 (2.29%)
[价格] BNB: 664.5 (1.7%)
[价格] XRP: 1.4201 (2.01%)
[价格] SOL: 88.96 (2.26%)
[BTC126] 1h爆仓: 775.56万$
[BTC126] 24h爆仓: 6879.0万$
[BTC126] 24h爆仓人数: 4.79万人
[BTC126] 全网持仓: 60.53亿$
[计算] 恐惧贪婪指数 = 4.79万人 / 60.53亿$ = 0.08
[保存] 恐惧贪婪指数: 0.08 (级别: low)
[爆仓] 1h: 775.56万$ | 24h: 6879.0万$
[数据] 24h爆仓人数: 4.79万人 | 全网持仓: 60.53亿$
[公式] 恐惧贪婪指数 = 4.79万人 / 60.53亿$ = 0.08
[来源] btc126.com 真实数据
[等待] 下次采集: 3分钟后

[2026-03-16 05:30:54] 开始采集恐慌指数...
[价格] BTC: 71791.8 (1.58%)
[价格] ETH: 2130.91 (2.3%)
[价格] BNB: 664.7 (1.71%)
[价格] XRP: 1.4198 (1.95%)
[价格] SOL: 88.86 (2.18%)
[BTC126] 1h爆仓: 769.88万$
[BTC126] 24h爆仓: 6878.99万$
[BTC126] 24h爆仓人数: 4.79万人
[BTC126] 全网持仓: 60.51亿$
[计算] 恐惧贪婪指数 = 4.79万人 / 60.51亿$ = 0.08
[保存] 恐惧贪婪指数: 0.08 (级别: low)
[爆仓] 1h: 769.88万$ | 24h: 6878.99万$
[数据] 24h爆仓人数: 4.79万人 | 全网持仓: 60.51亿$
[公式] 恐惧贪婪指数 = 4.79万人 / 60.51亿$ = 0.08
[来源] btc126.com 真实数据
[等待] 下次采集: 3分钟后

[2026-03-16 05:33:59] 开始采集恐慌指数...
[价格] BTC: 71959.8 (1.78%)
[价格] ETH: 2135.17 (2.47%)
[价格] BNB: 666.6 (1.97%)
[价格] XRP: 1.4238 (2.22%)
[价格] SOL: 89.65 (2.99%)
[BTC126] 1h爆仓: 666.26万$
[BTC126] 24h爆仓: 6926.54万$
[BTC126] 24h爆仓人数: 4.8万人
[BTC126] 全网持仓: 60.63亿$
[计算] 恐惧贪婪指数 = 4.8万人 / 60.63亿$ = 0.08
[保存] 恐惧贪婪指数: 0.08 (级别: low)
[爆仓] 1h: 666.26万$ | 24h: 6926.54万$
[数据] 24h爆仓人数: 4.8万人 | 全网持仓: 60.63亿$
[公式] 恐惧贪婪指数 = 4.8万人 / 60.63亿$ = 0.08
[来源] btc126.com 真实数据
[等待] 下次采集: 3分钟后

[2026-03-16 05:37:05] 开始采集恐慌指数...
[价格] BTC: 71978.9 (1.83%)
[价格] ETH: 2135.13 (2.44%)
[价格] BNB: 666.5 (1.94%)
[价格] XRP: 1.425 (2.25%)
[价格] SOL: 89.67 (2.99%)
[BTC126] 1h爆仓: 684.14万$
[BTC126] 24h爆仓: 6940.57万$
[BTC126] 24h爆仓人数: 4.8万人
[BTC126] 全网持仓: 60.79亿$
[计算] 恐惧贪婪指数 = 4.8万人 / 60.79亿$ = 0.08
[保存] 恐惧贪婪指数: 0.08 (级别: low)
[爆仓] 1h: 684.14万$ | 24h: 6940.57万$
[数据] 24h爆仓人数: 4.8万人 | 全网持仓: 60.79亿$
[公式] 恐惧贪婪指数 = 4.8万人 / 60.79亿$ = 0.08
[来源] btc126.com 真实数据
[等待] 下次采集: 3分钟后

[2026-03-16 05:40:09] 开始采集恐慌指数...
[价格] BTC: 72059.9 (1.89%)
[价格] ETH: 2137.27 (2.5%)
[价格] BNB: 667.5 (2.05%)
[价格] XRP: 1.4263 (2.29%)
[价格] SOL: 89.74 (3.05%)
[BTC126] 1h爆仓: 526.7万$
[BTC126] 24h爆仓: 7297.66万$
[BTC126] 24h爆仓人数: 4.84万人
[BTC126] 全网持仓: 60.88亿$
[计算] 恐惧贪婪指数 = 4.84万人 / 60.88亿$ = 0.08
[保存] 恐惧贪婪指数: 0.08 (级别: low)
[爆仓] 1h: 526.7万$ | 24h: 7297.66万$
[数据] 24h爆仓人数: 4.84万人 | 全网持仓: 60.88亿$
[公式] 恐惧贪婪指数 = 4.84万人 / 60.88亿$ = 0.08
[来源] btc126.com 真实数据
[等待] 下次采集: 3分钟后

[2026-03-16 05:43:15] 开始采集恐慌指数...
[价格] BTC: 72032.5 (1.81%)
[价格] ETH: 2138.4 (2.52%)
[价格] BNB: 667.4 (2.02%)
[价格] XRP: 1.4267 (2.29%)
[价格] SOL: 89.71 (2.96%)
[BTC126] 1h爆仓: 526.7万$
[BTC126] 24h爆仓: 7297.66万$
[BTC126] 24h爆仓人数: 4.84万人
[BTC126] 全网持仓: 60.73亿$
[计算] 恐惧贪婪指数 = 4.84万人 / 60.73亿$ = 0.08
[保存] 恐惧贪婪指数: 0.08 (级别: low)
[爆仓] 1h: 526.7万$ | 24h: 7297.66万$
[数据] 24h爆仓人数: 4.84万人 | 全网持仓: 60.73亿$
[公式] 恐惧贪婪指数 = 4.84万人 / 60.73亿$ = 0.08
[来源] btc126.com 真实数据
[等待] 下次采集: 3分钟后

[2026-03-16 05:46:20] 开始采集恐慌指数...
[价格] BTC: 72166.0 (2.05%)
[价格] ETH: 2141.9 (2.72%)
[价格] BNB: 668.3 (2.16%)
[价格] XRP: 1.4273 (2.31%)
[价格] SOL: 90.0 (3.27%)
[BTC126] 1h爆仓: 543.75万$
[BTC126] 24h爆仓: 7336.15万$
[BTC126] 24h爆仓人数: 4.85万人
[BTC126] 全网持仓: 60.92亿$
[计算] 恐惧贪婪指数 = 4.85万人 / 60.92亿$ = 0.08
[保存] 恐惧贪婪指数: 0.08 (级别: low)
[爆仓] 1h: 543.75万$ | 24h: 7336.15万$
[数据] 24h爆仓人数: 4.85万人 | 全网持仓: 60.92亿$
[公式] 恐惧贪婪指数 = 4.85万人 / 60.92亿$ = 0.08
[来源] btc126.com 真实数据
[等待] 下次采集: 3分钟后

[2026-03-16 05:49:23] 开始采集恐慌指数...
[价格] BTC: 72048.6 (1.81%)
[价格] ETH: 2137.3 (2.41%)
[价格] BNB: 667.3 (1.92%)
[价格] XRP: 1.4261 (2.19%)
[价格] SOL: 89.82 (3.0%)
[BTC126] 1h爆仓: 546.34万$
[BTC126] 24h爆仓: 7334.25万$
[BTC126] 24h爆仓人数: 4.85万人
[BTC126] 全网持仓: 60.86亿$
[计算] 恐惧贪婪指数 = 4.85万人 / 60.86亿$ = 0.08
[保存] 恐惧贪婪指数: 0.08 (级别: low)
[爆仓] 1h: 546.34万$ | 24h: 7334.25万$
[数据] 24h爆仓人数: 4.85万人 | 全网持仓: 60.86亿$
[公式] 恐惧贪婪指数 = 4.85万人 / 60.86亿$ = 0.08
[来源] btc126.com 真实数据
[等待] 下次采集: 3分钟后

[2026-03-16 05:52:31] 开始采集恐慌指数...
[价格] BTC: 72063.2 (1.78%)
[价格] ETH: 2136.92 (2.33%)
[价格] BNB: 667.3 (1.89%)
[价格] XRP: 1.4262 (2.15%)
[价格] SOL: 89.87 (2.98%)
[BTC126] 1h爆仓: 549.18万$
[BTC126] 24h爆仓: 7296.44万$
[BTC126] 24h爆仓人数: 4.83万人
[BTC126] 全网持仓: 60.88亿$
[计算] 恐惧贪婪指数 = 4.83万人 / 60.88亿$ = 0.08
[保存] 恐惧贪婪指数: 0.08 (级别: low)
[爆仓] 1h: 549.18万$ | 24h: 7296.44万$
[数据] 24h爆仓人数: 4.83万人 | 全网持仓: 60.88亿$
[公式] 恐惧贪婪指数 = 4.83万人 / 60.88亿$ = 0.08
[来源] btc126.com 真实数据
[等待] 下次采集: 3分钟后

[2026-03-16 05:55:37] 开始采集恐慌指数...
[价格] BTC: 72062.6 (1.83%)
[价格] ETH: 2137.4 (2.42%)
[价格] BNB: 667.3 (1.91%)
[价格] XRP: 1.4264 (2.23%)
[价格] SOL: 89.9 (3.04%)
[BTC126] 1h爆仓: 603.96万$
[BTC126] 24h爆仓: 7345.76万$
[BTC126] 24h爆仓人数: 4.84万人
[BTC126] 全网持仓: 60.88亿$
[计算] 恐惧贪婪指数 = 4.84万人 / 60.88亿$ = 0.08
[保存] 恐惧贪婪指数: 0.08 (级别: low)
[爆仓] 1h: 603.96万$ | 24h: 7345.76万$
[数据] 24h爆仓人数: 4.84万人 | 全网持仓: 60.88亿$
[公式] 恐惧贪婪指数 = 4.84万人 / 60.88亿$ = 0.08
[来源] btc126.com 真实数据
[等待] 下次采集: 3分钟后

[2026-03-16 05:58:50] 开始采集恐慌指数...
[价格] BTC: 72087.5 (1.82%)
[价格] ETH: 2137.98 (2.4%)
[价格] BNB: 667.3 (1.88%)
[价格] XRP: 1.4265 (2.17%)
[价格] SOL: 89.95 (3.0%)
[BTC126] 1h爆仓: 625.61万$
[BTC126] 24h爆仓: 7369.43万$
[BTC126] 24h爆仓人数: 4.85万人
[BTC126] 全网持仓: 60.89亿$
[计算] 恐惧贪婪指数 = 4.85万人 / 60.89亿$ = 0.08
[保存] 恐惧贪婪指数: 0.08 (级别: low)
[爆仓] 1h: 625.61万$ | 24h: 7369.43万$
[数据] 24h爆仓人数: 4.85万人 | 全网持仓: 60.89亿$
[公式] 恐惧贪婪指数 = 4.85万人 / 60.89亿$ = 0.08
[来源] btc126.com 真实数据
[等待] 下次采集: 3分钟后

[2026-03-16 06:01:56] 开始采集恐慌指数...
[价格] BTC: 72065.0 (1.86%)
[价格] ETH: 2138.75 (2.51%)
[价格] BNB: 667.8 (2.0%)
[价格] XRP: 1.4285 (2.42%)
[价格] SOL: 90.0 (3.13%)
[BTC126] 1h爆仓: 629.8万$
[BTC126] 24h爆仓: 7372.93万$
[BTC126] 24h爆仓人数: 4.85万人
[BTC126] 全网持仓: 60.95亿$
[计算] 恐惧贪婪指数 = 4.85万人 / 60.95亿$ = 0.08
[保存] 恐惧贪婪指数: 0.08 (级别: low)
[爆仓] 1h: 629.8万$ | 24h: 7372.93万$
[数据] 24h爆仓人数: 4.85万人 | 全网持仓: 60.95亿$
[公式] 恐惧贪婪指数 = 4.85万人 / 60.95亿$ = 0.08
[来源] btc126.com 真实数据
[等待] 下次采集: 3分钟后

[2026-03-16 06:05:00] 开始采集恐慌指数...
[价格] BTC: 72222.1 (2.02%)
[价格] ETH: 2146.79 (2.86%)
[价格] BNB: 669.7 (2.26%)
[价格] XRP: 1.4358 (2.82%)
[价格] SOL: 90.97 (4.05%)
[BTC126] 1h爆仓: 946.3万$
[BTC126] 24h爆仓: 7684.3万$
[BTC126] 24h爆仓人数: 4.88万人
[BTC126] 全网持仓: 61.07亿$
[计算] 恐惧贪婪指数 = 4.88万人 / 61.07亿$ = 0.08
[保存] 恐惧贪婪指数: 0.08 (级别: low)
[爆仓] 1h: 946.3万$ | 24h: 7684.3万$
[数据] 24h爆仓人数: 4.88万人 | 全网持仓: 61.07亿$
[公式] 恐惧贪婪指数 = 4.88万人 / 61.07亿$ = 0.08
[来源] btc126.com 真实数据
[等待] 下次采集: 3分钟后

[2026-03-16 06:08:08] 开始采集恐慌指数...
[价格] BTC: 71995.9 (1.75%)
[价格] ETH: 2140.06 (2.58%)
[价格] BNB: 667.7 (1.99%)
[价格] XRP: 1.4313 (2.57%)
[价格] SOL: 90.55 (3.63%)
[BTC126] 1h爆仓: 1144.97万$
[BTC126] 24h爆仓: 7864.96万$
[BTC126] 24h爆仓人数: 4.88万人
[BTC126] 全网持仓: 60.85亿$
[计算] 恐惧贪婪指数 = 4.88万人 / 60.85亿$ = 0.08
[保存] 恐惧贪婪指数: 0.08 (级别: low)
[爆仓] 1h: 1144.97万$ | 24h: 7864.96万$
[数据] 24h爆仓人数: 4.88万人 | 全网持仓: 60.85亿$
[公式] 恐惧贪婪指数 = 4.88万人 / 60.85亿$ = 0.08
[来源] btc126.com 真实数据
[等待] 下次采集: 3分钟后

[2026-03-16 06:11:14] 开始采集恐慌指数...
[价格] BTC: 71869.3 (1.59%)
[价格] ETH: 2132.81 (2.24%)
[价格] BNB: 666.6 (1.8%)
[价格] XRP: 1.4267 (2.27%)
[价格] SOL: 90.12 (3.22%)
[BTC126] 1h爆仓: 1141.2万$
[BTC126] 24h爆仓: 7871.42万$
[BTC126] 24h爆仓人数: 4.89万人
[BTC126] 全网持仓: 60.83亿$
[计算] 恐惧贪婪指数 = 4.89万人 / 60.83亿$ = 0.08
[保存] 恐惧贪婪指数: 0.08 (级别: low)
[爆仓] 1h: 1141.2万$ | 24h: 7871.42万$
[数据] 24h爆仓人数: 4.89万人 | 全网持仓: 60.83亿$
[公式] 恐惧贪婪指数 = 4.89万人 / 60.83亿$ = 0.08
[来源] btc126.com 真实数据
[等待] 下次采集: 3分钟后

[2026-03-16 06:14:18] 开始采集恐慌指数...
[价格] BTC: 71775.0 (1.51%)
[价格] ETH: 2129.85 (2.14%)
[价格] BNB: 666.1 (1.76%)
[价格] XRP: 1.4243 (2.11%)
[价格] SOL: 90.04 (3.14%)
[BTC126] 1h爆仓: 1219.32万$
[BTC126] 24h爆仓: 7951.53万$
[BTC126] 24h爆仓人数: 4.91万人
[BTC126] 全网持仓: 60.77亿$
[计算] 恐惧贪婪指数 = 4.91万人 / 60.77亿$ = 0.08
[保存] 恐惧贪婪指数: 0.08 (级别: low)
[爆仓] 1h: 1219.32万$ | 24h: 7951.53万$
[数据] 24h爆仓人数: 4.91万人 | 全网持仓: 60.77亿$
[公式] 恐惧贪婪指数 = 4.91万人 / 60.77亿$ = 0.08
[来源] btc126.com 真实数据
[等待] 下次采集: 3分钟后

[2026-03-16 06:17:24] 开始采集恐慌指数...
[价格] BTC: 71789.0 (1.5%)
[价格] ETH: 2128.8 (2.08%)
[价格] BNB: 666.0 (1.76%)
[价格] XRP: 1.4247 (2.11%)
[价格] SOL: 90.18 (3.35%)
[BTC126] 1h爆仓: 1269.05万$
[BTC126] 24h爆仓: 8001.18万$
[BTC126] 24h爆仓人数: 4.92万人
[BTC126] 全网持仓: 60.75亿$
[计算] 恐惧贪婪指数 = 4.92万人 / 60.75亿$ = 0.08
[保存] 恐惧贪婪指数: 0.08 (级别: low)
[爆仓] 1h: 1269.05万$ | 24h: 8001.18万$
[数据] 24h爆仓人数: 4.92万人 | 全网持仓: 60.75亿$
[公式] 恐惧贪婪指数 = 4.92万人 / 60.75亿$ = 0.08
[来源] btc126.com 真实数据
[等待] 下次采集: 3分钟后

[2026-03-16 06:20:35] 开始采集恐慌指数...
[价格] BTC: 71816.1 (1.54%)
[价格] ETH: 2131.54 (2.19%)
[价格] BNB: 665.9 (1.74%)
[价格] XRP: 1.4266 (2.24%)
[价格] SOL: 90.36 (3.51%)
[BTC126] 1h爆仓: 1291.47万$
[BTC126] 24h爆仓: 8025.66万$
[BTC126] 24h爆仓人数: 4.92万人
[BTC126] 全网持仓: 60.75亿$
[计算] 恐惧贪婪指数 = 4.92万人 / 60.75亿$ = 0.08
[保存] 恐惧贪婪指数: 0.08 (级别: low)
[爆仓] 1h: 1291.47万$ | 24h: 8025.66万$
[数据] 24h爆仓人数: 4.92万人 | 全网持仓: 60.75亿$
[公式] 恐惧贪婪指数 = 4.92万人 / 60.75亿$ = 0.08
[来源] btc126.com 真实数据
[等待] 下次采集: 3分钟后

[2026-03-16 06:23:39] 开始采集恐慌指数...
[价格] BTC: 71935.0 (1.72%)
[价格] ETH: 2134.34 (2.3%)
[价格] BNB: 666.7 (1.88%)
[价格] XRP: 1.4294 (2.41%)
[价格] SOL: 90.32 (3.41%)
[BTC126] 1h爆仓: 1288.21万$
[BTC126] 24h爆仓: 8039.06万$
[BTC126] 24h爆仓人数: 4.93万人
[BTC126] 全网持仓: 60.84亿$
[计算] 恐惧贪婪指数 = 4.93万人 / 60.84亿$ = 0.08
[保存] 恐惧贪婪指数: 0.08 (级别: low)
[爆仓] 1h: 1288.21万$ | 24h: 8039.06万$
[数据] 24h爆仓人数: 4.93万人 | 全网持仓: 60.84亿$
[公式] 恐惧贪婪指数 = 4.93万人 / 60.84亿$ = 0.08
[来源] btc126.com 真实数据
[等待] 下次采集: 3分钟后

[2026-03-16 06:26:44] 开始采集恐慌指数...
[价格] BTC: 71921.0 (1.67%)
[价格] ETH: 2134.72 (2.31%)
[价格] BNB: 666.9 (1.86%)
[价格] XRP: 1.4292 (2.38%)
[价格] SOL: 90.36 (3.46%)
[BTC126] 1h爆仓: 1285.29万$
[BTC126] 24h爆仓: 8030.35万$
[BTC126] 24h爆仓人数: 4.93万人
[BTC126] 全网持仓: 60.79亿$
[计算] 恐惧贪婪指数 = 4.93万人 / 60.79亿$ = 0.08
[保存] 恐惧贪婪指数: 0.08 (级别: low)
[爆仓] 1h: 1285.29万$ | 24h: 8030.35万$
[数据] 24h爆仓人数: 4.93万人 | 全网持仓: 60.79亿$
[公式] 恐惧贪婪指数 = 4.93万人 / 60.79亿$ = 0.08
[来源] btc126.com 真实数据
[等待] 下次采集: 3分钟后

[2026-03-16 06:29:48] 开始采集恐慌指数...
[价格] BTC: 71897.5 (1.64%)
[价格] ETH: 2133.25 (2.25%)
[价格] BNB: 666.8 (1.86%)
[价格] XRP: 1.4291 (2.39%)
[价格] SOL: 90.36 (3.51%)
[BTC126] 1h爆仓: 1283.0万$
[BTC126] 24h爆仓: 8030.54万$
[BTC126] 24h爆仓人数: 4.93万人
[BTC126] 全网持仓: 60.76亿$
[计算] 恐惧贪婪指数 = 4.93万人 / 60.76亿$ = 0.08
[保存] 恐惧贪婪指数: 0.08 (级别: low)
[爆仓] 1h: 1283.0万$ | 24h: 8030.54万$
[数据] 24h爆仓人数: 4.93万人 | 全网持仓: 60.76亿$
[公式] 恐惧贪婪指数 = 4.93万人 / 60.76亿$ = 0.08
[来源] btc126.com 真实数据
[等待] 下次采集: 3分钟后

[2026-03-16 06:32:54] 开始采集恐慌指数...
[价格] BTC: 72221.9 (2.08%)
[价格] ETH: 2154.8 (3.25%)
[价格] BNB: 670.7 (2.4%)
[价格] XRP: 1.4399 (3.13%)
[价格] SOL: 91.33 (4.54%)
[BTC126] 1h爆仓: 1317.0万$
[BTC126] 24h爆仓: 8063.86万$
[BTC126] 24h爆仓人数: 4.94万人
[BTC126] 全网持仓: 61.01亿$
[计算] 恐惧贪婪指数 = 4.94万人 / 61.01亿$ = 0.08
[保存] 恐惧贪婪指数: 0.08 (级别: low)
[爆仓] 1h: 1317.0万$ | 24h: 8063.86万$
[数据] 24h爆仓人数: 4.94万人 | 全网持仓: 61.01亿$
[公式] 恐惧贪婪指数 = 4.94万人 / 61.01亿$ = 0.08
[来源] btc126.com 真实数据
[等待] 下次采集: 3分钟后

[2026-03-16 06:35:59] 开始采集恐慌指数...
[价格] BTC: 72045.0 (1.83%)
[价格] ETH: 2150.73 (3.06%)
[价格] BNB: 669.3 (2.18%)
[价格] XRP: 1.4391 (3.01%)
[价格] SOL: 91.11 (4.32%)
[BTC126] 1h爆仓: 1414.94万$
[BTC126] 24h爆仓: 8238.68万$
[BTC126] 24h爆仓人数: 4.97万人
[BTC126] 全网持仓: 60.9亿$
[计算] 恐惧贪婪指数 = 4.97万人 / 60.9亿$ = 0.08
[保存] 恐惧贪婪指数: 0.08 (级别: low)
[爆仓] 1h: 1414.94万$ | 24h: 8238.68万$
[数据] 24h爆仓人数: 4.97万人 | 全网持仓: 60.9亿$
[公式] 恐惧贪婪指数 = 4.97万人 / 60.9亿$ = 0.08
[来源] btc126.com 真实数据
[等待] 下次采集: 3分钟后

[2026-03-16 06:39:04] 开始采集恐慌指数...
[价格] BTC: 72224.9 (2.03%)
[价格] ETH: 2160.85 (3.54%)
[价格] BNB: 671.0 (2.38%)
[价格] XRP: 1.4439 (3.33%)
[价格] SOL: 91.35 (4.53%)
[BTC126] 1h爆仓: 1081.28万$
[BTC126] 24h爆仓: 8268.41万$
[BTC126] 24h爆仓人数: 4.98万人
[BTC126] 全网持仓: 61.08亿$
[计算] 恐惧贪婪指数 = 4.98万人 / 61.08亿$ = 0.08
[保存] 恐惧贪婪指数: 0.08 (级别: low)
[爆仓] 1h: 1081.28万$ | 24h: 8268.41万$
[数据] 24h爆仓人数: 4.98万人 | 全网持仓: 61.08亿$
[公式] 恐惧贪婪指数 = 4.98万人 / 61.08亿$ = 0.08
[来源] btc126.com 真实数据
[等待] 下次采集: 3分钟后

[2026-03-16 06:42:13] 开始采集恐慌指数...
[价格] BTC: 72430.0 (2.37%)
[价格] ETH: 2171.14 (4.08%)
[价格] BNB: 673.6 (2.79%)
[价格] XRP: 1.4557 (4.18%)
[价格] SOL: 92.26 (5.6%)
[BTC126] 1h爆仓: 1736.11万$
[BTC126] 24h爆仓: 8942.09万$
[BTC126] 24h爆仓人数: 5.06万人
[BTC126] 全网持仓: 61.21亿$
[计算] 恐惧贪婪指数 = 5.06万人 / 61.21亿$ = 0.08
[保存] 恐惧贪婪指数: 0.08 (级别: low)
[爆仓] 1h: 1736.11万$ | 24h: 8942.09万$
[数据] 24h爆仓人数: 5.06万人 | 全网持仓: 61.21亿$
[公式] 恐惧贪婪指数 = 5.06万人 / 61.21亿$ = 0.08
[来源] btc126.com 真实数据
[等待] 下次采集: 3分钟后

[2026-03-16 06:45:21] 开始采集恐慌指数...
[价格] BTC: 72430.3 (2.39%)
[价格] ETH: 2174.75 (4.28%)
[价格] BNB: 674.1 (2.9%)
[价格] XRP: 1.4537 (4.08%)
[价格] SOL: 92.11 (5.51%)
[BTC126] 1h爆仓: 1945.35万$
[BTC126] 24h爆仓: 9151.7万$
[BTC126] 24h爆仓人数: 5.1万人
[BTC126] 全网持仓: 61.21亿$
[计算] 恐惧贪婪指数 = 5.1万人 / 61.21亿$ = 0.08
[保存] 恐惧贪婪指数: 0.08 (级别: low)
[爆仓] 1h: 1945.35万$ | 24h: 9151.7万$
[数据] 24h爆仓人数: 5.1万人 | 全网持仓: 61.21亿$
[公式] 恐惧贪婪指数 = 5.1万人 / 61.21亿$ = 0.08
[来源] btc126.com 真实数据
[等待] 下次采集: 3分钟后

[2026-03-16 06:48:30] 开始采集恐慌指数...
[价格] BTC: 72510.0 (2.53%)
[价格] ETH: 2180.25 (4.59%)
[价格] BNB: 674.9 (3.07%)
[价格] XRP: 1.4557 (4.21%)
[价格] SOL: 92.37 (5.87%)
[BTC126] 1h爆仓: 2054.86万$
[BTC126] 24h爆仓: 9268.61万$
[BTC126] 24h爆仓人数: 5.13万人
[BTC126] 全网持仓: 61.3亿$
[计算] 恐惧贪婪指数 = 5.13万人 / 61.3亿$ = 0.08
[保存] 恐惧贪婪指数: 0.08 (级别: low)
[爆仓] 1h: 2054.86万$ | 24h: 9268.61万$
[数据] 24h爆仓人数: 5.13万人 | 全网持仓: 61.3亿$
[公式] 恐惧贪婪指数 = 5.13万人 / 61.3亿$ = 0.08
[来源] btc126.com 真实数据
[等待] 下次采集: 3分钟后

[2026-03-16 06:51:35] 开始采集恐慌指数...
[价格] BTC: 72608.2 (2.67%)
[价格] ETH: 2181.28 (4.65%)
[价格] BNB: 676.0 (3.22%)
[价格] XRP: 1.4586 (4.42%)
[价格] SOL: 92.37 (5.8%)
[BTC126] 1h爆仓: 2311.43万$
[BTC126] 24h爆仓: 9527.38万$
[BTC126] 24h爆仓人数: 5.16万人
[BTC126] 全网持仓: 61.32亿$
[计算] 恐惧贪婪指数 = 5.16万人 / 61.32亿$ = 0.08
[保存] 恐惧贪婪指数: 0.08 (级别: low)
[爆仓] 1h: 2311.43万$ | 24h: 9527.38万$
[数据] 24h爆仓人数: 5.16万人 | 全网持仓: 61.32亿$
[公式] 恐惧贪婪指数 = 5.16万人 / 61.32亿$ = 0.08
[来源] btc126.com 真实数据
[等待] 下次采集: 3分钟后

[2026-03-16 06:54:42] 开始采集恐慌指数...
[价格] BTC: 72676.9 (2.76%)
[价格] ETH: 2179.04 (4.56%)
[价格] BNB: 675.5 (3.16%)
[价格] XRP: 1.4547 (4.15%)
[价格] SOL: 92.37 (5.81%)
[BTC126] 1h爆仓: 3051.73万$
[BTC126] 24h爆仓: 10257.8万$
[BTC126] 24h爆仓人数: 5.25万人
[BTC126] 全网持仓: 61.38亿$
[计算] 恐惧贪婪指数 = 5.25万人 / 61.38亿$ = 0.09
[保存] 恐惧贪婪指数: 0.09 (级别: medium)
[爆仓] 1h: 3051.73万$ | 24h: 10257.8万$
[数据] 24h爆仓人数: 5.25万人 | 全网持仓: 61.38亿$
[公式] 恐惧贪婪指数 = 5.25万人 / 61.38亿$ = 0.09
[来源] btc126.com 真实数据
[等待] 下次采集: 3分钟后

[2026-03-16 06:57:51] 开始采集恐慌指数...
[价格] BTC: 72704.1 (2.82%)
[价格] ETH: 2181.44 (4.71%)
[价格] BNB: 676.3 (3.25%)
[价格] XRP: 1.4565 (4.28%)
[价格] SOL: 92.49 (5.97%)
[BTC126] 1h爆仓: 3014.92万$
[BTC126] 24h爆仓: 10302.05万$
[BTC126] 24h爆仓人数: 5.26万人
[BTC126] 全网持仓: 62.22亿$
[计算] 恐惧贪婪指数 = 5.26万人 / 62.22亿$ = 0.08
[保存] 恐惧贪婪指数: 0.08 (级别: low)
[爆仓] 1h: 3014.92万$ | 24h: 10302.05万$
[数据] 24h爆仓人数: 5.26万人 | 全网持仓: 62.22亿$
[公式] 恐惧贪婪指数 = 5.26万人 / 62.22亿$ = 0.08
[来源] btc126.com 真实数据
[等待] 下次采集: 3分钟后

[2026-03-16 07:00:54] 开始采集恐慌指数...
[价格] BTC: 72768.5 (2.86%)
[价格] ETH: 2187.55 (4.94%)
[价格] BNB: 677.0 (3.33%)
[价格] XRP: 1.4557 (4.16%)
[价格] SOL: 92.78 (6.2%)
[BTC126] 1h爆仓: 3033.13万$
[BTC126] 24h爆仓: 10323.86万$
[BTC126] 24h爆仓人数: 5.26万人
[BTC126] 全网持仓: 62.39亿$
[计算] 恐惧贪婪指数 = 5.26万人 / 62.39亿$ = 0.08
[保存] 恐惧贪婪指数: 0.08 (级别: low)
[爆仓] 1h: 3033.13万$ | 24h: 10323.86万$
[数据] 24h爆仓人数: 5.26万人 | 全网持仓: 62.39亿$
[公式] 恐惧贪婪指数 = 5.26万人 / 62.39亿$ = 0.08
[来源] btc126.com 真实数据
[等待] 下次采集: 3分钟后

[2026-03-16 07:03:58] 开始采集恐慌指数...
[价格] BTC: 72927.9 (2.87%)
[价格] ETH: 2189.65 (4.66%)
[价格] BNB: 677.3 (3.18%)
[价格] XRP: 1.4527 (3.7%)
[价格] SOL: 92.72 (5.62%)
[BTC126] 1h爆仓: 3025.19万$
[BTC126] 24h爆仓: 10305.11万$
[BTC126] 24h爆仓人数: 5.25万人
[BTC126] 全网持仓: 62.52亿$
[计算] 恐惧贪婪指数 = 5.25万人 / 62.52亿$ = 0.08
[保存] 恐惧贪婪指数: 0.08 (级别: low)
[爆仓] 1h: 3025.19万$ | 24h: 10305.11万$
[数据] 24h爆仓人数: 5.25万人 | 全网持仓: 62.52亿$
[公式] 恐惧贪婪指数 = 5.25万人 / 62.52亿$ = 0.08
[来源] btc126.com 真实数据
[等待] 下次采集: 3分钟后

[2026-03-16 07:07:05] 开始采集恐慌指数...
[价格] BTC: 73075.4 (2.89%)
[价格] ETH: 2192.92 (4.55%)
[价格] BNB: 678.3 (3.21%)
[价格] XRP: 1.4529 (3.47%)
[价格] SOL: 93.07 (5.73%)
[BTC126] 1h爆仓: 2529.08万$
[BTC126] 24h爆仓: 10312.06万$
[BTC126] 24h爆仓人数: 5.25万人
[BTC126] 全网持仓: 62.75亿$
[计算] 恐惧贪婪指数 = 5.25万人 / 62.75亿$ = 0.08
[保存] 恐惧贪婪指数: 0.08 (级别: low)
[爆仓] 1h: 2529.08万$ | 24h: 10312.06万$
[数据] 24h爆仓人数: 5.25万人 | 全网持仓: 62.75亿$
[公式] 恐惧贪婪指数 = 5.25万人 / 62.75亿$ = 0.08
[来源] btc126.com 真实数据
[等待] 下次采集: 3分钟后

[2026-03-16 07:10:08] 开始采集恐慌指数...
[价格] BTC: 72939.7 (2.73%)
[价格] ETH: 2196.45 (4.76%)
[价格] BNB: 677.9 (3.2%)
[价格] XRP: 1.4522 (3.37%)
[价格] SOL: 92.85 (5.56%)
[BTC126] 1h爆仓: 2755.51万$
[BTC126] 24h爆仓: 10322.84万$
[BTC126] 24h爆仓人数: 5.24万人
[BTC126] 全网持仓: 62.64亿$
[计算] 恐惧贪婪指数 = 5.24万人 / 62.64亿$ = 0.08
[保存] 恐惧贪婪指数: 0.08 (级别: low)
[爆仓] 1h: 2755.51万$ | 24h: 10322.84万$
[数据] 24h爆仓人数: 5.24万人 | 全网持仓: 62.64亿$
[公式] 恐惧贪婪指数 = 5.24万人 / 62.64亿$ = 0.08
[来源] btc126.com 真实数据
[等待] 下次采集: 3分钟后

[2026-03-16 07:13:13] 开始采集恐慌指数...
[价格] BTC: 72850.1 (2.68%)
[价格] ETH: 2190.87 (4.72%)
[价格] BNB: 676.1 (3.06%)
[价格] XRP: 1.4484 (3.29%)
[价格] SOL: 92.54 (5.4%)
[BTC126] 1h爆仓: 2977.29万$
[BTC126] 24h爆仓: 10573.49万$
[BTC126] 24h爆仓人数: 5.26万人
[BTC126] 全网持仓: 62.78亿$
[计算] 恐惧贪婪指数 = 5.26万人 / 62.78亿$ = 0.08
[保存] 恐惧贪婪指数: 0.08 (级别: low)
[爆仓] 1h: 2977.29万$ | 24h: 10573.49万$
[数据] 24h爆仓人数: 5.26万人 | 全网持仓: 62.78亿$
[公式] 恐惧贪婪指数 = 5.26万人 / 62.78亿$ = 0.08
[来源] btc126.com 真实数据
[等待] 下次采集: 3分钟后

[2026-03-16 07:16:20] 开始采集恐慌指数...
[价格] BTC: 73094.9 (3.06%)
[价格] ETH: 2198.14 (5.19%)
[价格] BNB: 677.4 (3.31%)
[价格] XRP: 1.4497 (3.46%)
[价格] SOL: 92.99 (6.01%)
[BTC126] 1h爆仓: 2930.49万$
[BTC126] 24h爆仓: 10582.52万$
[BTC126] 24h爆仓人数: 5.27万人
[BTC126] 全网持仓: 62.97亿$
[计算] 恐惧贪婪指数 = 5.27万人 / 62.97亿$ = 0.08
[保存] 恐惧贪婪指数: 0.08 (级别: low)
[爆仓] 1h: 2930.49万$ | 24h: 10582.52万$
[数据] 24h爆仓人数: 5.27万人 | 全网持仓: 62.97亿$
[公式] 恐惧贪婪指数 = 5.27万人 / 62.97亿$ = 0.08
[来源] btc126.com 真实数据
[等待] 下次采集: 3分钟后

[2026-03-16 07:19:26] 开始采集恐慌指数...
[价格] BTC: 72852.0 (2.7%)
[价格] ETH: 2184.55 (4.49%)
[价格] BNB: 675.1 (2.91%)
[价格] XRP: 1.4448 (3.04%)
[价格] SOL: 92.45 (5.32%)
[BTC126] 1h爆仓: 2917.45万$
[BTC126] 24h爆仓: 10586.44万$
[BTC126] 24h爆仓人数: 5.27万人
[BTC126] 全网持仓: 62.77亿$
[计算] 恐惧贪婪指数 = 5.27万人 / 62.77亿$ = 0.08
[保存] 恐惧贪婪指数: 0.08 (级别: low)
[爆仓] 1h: 2917.45万$ | 24h: 10586.44万$
[数据] 24h爆仓人数: 5.27万人 | 全网持仓: 62.77亿$
[公式] 恐惧贪婪指数 = 5.27万人 / 62.77亿$ = 0.08
[来源] btc126.com 真实数据
[等待] 下次采集: 3分钟后

[2026-03-16 07:22:38] 开始采集恐慌指数...
[价格] BTC: 72741.1 (2.47%)
[价格] ETH: 2183.95 (4.36%)
[价格] BNB: 674.6 (2.82%)
[价格] XRP: 1.4439 (2.93%)
[价格] SOL: 92.45 (5.2%)
[BTC126] 1h爆仓: 2973.43万$
[BTC126] 24h爆仓: 10649.43万$
[BTC126] 24h爆仓人数: 5.28万人
[BTC126] 全网持仓: 62.64亿$
[计算] 恐惧贪婪指数 = 5.28万人 / 62.64亿$ = 0.08
[保存] 恐惧贪婪指数: 0.08 (级别: low)
[爆仓] 1h: 2973.43万$ | 24h: 10649.43万$
[数据] 24h爆仓人数: 5.28万人 | 全网持仓: 62.64亿$
[公式] 恐惧贪婪指数 = 5.28万人 / 62.64亿$ = 0.08
[来源] btc126.com 真实数据
[等待] 下次采集: 3分钟后

[2026-03-16 07:25:43] 开始采集恐慌指数...
[价格] BTC: 72613.8 (2.31%)
[价格] ETH: 2177.31 (4.08%)
[价格] BNB: 673.6 (2.73%)
[价格] XRP: 1.4428 (2.88%)
[价格] SOL: 92.26 (5.09%)
[BTC126] 1h爆仓: 3191.66万$
[BTC126] 24h爆仓: 10877.7万$
[BTC126] 24h爆仓人数: 5.33万人
[BTC126] 全网持仓: 61.97亿$
[计算] 恐惧贪婪指数 = 5.33万人 / 61.97亿$ = 0.09
[保存] 恐惧贪婪指数: 0.09 (级别: medium)
[爆仓] 1h: 3191.66万$ | 24h: 10877.7万$
[数据] 24h爆仓人数: 5.33万人 | 全网持仓: 61.97亿$
[公式] 恐惧贪婪指数 = 5.33万人 / 61.97亿$ = 0.09
[来源] btc126.com 真实数据
[等待] 下次采集: 3分钟后

[2026-03-16 07:28:48] 开始采集恐慌指数...
[价格] BTC: 72586.1 (2.15%)
[价格] ETH: 2175.44 (3.8%)
[价格] BNB: 673.4 (2.59%)
[价格] XRP: 1.4445 (2.86%)
[价格] SOL: 92.07 (4.72%)
[BTC126] 1h爆仓: 3189.49万$
[BTC126] 24h爆仓: 10876.98万$
[BTC126] 24h爆仓人数: 5.33万人
[BTC126] 全网持仓: 61.96亿$
[计算] 恐惧贪婪指数 = 5.33万人 / 61.96亿$ = 0.09
[保存] 恐惧贪婪指数: 0.09 (级别: medium)
[爆仓] 1h: 3189.49万$ | 24h: 10876.98万$
[数据] 24h爆仓人数: 5.33万人 | 全网持仓: 61.96亿$
[公式] 恐惧贪婪指数 = 5.33万人 / 61.96亿$ = 0.09
[来源] btc126.com 真实数据
[等待] 下次采集: 3分钟后

[2026-03-16 07:31:54] 开始采集恐慌指数...
[价格] BTC: 72523.4 (2.09%)
[价格] ETH: 2174.76 (3.82%)
[价格] BNB: 673.3 (2.45%)
[价格] XRP: 1.444 (2.97%)
[价格] SOL: 91.92 (4.56%)
[BTC126] 1h爆仓: 3243.36万$
[BTC126] 24h爆仓: 10906.27万$
[BTC126] 24h爆仓人数: 5.36万人
[BTC126] 全网持仓: 61.93亿$
[计算] 恐惧贪婪指数 = 5.36万人 / 61.93亿$ = 0.09
[保存] 恐惧贪婪指数: 0.09 (级别: medium)
[爆仓] 1h: 3243.36万$ | 24h: 10906.27万$
[数据] 24h爆仓人数: 5.36万人 | 全网持仓: 61.93亿$
[公式] 恐惧贪婪指数 = 5.36万人 / 61.93亿$ = 0.09
[来源] btc126.com 真实数据
[等待] 下次采集: 3分钟后

[2026-03-16 07:35:00] 开始采集恐慌指数...
[价格] BTC: 72505.8 (1.96%)
[价格] ETH: 2169.55 (3.47%)
[价格] BNB: 672.6 (2.28%)
[价格] XRP: 1.443 (2.74%)
[价格] SOL: 91.89 (4.38%)
[BTC126] 1h爆仓: 3110.44万$
[BTC126] 24h爆仓: 10918.0万$
[BTC126] 24h爆仓人数: 5.37万人
[BTC126] 全网持仓: 61.9亿$
[计算] 恐惧贪婪指数 = 5.37万人 / 61.9亿$ = 0.09
[保存] 恐惧贪婪指数: 0.09 (级别: medium)
[爆仓] 1h: 3110.44万$ | 24h: 10918.0万$
[数据] 24h爆仓人数: 5.37万人 | 全网持仓: 61.9亿$
[公式] 恐惧贪婪指数 = 5.37万人 / 61.9亿$ = 0.09
[来源] btc126.com 真实数据
[等待] 下次采集: 3分钟后

[2026-03-16 07:38:07] 开始采集恐慌指数...
[价格] BTC: 72505.3 (1.92%)
[价格] ETH: 2167.96 (3.39%)
[价格] BNB: 672.2 (2.2%)
[价格] XRP: 1.4445 (2.86%)
[价格] SOL: 91.83 (4.28%)
[BTC126] 1h爆仓: 3120.7万$
[BTC126] 24h爆仓: 10884.97万$
[BTC126] 24h爆仓人数: 5.36万人
[BTC126] 全网持仓: 61.88亿$
[计算] 恐惧贪婪指数 = 5.36万人 / 61.88亿$ = 0.09
[保存] 恐惧贪婪指数: 0.09 (级别: medium)
[爆仓] 1h: 3120.7万$ | 24h: 10884.97万$
[数据] 24h爆仓人数: 5.36万人 | 全网持仓: 61.88亿$
[公式] 恐惧贪婪指数 = 5.36万人 / 61.88亿$ = 0.09
[来源] btc126.com 真实数据
[等待] 下次采集: 3分钟后

[2026-03-16 07:41:11] 开始采集恐慌指数...
[价格] BTC: 72608.2 (2.01%)
[价格] ETH: 2174.08 (3.66%)
[价格] BNB: 673.4 (2.4%)
[价格] XRP: 1.4453 (2.92%)
[价格] SOL: 91.94 (4.36%)
[BTC126] 1h爆仓: 2829.76万$
[BTC126] 24h爆仓: 10822.6万$
[BTC126] 24h爆仓人数: 5.35万人
[BTC126] 全网持仓: 62.02亿$
[计算] 恐惧贪婪指数 = 5.35万人 / 62.02亿$ = 0.09
[保存] 恐惧贪婪指数: 0.09 (级别: medium)
[爆仓] 1h: 2829.76万$ | 24h: 10822.6万$
[数据] 24h爆仓人数: 5.35万人 | 全网持仓: 62.02亿$
[公式] 恐惧贪婪指数 = 5.35万人 / 62.02亿$ = 0.09
[来源] btc126.com 真实数据
[等待] 下次采集: 3分钟后

[2026-03-16 07:44:18] 开始采集恐慌指数...
[价格] BTC: 72669.6 (2.1%)
[价格] ETH: 2178.08 (3.87%)
[价格] BNB: 673.9 (2.46%)
[价格] XRP: 1.4472 (3.03%)
[价格] SOL: 92.22 (4.7%)
[BTC126] 1h爆仓: 2251.46万$
[BTC126] 24h爆仓: 10890.4万$
[BTC126] 24h爆仓人数: 5.36万人
[BTC126] 全网持仓: 62.09亿$
[计算] 恐惧贪婪指数 = 5.36万人 / 62.09亿$ = 0.09
[保存] 恐惧贪婪指数: 0.09 (级别: medium)
[爆仓] 1h: 2251.46万$ | 24h: 10890.4万$
[数据] 24h爆仓人数: 5.36万人 | 全网持仓: 62.09亿$
[公式] 恐惧贪婪指数 = 5.36万人 / 62.09亿$ = 0.09
[来源] btc126.com 真实数据
[等待] 下次采集: 3分钟后

[2026-03-16 07:47:23] 开始采集恐慌指数...
[价格] BTC: 72725.7 (2.25%)
[价格] ETH: 2178.01 (3.94%)
[价格] BNB: 674.4 (2.55%)
[价格] XRP: 1.4493 (3.18%)
[价格] SOL: 92.23 (4.83%)
[BTC126] 1h爆仓: 2152.69万$
[BTC126] 24h爆仓: 10814.5万$
[BTC126] 24h爆仓人数: 5.35万人
[BTC126] 全网持仓: 62.09亿$
[计算] 恐惧贪婪指数 = 5.35万人 / 62.09亿$ = 0.09
[保存] 恐惧贪婪指数: 0.09 (级别: medium)
[爆仓] 1h: 2152.69万$ | 24h: 10814.5万$
[数据] 24h爆仓人数: 5.35万人 | 全网持仓: 62.09亿$
[公式] 恐惧贪婪指数 = 5.35万人 / 62.09亿$ = 0.09
[来源] btc126.com 真实数据
[等待] 下次采集: 3分钟后

[2026-03-16 07:50:29] 开始采集恐慌指数...
[价格] BTC: 72637.7 (2.09%)
[价格] ETH: 2172.51 (3.66%)
[价格] BNB: 673.4 (2.39%)
[价格] XRP: 1.447 (2.95%)
[价格] SOL: 92.14 (4.72%)
[BTC126] 1h爆仓: 2148.6万$
[BTC126] 24h爆仓: 10813.79万$
[BTC126] 24h爆仓人数: 5.35万人
[BTC126] 全网持仓: 62.02亿$
[计算] 恐惧贪婪指数 = 5.35万人 / 62.02亿$ = 0.09
[保存] 恐惧贪婪指数: 0.09 (级别: medium)
[爆仓] 1h: 2148.6万$ | 24h: 10813.79万$
[数据] 24h爆仓人数: 5.35万人 | 全网持仓: 62.02亿$
[公式] 恐惧贪婪指数 = 5.35万人 / 62.02亿$ = 0.09
[来源] btc126.com 真实数据
[等待] 下次采集: 3分钟后

[2026-03-16 07:53:40] 开始采集恐慌指数...
[价格] BTC: 72659.7 (2.13%)
[价格] ETH: 2174.2 (3.72%)
[价格] BNB: 673.1 (2.33%)
[价格] XRP: 1.4469 (2.82%)
[价格] SOL: 92.06 (4.63%)
[BTC126] 1h爆仓: 1224.2万$
[BTC126] 24h爆仓: 10815.25万$
[BTC126] 24h爆仓人数: 5.35万人
[BTC126] 全网持仓: 62.05亿$
[计算] 恐惧贪婪指数 = 5.35万人 / 62.05亿$ = 0.09
[保存] 恐惧贪婪指数: 0.09 (级别: medium)
[爆仓] 1h: 1224.2万$ | 24h: 10815.25万$
[数据] 24h爆仓人数: 5.35万人 | 全网持仓: 62.05亿$
[公式] 恐惧贪婪指数 = 5.35万人 / 62.05亿$ = 0.09
[来源] btc126.com 真实数据
[等待] 下次采集: 3分钟后

[2026-03-16 07:56:52] 开始采集恐慌指数...
[价格] BTC: 72778.0 (2.2%)
[价格] ETH: 2176.3 (3.8%)
[价格] BNB: 673.8 (2.43%)
[价格] XRP: 1.4474 (2.87%)
[价格] SOL: 92.25 (4.79%)
[BTC126] 1h爆仓: 1115.21万$
[BTC126] 24h爆仓: 10814.21万$
[BTC126] 24h爆仓人数: 5.35万人
[BTC126] 全网持仓: 62.11亿$
[计算] 恐惧贪婪指数 = 5.35万人 / 62.11亿$ = 0.09
[保存] 恐惧贪婪指数: 0.09 (级别: medium)
[爆仓] 1h: 1115.21万$ | 24h: 10814.21万$
[数据] 24h爆仓人数: 5.35万人 | 全网持仓: 62.11亿$
[公式] 恐惧贪婪指数 = 5.35万人 / 62.11亿$ = 0.09
[来源] btc126.com 真实数据
[等待] 下次采集: 3分钟后

[2026-03-16 07:59:56] 开始采集恐慌指数...
[价格] BTC: 72806.5 (2.24%)
[价格] ETH: 2177.85 (3.89%)
[价格] BNB: 673.9 (2.43%)
[价格] XRP: 1.449 (3.03%)
[价格] SOL: 92.3 (4.84%)
[BTC126] 1h爆仓: 1106.14万$
[BTC126] 24h爆仓: 10787.85万$
[BTC126] 24h爆仓人数: 5.35万人
[BTC126] 全网持仓: 62.13亿$
[计算] 恐惧贪婪指数 = 5.35万人 / 62.13亿$ = 0.09
[保存] 恐惧贪婪指数: 0.09 (级别: medium)
[爆仓] 1h: 1106.14万$ | 24h: 10787.85万$
[数据] 24h爆仓人数: 5.35万人 | 全网持仓: 62.13亿$
[公式] 恐惧贪婪指数 = 5.35万人 / 62.13亿$ = 0.09
[来源] btc126.com 真实数据
[等待] 下次采集: 3分钟后

[2026-03-16 08:03:05] 开始采集恐慌指数...
[价格] BTC: 72948.2 (2.59%)
[价格] ETH: 2183.49 (4.31%)
[价格] BNB: 675.8 (2.83%)
[价格] XRP: 1.4532 (3.33%)
[价格] SOL: 92.63 (5.31%)
[BTC126] 1h爆仓: 1190.12万$
[BTC126] 24h爆仓: 10889.49万$
[BTC126] 24h爆仓人数: 5.37万人
[BTC126] 全网持仓: 62.17亿$
[计算] 恐惧贪婪指数 = 5.37万人 / 62.17亿$ = 0.09
[保存] 恐惧贪婪指数: 0.09 (级别: medium)
[爆仓] 1h: 1190.12万$ | 24h: 10889.49万$
[数据] 24h爆仓人数: 5.37万人 | 全网持仓: 62.17亿$
[公式] 恐惧贪婪指数 = 5.37万人 / 62.17亿$ = 0.09
[来源] btc126.com 真实数据
[等待] 下次采集: 3分钟后

[2026-03-16 08:06:08] 开始采集恐慌指数...
[价格] BTC: 72969.6 (2.58%)
[价格] ETH: 2185.37 (4.3%)
[价格] BNB: 676.4 (2.87%)
[价格] XRP: 1.457 (3.43%)
[价格] SOL: 92.89 (5.43%)
[BTC126] 1h爆仓: 1200.34万$
[BTC126] 24h爆仓: 10899.11万$
[BTC126] 24h爆仓人数: 5.37万人
[BTC126] 全网持仓: 62.33亿$
[计算] 恐惧贪婪指数 = 5.37万人 / 62.33亿$ = 0.09
[保存] 恐惧贪婪指数: 0.09 (级别: medium)
[爆仓] 1h: 1200.34万$ | 24h: 10899.11万$
[数据] 24h爆仓人数: 5.37万人 | 全网持仓: 62.33亿$
[公式] 恐惧贪婪指数 = 5.37万人 / 62.33亿$ = 0.09
[来源] btc126.com 真实数据
[等待] 下次采集: 3分钟后

[2026-03-16 08:09:17] 开始采集恐慌指数...
[价格] BTC: 72918.0 (2.62%)
[价格] ETH: 2183.09 (4.36%)
[价格] BNB: 675.9 (2.89%)
[价格] XRP: 1.4563 (3.51%)
[价格] SOL: 92.77 (5.43%)
[BTC126] 1h爆仓: 987.69万$
[BTC126] 24h爆仓: 10912.61万$
[BTC126] 24h爆仓人数: 5.37万人
[BTC126] 全网持仓: 62.31亿$
[计算] 恐惧贪婪指数 = 5.37万人 / 62.31亿$ = 0.09
[保存] 恐惧贪婪指数: 0.09 (级别: medium)
[爆仓] 1h: 987.69万$ | 24h: 10912.61万$
[数据] 24h爆仓人数: 5.37万人 | 全网持仓: 62.31亿$
[公式] 恐惧贪婪指数 = 5.37万人 / 62.31亿$ = 0.09
[来源] btc126.com 真实数据
[等待] 下次采集: 3分钟后

[2026-03-16 08:12:22] 开始采集恐慌指数...
[价格] BTC: 72752.0 (2.43%)
[价格] ETH: 2175.66 (3.98%)
[价格] BNB: 674.1 (2.65%)
[价格] XRP: 1.453 (3.33%)
[价格] SOL: 92.41 (5.08%)
[BTC126] 1h爆仓: 708.73万$
[BTC126] 24h爆仓: 10914.37万$
[BTC126] 24h爆仓人数: 5.36万人
[BTC126] 全网持仓: 62.22亿$
[计算] 恐惧贪婪指数 = 5.36万人 / 62.22亿$ = 0.09
[保存] 恐惧贪婪指数: 0.09 (级别: medium)
[爆仓] 1h: 708.73万$ | 24h: 10914.37万$
[数据] 24h爆仓人数: 5.36万人 | 全网持仓: 62.22亿$
[公式] 恐惧贪婪指数 = 5.36万人 / 62.22亿$ = 0.09
[来源] btc126.com 真实数据
[等待] 下次采集: 3分钟后

[2026-03-16 08:15:27] 开始采集恐慌指数...
[价格] BTC: 72718.9 (2.28%)
[价格] ETH: 2174.86 (3.9%)
[价格] BNB: 673.9 (2.54%)
[价格] XRP: 1.4505 (3.07%)
[价格] SOL: 92.39 (4.99%)
[BTC126] 1h爆仓: 713.93万$
[BTC126] 24h爆仓: 10922.01万$
[BTC126] 24h爆仓人数: 5.37万人
[BTC126] 全网持仓: 62.2亿$
[计算] 恐惧贪婪指数 = 5.37万人 / 62.2亿$ = 0.09
[保存] 恐惧贪婪指数: 0.09 (级别: medium)
[爆仓] 1h: 713.93万$ | 24h: 10922.01万$
[数据] 24h爆仓人数: 5.37万人 | 全网持仓: 62.2亿$
[公式] 恐惧贪婪指数 = 5.37万人 / 62.2亿$ = 0.09
[来源] btc126.com 真实数据
[等待] 下次采集: 3分钟后

[2026-03-16 08:18:33] 开始采集恐慌指数...
[价格] BTC: 72780.9 (2.38%)
[价格] ETH: 2177.54 (4.05%)
[价格] BNB: 674.2 (2.65%)
[价格] XRP: 1.4536 (3.28%)
[价格] SOL: 92.53 (5.14%)
[BTC126] 1h爆仓: 667.01万$
[BTC126] 24h爆仓: 10925.61万$
[BTC126] 24h爆仓人数: 5.37万人
[BTC126] 全网持仓: 62.27亿$
[计算] 恐惧贪婪指数 = 5.37万人 / 62.27亿$ = 0.09
[保存] 恐惧贪婪指数: 0.09 (级别: medium)
[爆仓] 1h: 667.01万$ | 24h: 10925.61万$
[数据] 24h爆仓人数: 5.37万人 | 全网持仓: 62.27亿$
[公式] 恐惧贪婪指数 = 5.37万人 / 62.27亿$ = 0.09
[来源] btc126.com 真实数据
[等待] 下次采集: 3分钟后

[2026-03-16 08:21:36] 开始采集恐慌指数...
[价格] BTC: 72626.8 (2.28%)
[价格] ETH: 2171.8 (3.91%)
[价格] BNB: 673.2 (2.56%)
[价格] XRP: 1.4506 (3.22%)
[价格] SOL: 92.17 (4.85%)
[BTC126] 1h爆仓: 649.09万$
[BTC126] 24h爆仓: 10935.7万$
[BTC126] 24h爆仓人数: 5.38万人
[BTC126] 全网持仓: 62.16亿$
[计算] 恐惧贪婪指数 = 5.38万人 / 62.16亿$ = 0.09
[保存] 恐惧贪婪指数: 0.09 (级别: medium)
[爆仓] 1h: 649.09万$ | 24h: 10935.7万$
[数据] 24h爆仓人数: 5.38万人 | 全网持仓: 62.16亿$
[公式] 恐惧贪婪指数 = 5.38万人 / 62.16亿$ = 0.09
[来源] btc126.com 真实数据
[等待] 下次采集: 3分钟后

[2026-03-16 08:24:42] 开始采集恐慌指数...
[价格] BTC: 72552.9 (2.06%)
[价格] ETH: 2171.05 (3.79%)
[价格] BNB: 672.3 (2.38%)
[价格] XRP: 1.4494 (3.03%)
[价格] SOL: 92.1 (4.71%)
[BTC126] 1h爆仓: 371.61万$
[BTC126] 24h爆仓: 10936.14万$
[BTC126] 24h爆仓人数: 5.38万人
[BTC126] 全网持仓: 62.09亿$
[计算] 恐惧贪婪指数 = 5.38万人 / 62.09亿$ = 0.09
[保存] 恐惧贪婪指数: 0.09 (级别: medium)
[爆仓] 1h: 371.61万$ | 24h: 10936.14万$
[数据] 24h爆仓人数: 5.38万人 | 全网持仓: 62.09亿$
[公式] 恐惧贪婪指数 = 5.38万人 / 62.09亿$ = 0.09
[来源] btc126.com 真实数据
[等待] 下次采集: 3分钟后

[2026-03-16 08:27:50] 开始采集恐慌指数...
[价格] BTC: 72510.9 (1.93%)
[价格] ETH: 2169.0 (3.73%)
[价格] BNB: 672.1 (2.33%)
[价格] XRP: 1.4492 (2.96%)
[价格] SOL: 92.09 (4.58%)
[BTC126] 1h爆仓: 385.43万$
[BTC126] 24h爆仓: 10952.88万$
[BTC126] 24h爆仓人数: 5.38万人
[BTC126] 全网持仓: 62.03亿$
[计算] 恐惧贪婪指数 = 5.38万人 / 62.03亿$ = 0.09
[保存] 恐惧贪婪指数: 0.09 (级别: medium)
[爆仓] 1h: 385.43万$ | 24h: 10952.88万$
[数据] 24h爆仓人数: 5.38万人 | 全网持仓: 62.03亿$
[公式] 恐惧贪婪指数 = 5.38万人 / 62.03亿$ = 0.09
[来源] btc126.com 真实数据
[等待] 下次采集: 3分钟后

[2026-03-16 08:30:57] 开始采集恐慌指数...
[价格] BTC: 72506.0 (1.98%)
[价格] ETH: 2167.34 (3.67%)
[价格] BNB: 671.8 (2.28%)
[价格] XRP: 1.4466 (2.79%)
[价格] SOL: 92.01 (4.57%)
[BTC126] 1h爆仓: 384.15万$
[BTC126] 24h爆仓: 10970.92万$
[BTC126] 24h爆仓人数: 5.38万人
[BTC126] 全网持仓: 62.04亿$
[计算] 恐惧贪婪指数 = 5.38万人 / 62.04亿$ = 0.09
[保存] 恐惧贪婪指数: 0.09 (级别: medium)
[爆仓] 1h: 384.15万$ | 24h: 10970.92万$
[数据] 24h爆仓人数: 5.38万人 | 全网持仓: 62.04亿$
[公式] 恐惧贪婪指数 = 5.38万人 / 62.04亿$ = 0.09
[来源] btc126.com 真实数据
[等待] 下次采集: 3分钟后

[2026-03-16 08:34:03] 开始采集恐慌指数...
[价格] BTC: 72556.0 (2.12%)
[价格] ETH: 2169.36 (3.82%)
[价格] BNB: 671.9 (2.36%)
[价格] XRP: 1.4473 (2.97%)
[价格] SOL: 92.09 (4.73%)
[BTC126] 1h爆仓: 362.04万$
[BTC126] 24h爆仓: 10971.2万$
[BTC126] 24h爆仓人数: 5.38万人
[BTC126] 全网持仓: 62.06亿$
[计算] 恐惧贪婪指数 = 5.38万人 / 62.06亿$ = 0.09
[保存] 恐惧贪婪指数: 0.09 (级别: medium)
[爆仓] 1h: 362.04万$ | 24h: 10971.2万$
[数据] 24h爆仓人数: 5.38万人 | 全网持仓: 62.06亿$
[公式] 恐惧贪婪指数 = 5.38万人 / 62.06亿$ = 0.09
[来源] btc126.com 真实数据
[等待] 下次采集: 3分钟后

[2026-03-16 08:37:08] 开始采集恐慌指数...
[价格] BTC: 72658.1 (2.31%)
[价格] ETH: 2172.36 (3.96%)
[价格] BNB: 672.5 (2.48%)
[价格] XRP: 1.4494 (3.19%)
[价格] SOL: 92.29 (4.98%)
[BTC126] 1h爆仓: 363.39万$
[BTC126] 24h爆仓: 10958.25万$
[BTC126] 24h爆仓人数: 5.38万人
[BTC126] 全网持仓: 62.16亿$
[计算] 恐惧贪婪指数 = 5.38万人 / 62.16亿$ = 0.09
[保存] 恐惧贪婪指数: 0.09 (级别: medium)
[爆仓] 1h: 363.39万$ | 24h: 10958.25万$
[数据] 24h爆仓人数: 5.38万人 | 全网持仓: 62.16亿$
[公式] 恐惧贪婪指数 = 5.38万人 / 62.16亿$ = 0.09
[来源] btc126.com 真实数据
[等待] 下次采集: 3分钟后

[2026-03-16 08:40:11] 开始采集恐慌指数...
[价格] BTC: 72538.1 (2.04%)
[价格] ETH: 2169.15 (3.75%)
[价格] BNB: 671.7 (2.33%)
[价格] XRP: 1.4466 (2.98%)
[价格] SOL: 92.06 (4.61%)
[BTC126] 1h爆仓: 359.21万$
[BTC126] 24h爆仓: 10937.82万$
[BTC126] 24h爆仓人数: 5.36万人
[BTC126] 全网持仓: 62.06亿$
[计算] 恐惧贪婪指数 = 5.36万人 / 62.06亿$ = 0.09
[保存] 恐惧贪婪指数: 0.09 (级别: medium)
[爆仓] 1h: 359.21万$ | 24h: 10937.82万$
[数据] 24h爆仓人数: 5.36万人 | 全网持仓: 62.06亿$
[公式] 恐惧贪婪指数 = 5.36万人 / 62.06亿$ = 0.09
[来源] btc126.com 真实数据
[等待] 下次采集: 3分钟后

[2026-03-16 08:43:16] 开始采集恐慌指数...
[价格] BTC: 72552.1 (2.09%)
[价格] ETH: 2170.36 (3.79%)
[价格] BNB: 671.8 (2.33%)
[价格] XRP: 1.4467 (3.05%)
[价格] SOL: 92.06 (4.63%)
[BTC126] 1h爆仓: 369.19万$
[BTC126] 24h爆仓: 10946.96万$
[BTC126] 24h爆仓人数: 5.36万人
[BTC126] 全网持仓: 62.03亿$
[计算] 恐惧贪婪指数 = 5.36万人 / 62.03亿$ = 0.09
[保存] 恐惧贪婪指数: 0.09 (级别: medium)
[爆仓] 1h: 369.19万$ | 24h: 10946.96万$
[数据] 24h爆仓人数: 5.36万人 | 全网持仓: 62.03亿$
[公式] 恐惧贪婪指数 = 5.36万人 / 62.03亿$ = 0.09
[来源] btc126.com 真实数据
[等待] 下次采集: 3分钟后

[2026-03-16 08:46:22] 开始采集恐慌指数...
[价格] BTC: 72542.0 (2.12%)
[价格] ETH: 2170.77 (3.91%)
[价格] BNB: 671.8 (2.42%)
[价格] XRP: 1.4453 (2.99%)
[价格] SOL: 92.16 (4.91%)
[BTC126] 1h爆仓: 307.95万$
[BTC126] 24h爆仓: 10953.9万$
[BTC126] 24h爆仓人数: 5.36万人
[BTC126] 全网持仓: 62.03亿$
[计算] 恐惧贪婪指数 = 5.36万人 / 62.03亿$ = 0.09
[保存] 恐惧贪婪指数: 0.09 (级别: medium)
[爆仓] 1h: 307.95万$ | 24h: 10953.9万$
[数据] 24h爆仓人数: 5.36万人 | 全网持仓: 62.03亿$
[公式] 恐惧贪婪指数 = 5.36万人 / 62.03亿$ = 0.09
[来源] btc126.com 真实数据
[等待] 下次采集: 3分钟后

[2026-03-16 08:49:27] 开始采集恐慌指数...
[价格] BTC: 72595.1 (2.28%)
[价格] ETH: 2172.5 (4.08%)
[价格] BNB: 672.3 (2.5%)
[价格] XRP: 1.4474 (3.18%)
[价格] SOL: 92.15 (5.05%)
[BTC126] 1h爆仓: 311.33万$
[BTC126] 24h爆仓: 10946.71万$
[BTC126] 24h爆仓人数: 5.36万人
[BTC126] 全网持仓: 62.08亿$
[计算] 恐惧贪婪指数 = 5.36万人 / 62.08亿$ = 0.09
[保存] 恐惧贪婪指数: 0.09 (级别: medium)
[爆仓] 1h: 311.33万$ | 24h: 10946.71万$
[数据] 24h爆仓人数: 5.36万人 | 全网持仓: 62.08亿$
[公式] 恐惧贪婪指数 = 5.36万人 / 62.08亿$ = 0.09
[来源] btc126.com 真实数据
[等待] 下次采集: 3分钟后

[2026-03-16 08:52:41] 开始采集恐慌指数...
[价格] BTC: 72598.2 (2.25%)
[价格] ETH: 2172.73 (4.06%)
[价格] BNB: 672.5 (2.55%)
[价格] XRP: 1.4469 (3.09%)
[价格] SOL: 92.1 (4.97%)
[BTC126] 1h爆仓: 318.92万$
[BTC126] 24h爆仓: 10953.16万$
[BTC126] 24h爆仓人数: 5.36万人
[BTC126] 全网持仓: 62.06亿$
[计算] 恐惧贪婪指数 = 5.36万人 / 62.06亿$ = 0.09
[保存] 恐惧贪婪指数: 0.09 (级别: medium)
[爆仓] 1h: 318.92万$ | 24h: 10953.16万$
[数据] 24h爆仓人数: 5.36万人 | 全网持仓: 62.06亿$
[公式] 恐惧贪婪指数 = 5.36万人 / 62.06亿$ = 0.09
[来源] btc126.com 真实数据
[等待] 下次采集: 3分钟后

[2026-03-16 08:55:46] 开始采集恐慌指数...
[价格] BTC: 72578.1 (2.24%)
[价格] ETH: 2171.74 (4.03%)
[价格] BNB: 672.1 (2.5%)
[价格] XRP: 1.4462 (2.98%)
[价格] SOL: 92.08 (4.98%)
[BTC126] 1h爆仓: 320.16万$
[BTC126] 24h爆仓: 10953.26万$
[BTC126] 24h爆仓人数: 5.36万人
[BTC126] 全网持仓: 62.0亿$
[计算] 恐惧贪婪指数 = 5.36万人 / 62.0亿$ = 0.09
[保存] 恐惧贪婪指数: 0.09 (级别: medium)
[爆仓] 1h: 320.16万$ | 24h: 10953.26万$
[数据] 24h爆仓人数: 5.36万人 | 全网持仓: 62.0亿$
[公式] 恐惧贪婪指数 = 5.36万人 / 62.0亿$ = 0.09
[来源] btc126.com 真实数据
[等待] 下次采集: 3分钟后

[2026-03-16 08:58:50] 开始采集恐慌指数...
[价格] BTC: 72524.0 (2.15%)
[价格] ETH: 2170.88 (3.95%)
[价格] BNB: 671.8 (2.41%)
[价格] XRP: 1.4472 (3.01%)
[价格] SOL: 92.03 (4.85%)
[BTC126] 1h爆仓: 319.89万$
[BTC126] 24h爆仓: 10953.81万$
[BTC126] 24h爆仓人数: 5.36万人
[BTC126] 全网持仓: 61.97亿$
[计算] 恐惧贪婪指数 = 5.36万人 / 61.97亿$ = 0.09
[保存] 恐惧贪婪指数: 0.09 (级别: medium)
[爆仓] 1h: 319.89万$ | 24h: 10953.81万$
[数据] 24h爆仓人数: 5.36万人 | 全网持仓: 61.97亿$
[公式] 恐惧贪婪指数 = 5.36万人 / 61.97亿$ = 0.09
[来源] btc126.com 真实数据
[等待] 下次采集: 3分钟后

[2026-03-16 09:01:56] 开始采集恐慌指数...
[价格] BTC: 72573.1 (2.21%)
[价格] ETH: 2172.41 (4.06%)
[价格] BNB: 673.0 (2.61%)
[价格] XRP: 1.4497 (3.11%)
[价格] SOL: 92.06 (4.89%)
[BTC126] 1h爆仓: 281.96万$
[BTC126] 24h爆仓: 10949.24万$
[BTC126] 24h爆仓人数: 5.36万人
[BTC126] 全网持仓: 61.99亿$
[计算] 恐惧贪婪指数 = 5.36万人 / 61.99亿$ = 0.09
[保存] 恐惧贪婪指数: 0.09 (级别: medium)
[爆仓] 1h: 281.96万$ | 24h: 10949.24万$
[数据] 24h爆仓人数: 5.36万人 | 全网持仓: 61.99亿$
[公式] 恐惧贪婪指数 = 5.36万人 / 61.99亿$ = 0.09
[来源] btc126.com 真实数据
[等待] 下次采集: 3分钟后

[2026-03-16 09:05:01] 开始采集恐慌指数...
[价格] BTC: 72409.0 (1.96%)
[价格] ETH: 2168.66 (3.83%)
[价格] BNB: 671.4 (2.36%)
[价格] XRP: 1.4436 (2.67%)
[价格] SOL: 91.76 (4.47%)
[BTC126] 1h爆仓: 219.88万$
[BTC126] 24h爆仓: 10969.67万$
[BTC126] 24h爆仓人数: 5.35万人
[BTC126] 全网持仓: 61.83亿$
[计算] 恐惧贪婪指数 = 5.35万人 / 61.83亿$ = 0.09
[保存] 恐惧贪婪指数: 0.09 (级别: medium)
[爆仓] 1h: 219.88万$ | 24h: 10969.67万$
[数据] 24h爆仓人数: 5.35万人 | 全网持仓: 61.83亿$
[公式] 恐惧贪婪指数 = 5.35万人 / 61.83亿$ = 0.09
[来源] btc126.com 真实数据
[等待] 下次采集: 3分钟后

[2026-03-16 09:08:09] 开始采集恐慌指数...
[价格] BTC: 72405.7 (2.01%)
[价格] ETH: 2168.8 (3.87%)
[价格] BNB: 671.2 (2.4%)
[价格] XRP: 1.4452 (2.8%)
[价格] SOL: 91.83 (4.61%)
[BTC126] 1h爆仓: 202.86万$
[BTC126] 24h爆仓: 10970.47万$
[BTC126] 24h爆仓人数: 5.35万人
[BTC126] 全网持仓: 61.82亿$
[计算] 恐惧贪婪指数 = 5.35万人 / 61.82亿$ = 0.09
[保存] 恐惧贪婪指数: 0.09 (级别: medium)
[爆仓] 1h: 202.86万$ | 24h: 10970.47万$
[数据] 24h爆仓人数: 5.35万人 | 全网持仓: 61.82亿$
[公式] 恐惧贪婪指数 = 5.35万人 / 61.82亿$ = 0.09
[来源] btc126.com 真实数据
[等待] 下次采集: 3分钟后

[2026-03-16 09:11:16] 开始采集恐慌指数...
[价格] BTC: 72456.0 (2.13%)
[价格] ETH: 2170.65 (4.04%)
[价格] BNB: 671.5 (2.5%)
[价格] XRP: 1.4439 (2.86%)
[价格] SOL: 91.99 (4.86%)
[BTC126] 1h爆仓: 225.92万$
[BTC126] 24h爆仓: 10972.78万$
[BTC126] 24h爆仓人数: 5.34万人
[BTC126] 全网持仓: 61.88亿$
[计算] 恐惧贪婪指数 = 5.34万人 / 61.88亿$ = 0.09
[保存] 恐惧贪婪指数: 0.09 (级别: medium)
[爆仓] 1h: 225.92万$ | 24h: 10972.78万$
[数据] 24h爆仓人数: 5.34万人 | 全网持仓: 61.88亿$
[公式] 恐惧贪婪指数 = 5.34万人 / 61.88亿$ = 0.09
[来源] btc126.com 真实数据
[等待] 下次采集: 3分钟后

[2026-03-16 09:14:42] 开始采集恐慌指数...
[价格] BTC: 72294.5 (1.9%)
[价格] ETH: 2165.84 (3.82%)
[价格] BNB: 670.3 (2.34%)
[价格] XRP: 1.4409 (2.66%)
[价格] SOL: 91.57 (4.31%)
[BTC126] 1h爆仓: 286.97万$
[BTC126] 24h爆仓: 11029.08万$
[BTC126] 24h爆仓人数: 5.34万人
[BTC126] 全网持仓: 61.75亿$
[计算] 恐惧贪婪指数 = 5.34万人 / 61.75亿$ = 0.09
[保存] 恐惧贪婪指数: 0.09 (级别: medium)
[爆仓] 1h: 286.97万$ | 24h: 11029.08万$
[数据] 24h爆仓人数: 5.34万人 | 全网持仓: 61.75亿$
[公式] 恐惧贪婪指数 = 5.34万人 / 61.75亿$ = 0.09
[来源] btc126.com 真实数据
[等待] 下次采集: 3分钟后

[2026-03-16 09:17:51] 开始采集恐慌指数...
[价格] BTC: 72358.6 (1.94%)
[价格] ETH: 2166.64 (3.79%)
[价格] BNB: 670.7 (2.35%)
[价格] XRP: 1.4408 (2.61%)
[价格] SOL: 91.55 (4.16%)
[BTC126] 1h爆仓: 344.67万$
[BTC126] 24h爆仓: 11091.26万$
[BTC126] 24h爆仓人数: 5.36万人
[BTC126] 全网持仓: 61.77亿$
[计算] 恐惧贪婪指数 = 5.36万人 / 61.77亿$ = 0.09
[保存] 恐惧贪婪指数: 0.09 (级别: medium)
[爆仓] 1h: 344.67万$ | 24h: 11091.26万$
[数据] 24h爆仓人数: 5.36万人 | 全网持仓: 61.77亿$
[公式] 恐惧贪婪指数 = 5.36万人 / 61.77亿$ = 0.09
[来源] btc126.com 真实数据
[等待] 下次采集: 3分钟后

[2026-03-16 09:20:57] 开始采集恐慌指数...
[价格] BTC: 72491.4 (2.12%)
[价格] ETH: 2174.08 (4.15%)
[价格] BNB: 672.3 (2.61%)
[价格] XRP: 1.4445 (2.89%)
[价格] SOL: 91.86 (4.53%)
[BTC126] 1h爆仓: 335.56万$
[BTC126] 24h爆仓: 11082.34万$
[BTC126] 24h爆仓人数: 5.35万人
[BTC126] 全网持仓: 61.9亿$
[计算] 恐惧贪婪指数 = 5.35万人 / 61.9亿$ = 0.09
[保存] 恐惧贪婪指数: 0.09 (级别: medium)
[爆仓] 1h: 335.56万$ | 24h: 11082.34万$
[数据] 24h爆仓人数: 5.35万人 | 全网持仓: 61.9亿$
[公式] 恐惧贪婪指数 = 5.35万人 / 61.9亿$ = 0.09
[来源] btc126.com 真实数据
[等待] 下次采集: 3分钟后

[2026-03-16 09:24:02] 开始采集恐慌指数...
[价格] BTC: 72603.0 (2.35%)
[价格] ETH: 2178.93 (4.43%)
[价格] BNB: 674.1 (2.95%)
[价格] XRP: 1.4476 (3.13%)
[价格] SOL: 92.11 (4.93%)
[BTC126] 1h爆仓: 393.43万$
[BTC126] 24h爆仓: 11143.33万$
[BTC126] 24h爆仓人数: 5.37万人
[BTC126] 全网持仓: 61.99亿$
[计算] 恐惧贪婪指数 = 5.37万人 / 61.99亿$ = 0.09
[保存] 恐惧贪婪指数: 0.09 (级别: medium)
[爆仓] 1h: 393.43万$ | 24h: 11143.33万$
[数据] 24h爆仓人数: 5.37万人 | 全网持仓: 61.99亿$
[公式] 恐惧贪婪指数 = 5.37万人 / 61.99亿$ = 0.09
[来源] btc126.com 真实数据
[等待] 下次采集: 3分钟后

[2026-03-16 09:27:11] 开始采集恐慌指数...
[价格] BTC: 72661.3 (2.41%)
[价格] ETH: 2182.15 (4.57%)
[价格] BNB: 673.8 (2.89%)
[价格] XRP: 1.4465 (2.93%)
[价格] SOL: 92.08 (4.83%)
[BTC126] 1h爆仓: 388.06万$
[BTC126] 24h爆仓: 11144.62万$
[BTC126] 24h爆仓人数: 5.37万人
[BTC126] 全网持仓: 62.06亿$
[计算] 恐惧贪婪指数 = 5.37万人 / 62.06亿$ = 0.09
[保存] 恐惧贪婪指数: 0.09 (级别: medium)
[爆仓] 1h: 388.06万$ | 24h: 11144.62万$
[数据] 24h爆仓人数: 5.37万人 | 全网持仓: 62.06亿$
[公式] 恐惧贪婪指数 = 5.37万人 / 62.06亿$ = 0.09
[来源] btc126.com 真实数据
[等待] 下次采集: 3分钟后

[2026-03-16 09:30:16] 开始采集恐慌指数...
[价格] BTC: 72607.0 (2.39%)
[价格] ETH: 2178.17 (4.44%)
[价格] BNB: 672.9 (2.81%)
[价格] XRP: 1.4437 (2.81%)
[价格] SOL: 91.88 (4.64%)
[BTC126] 1h爆仓: 388.01万$
[BTC126] 24h爆仓: 11168.62万$
[BTC126] 24h爆仓人数: 5.37万人
[BTC126] 全网持仓: 62.04亿$
[计算] 恐惧贪婪指数 = 5.37万人 / 62.04亿$ = 0.09
[保存] 恐惧贪婪指数: 0.09 (级别: medium)
[爆仓] 1h: 388.01万$ | 24h: 11168.62万$
[数据] 24h爆仓人数: 5.37万人 | 全网持仓: 62.04亿$
[公式] 恐惧贪婪指数 = 5.37万人 / 62.04亿$ = 0.09
[来源] btc126.com 真实数据
[等待] 下次采集: 3分钟后

[2026-03-16 09:33:21] 开始采集恐慌指数...
[价格] BTC: 72506.1 (2.3%)
[价格] ETH: 2175.01 (4.38%)
[价格] BNB: 671.8 (2.66%)
[价格] XRP: 1.4405 (2.67%)
[价格] SOL: 91.61 (4.49%)
[BTC126] 1h爆仓: 399.03万$
[BTC126] 24h爆仓: 11168.23万$
[BTC126] 24h爆仓人数: 5.38万人
[BTC126] 全网持仓: 61.9亿$
[计算] 恐惧贪婪指数 = 5.38万人 / 61.9亿$ = 0.09
[保存] 恐惧贪婪指数: 0.09 (级别: medium)
[爆仓] 1h: 399.03万$ | 24h: 11168.23万$
[数据] 24h爆仓人数: 5.38万人 | 全网持仓: 61.9亿$
[公式] 恐惧贪婪指数 = 5.38万人 / 61.9亿$ = 0.09
[来源] btc126.com 真实数据
[等待] 下次采集: 3分钟后

[2026-03-16 09:36:31] 开始采集恐慌指数...
[价格] BTC: 72654.2 (2.45%)
[价格] ETH: 2180.38 (4.58%)
[价格] BNB: 673.3 (2.87%)
[价格] XRP: 1.4426 (2.82%)
[价格] SOL: 91.78 (4.63%)
[BTC126] 1h爆仓: 443.23万$
[BTC126] 24h爆仓: 11211.88万$
[BTC126] 24h爆仓人数: 5.39万人
[BTC126] 全网持仓: 62.03亿$
[计算] 恐惧贪婪指数 = 5.39万人 / 62.03亿$ = 0.09
[保存] 恐惧贪婪指数: 0.09 (级别: medium)
[爆仓] 1h: 443.23万$ | 24h: 11211.88万$
[数据] 24h爆仓人数: 5.39万人 | 全网持仓: 62.03亿$
[公式] 恐惧贪婪指数 = 5.39万人 / 62.03亿$ = 0.09
[来源] btc126.com 真实数据
[等待] 下次采集: 3分钟后

[2026-03-16 09:39:38] 开始采集恐慌指数...
[价格] BTC: 72617.1 (2.39%)
[价格] ETH: 2179.3 (4.52%)
[价格] BNB: 673.0 (2.81%)
[价格] XRP: 1.4434 (2.8%)
[价格] SOL: 91.73 (4.63%)
[BTC126] 1h爆仓: 467.53万$
[BTC126] 24h爆仓: 11225.77万$
[BTC126] 24h爆仓人数: 5.38万人
[BTC126] 全网持仓: 61.96亿$
[计算] 恐惧贪婪指数 = 5.38万人 / 61.96亿$ = 0.09
[保存] 恐惧贪婪指数: 0.09 (级别: medium)
[爆仓] 1h: 467.53万$ | 24h: 11225.77万$
[数据] 24h爆仓人数: 5.38万人 | 全网持仓: 61.96亿$
[公式] 恐惧贪婪指数 = 5.38万人 / 61.96亿$ = 0.09
[来源] btc126.com 真实数据
[等待] 下次采集: 3分钟后

[2026-03-16 09:42:52] 开始采集恐慌指数...
[价格] BTC: 72627.1 (2.39%)
[价格] ETH: 2180.41 (4.51%)
[价格] BNB: 673.1 (2.81%)
[价格] XRP: 1.4443 (2.9%)
[价格] SOL: 91.76 (4.72%)
[BTC126] 1h爆仓: 457.21万$
[BTC126] 24h爆仓: 11218.06万$
[BTC126] 24h爆仓人数: 5.38万人
[BTC126] 全网持仓: 62.01亿$
[计算] 恐惧贪婪指数 = 5.38万人 / 62.01亿$ = 0.09
[保存] 恐惧贪婪指数: 0.09 (级别: medium)
[爆仓] 1h: 457.21万$ | 24h: 11218.06万$
[数据] 24h爆仓人数: 5.38万人 | 全网持仓: 62.01亿$
[公式] 恐惧贪婪指数 = 5.38万人 / 62.01亿$ = 0.09
[来源] btc126.com 真实数据
[等待] 下次采集: 3分钟后

[2026-03-16 09:45:57] 开始采集恐慌指数...
[价格] BTC: 72611.0 (2.37%)
[价格] ETH: 2179.33 (4.44%)
[价格] BNB: 673.1 (2.79%)
[价格] XRP: 1.4434 (2.85%)
[价格] SOL: 91.72 (4.64%)
[BTC126] 1h爆仓: 514.13万$
[BTC126] 24h爆仓: 11280.87万$
[BTC126] 24h爆仓人数: 5.39万人
[BTC126] 全网持仓: 62.02亿$
[计算] 恐惧贪婪指数 = 5.39万人 / 62.02亿$ = 0.09
[保存] 恐惧贪婪指数: 0.09 (级别: medium)
[爆仓] 1h: 514.13万$ | 24h: 11280.87万$
[数据] 24h爆仓人数: 5.39万人 | 全网持仓: 62.02亿$
[公式] 恐惧贪婪指数 = 5.39万人 / 62.02亿$ = 0.09
[来源] btc126.com 真实数据
[等待] 下次采集: 3分钟后

[2026-03-16 09:49:02] 开始采集恐慌指数...
[价格] BTC: 72622.0 (2.37%)
[价格] ETH: 2178.85 (4.37%)
[价格] BNB: 673.6 (2.87%)
[价格] XRP: 1.4458 (3.0%)
[价格] SOL: 91.82 (4.76%)
[BTC126] 1h爆仓: 510.2万$
[BTC126] 24h爆仓: 11266.3万$
[BTC126] 24h爆仓人数: 5.39万人
[BTC126] 全网持仓: 62.04亿$
[计算] 恐惧贪婪指数 = 5.39万人 / 62.04亿$ = 0.09
[保存] 恐惧贪婪指数: 0.09 (级别: medium)
[爆仓] 1h: 510.2万$ | 24h: 11266.3万$
[数据] 24h爆仓人数: 5.39万人 | 全网持仓: 62.04亿$
[公式] 恐惧贪婪指数 = 5.39万人 / 62.04亿$ = 0.09
[来源] btc126.com 真实数据
[等待] 下次采集: 3分钟后

[2026-03-16 09:52:09] 开始采集恐慌指数...
[价格] BTC: 72703.2 (2.35%)
[价格] ETH: 2181.3 (4.33%)
[价格] BNB: 674.8 (2.94%)
[价格] XRP: 1.4476 (3.06%)
[价格] SOL: 91.89 (4.72%)
[BTC126] 1h爆仓: 512.44万$
[BTC126] 24h爆仓: 11276.57万$
[BTC126] 24h爆仓人数: 5.39万人
[BTC126] 全网持仓: 62.09亿$
[计算] 恐惧贪婪指数 = 5.39万人 / 62.09亿$ = 0.09
[保存] 恐惧贪婪指数: 0.09 (级别: medium)
[爆仓] 1h: 512.44万$ | 24h: 11276.57万$
[数据] 24h爆仓人数: 5.39万人 | 全网持仓: 62.09亿$
[公式] 恐惧贪婪指数 = 5.39万人 / 62.09亿$ = 0.09
[来源] btc126.com 真实数据
[等待] 下次采集: 3分钟后

[2026-03-16 09:55:20] 开始采集恐慌指数...
[价格] BTC: 72781.2 (2.52%)
[价格] ETH: 2187.39 (4.7%)
[价格] BNB: 676.4 (3.22%)
[价格] XRP: 1.4484 (3.1%)
[价格] SOL: 92.15 (5.07%)
[BTC126] 1h爆仓: 512.44万$
[BTC126] 24h爆仓: 11276.57万$
[BTC126] 24h爆仓人数: 5.39万人
[BTC126] 全网持仓: 62.17亿$
[计算] 恐惧贪婪指数 = 5.39万人 / 62.17亿$ = 0.09
[保存] 恐惧贪婪指数: 0.09 (级别: medium)
[爆仓] 1h: 512.44万$ | 24h: 11276.57万$
[数据] 24h爆仓人数: 5.39万人 | 全网持仓: 62.17亿$
[公式] 恐惧贪婪指数 = 5.39万人 / 62.17亿$ = 0.09
[来源] btc126.com 真实数据
[等待] 下次采集: 3分钟后

[2026-03-16 09:58:25] 开始采集恐慌指数...
[价格] BTC: 72744.5 (2.43%)
[价格] ETH: 2186.11 (4.65%)
[价格] BNB: 676.1 (3.16%)
[价格] XRP: 1.4473 (2.97%)
[价格] SOL: 92.07 (4.95%)
[BTC126] 1h爆仓: 616.9万$
[BTC126] 24h爆仓: 11374.23万$
[BTC126] 24h爆仓人数: 5.43万人
[BTC126] 全网持仓: 62.15亿$
[计算] 恐惧贪婪指数 = 5.43万人 / 62.15亿$ = 0.09
[保存] 恐惧贪婪指数: 0.09 (级别: medium)
[爆仓] 1h: 616.9万$ | 24h: 11374.23万$
[数据] 24h爆仓人数: 5.43万人 | 全网持仓: 62.15亿$
[公式] 恐惧贪婪指数 = 5.43万人 / 62.15亿$ = 0.09
[来源] btc126.com 真实数据
[等待] 下次采集: 3分钟后

[2026-03-16 10:01:33] 开始采集恐慌指数...
[价格] BTC: 72760.0 (2.13%)
[价格] ETH: 2186.35 (4.31%)
[价格] BNB: 675.8 (2.83%)
[价格] XRP: 1.4472 (2.54%)
[价格] SOL: 92.1 (4.58%)
[BTC126] 1h爆仓: 613.83万$
[BTC126] 24h爆仓: 11365.39万$
[BTC126] 24h爆仓人数: 5.42万人
[BTC126] 全网持仓: 62.21亿$
[计算] 恐惧贪婪指数 = 5.42万人 / 62.21亿$ = 0.09
[保存] 恐惧贪婪指数: 0.09 (级别: medium)
[爆仓] 1h: 613.83万$ | 24h: 11365.39万$
[数据] 24h爆仓人数: 5.42万人 | 全网持仓: 62.21亿$
[公式] 恐惧贪婪指数 = 5.42万人 / 62.21亿$ = 0.09
[来源] btc126.com 真实数据
[等待] 下次采集: 3分钟后

[2026-03-16 10:04:38] 开始采集恐慌指数...
[价格] BTC: 72840.3 (2.31%)
[价格] ETH: 2187.75 (4.5%)
[价格] BNB: 676.7 (3.05%)
[价格] XRP: 1.4485 (2.63%)
[价格] SOL: 92.23 (4.83%)
[BTC126] 1h爆仓: 619.1万$
[BTC126] 24h爆仓: 11291.09万$
[BTC126] 24h爆仓人数: 5.39万人
[BTC126] 全网持仓: 62.3亿$
[计算] 恐惧贪婪指数 = 5.39万人 / 62.3亿$ = 0.09
[保存] 恐惧贪婪指数: 0.09 (级别: medium)
[爆仓] 1h: 619.1万$ | 24h: 11291.09万$
[数据] 24h爆仓人数: 5.39万人 | 全网持仓: 62.3亿$
[公式] 恐惧贪婪指数 = 5.39万人 / 62.3亿$ = 0.09
[来源] btc126.com 真实数据
[等待] 下次采集: 3分钟后

[2026-03-16 10:07:46] 开始采集恐慌指数...
[价格] BTC: 72782.1 (2.1%)
[价格] ETH: 2184.8 (4.23%)
[价格] BNB: 675.9 (2.86%)
[价格] XRP: 1.4473 (2.43%)
[价格] SOL: 92.14 (4.56%)
[BTC126] 1h爆仓: 594.45万$
[BTC126] 24h爆仓: 11292.11万$
[BTC126] 24h爆仓人数: 5.39万人
[BTC126] 全网持仓: 62.27亿$
[计算] 恐惧贪婪指数 = 5.39万人 / 62.27亿$ = 0.09
[保存] 恐惧贪婪指数: 0.09 (级别: medium)
[爆仓] 1h: 594.45万$ | 24h: 11292.11万$
[数据] 24h爆仓人数: 5.39万人 | 全网持仓: 62.27亿$
[公式] 恐惧贪婪指数 = 5.39万人 / 62.27亿$ = 0.09
[来源] btc126.com 真实数据
[等待] 下次采集: 3分钟后

[2026-03-16 10:10:55] 开始采集恐慌指数...
[价格] BTC: 72802.0 (2.17%)
[价格] ETH: 2184.45 (4.28%)
[价格] BNB: 675.4 (2.74%)
[价格] XRP: 1.4456 (2.23%)
[价格] SOL: 92.18 (4.61%)
[BTC126] 1h爆仓: 585.93万$
[BTC126] 24h爆仓: 11290.25万$
[BTC126] 24h爆仓人数: 5.38万人
[BTC126] 全网持仓: 62.33亿$
[计算] 恐惧贪婪指数 = 5.38万人 / 62.33亿$ = 0.09
[保存] 恐惧贪婪指数: 0.09 (级别: medium)
[爆仓] 1h: 585.93万$ | 24h: 11290.25万$
[数据] 24h爆仓人数: 5.38万人 | 全网持仓: 62.33亿$
[公式] 恐惧贪婪指数 = 5.38万人 / 62.33亿$ = 0.09
[来源] btc126.com 真实数据
[等待] 下次采集: 3分钟后

[2026-03-16 10:14:00] 开始采集恐慌指数...
[价格] BTC: 72691.9 (1.95%)
[价格] ETH: 2179.75 (3.99%)
[价格] BNB: 674.4 (2.52%)
[价格] XRP: 1.4434 (1.99%)
[价格] SOL: 92.06 (4.41%)
[BTC126] 1h爆仓: 552.52万$
[BTC126] 24h爆仓: 11290.63万$
[BTC126] 24h爆仓人数: 5.39万人
[BTC126] 全网持仓: 62.24亿$
[计算] 恐惧贪婪指数 = 5.39万人 / 62.24亿$ = 0.09
[保存] 恐惧贪婪指数: 0.09 (级别: medium)
[爆仓] 1h: 552.52万$ | 24h: 11290.63万$
[数据] 24h爆仓人数: 5.39万人 | 全网持仓: 62.24亿$
[公式] 恐惧贪婪指数 = 5.39万人 / 62.24亿$ = 0.09
[来源] btc126.com 真实数据
[等待] 下次采集: 3分钟后

[2026-03-16 10:17:07] 开始采集恐慌指数...
[价格] BTC: 72606.4 (1.85%)
[价格] ETH: 2177.7 (3.97%)
[价格] BNB: 673.7 (2.43%)
[价格] XRP: 1.4404 (1.78%)
[价格] SOL: 91.8 (4.16%)
[BTC126] 1h爆仓: 444.64万$
[BTC126] 24h爆仓: 11293.64万$
[BTC126] 24h爆仓人数: 5.39万人
[BTC126] 全网持仓: 62.17亿$
[计算] 恐惧贪婪指数 = 5.39万人 / 62.17亿$ = 0.09
[保存] 恐惧贪婪指数: 0.09 (级别: medium)
[爆仓] 1h: 444.64万$ | 24h: 11293.64万$
[数据] 24h爆仓人数: 5.39万人 | 全网持仓: 62.17亿$
[公式] 恐惧贪婪指数 = 5.39万人 / 62.17亿$ = 0.09
[来源] btc126.com 真实数据
[等待] 下次采集: 3分钟后

[2026-03-16 10:20:18] 开始采集恐慌指数...
[价格] BTC: 72542.0 (1.73%)
[价格] ETH: 2176.41 (3.88%)
[价格] BNB: 673.0 (2.26%)
[价格] XRP: 1.4394 (1.57%)
[价格] SOL: 91.71 (3.98%)
[BTC126] 1h爆仓: 448.38万$
[BTC126] 24h爆仓: 11304.71万$
[BTC126] 24h爆仓人数: 5.39万人
[BTC126] 全网持仓: 62.15亿$
[计算] 恐惧贪婪指数 = 5.39万人 / 62.15亿$ = 0.09
[保存] 恐惧贪婪指数: 0.09 (级别: medium)
[爆仓] 1h: 448.38万$ | 24h: 11304.71万$
[数据] 24h爆仓人数: 5.39万人 | 全网持仓: 62.15亿$
[公式] 恐惧贪婪指数 = 5.39万人 / 62.15亿$ = 0.09
[来源] btc126.com 真实数据
[等待] 下次采集: 3分钟后

[2026-03-16 10:23:22] 开始采集恐慌指数...
[价格] BTC: 72508.0 (1.77%)
[价格] ETH: 2176.36 (3.97%)
[价格] BNB: 672.7 (2.33%)
[价格] XRP: 1.4383 (1.65%)
[价格] SOL: 91.61 (3.94%)
[BTC126] 1h爆仓: 423.53万$
[BTC126] 24h爆仓: 11316.3万$
[BTC126] 24h爆仓人数: 5.4万人
[BTC126] 全网持仓: 62.2亿$
[计算] 恐惧贪婪指数 = 5.4万人 / 62.2亿$ = 0.09
[保存] 恐惧贪婪指数: 0.09 (级别: medium)
[爆仓] 1h: 423.53万$ | 24h: 11316.3万$
[数据] 24h爆仓人数: 5.4万人 | 全网持仓: 62.2亿$
[公式] 恐惧贪婪指数 = 5.4万人 / 62.2亿$ = 0.09
[来源] btc126.com 真实数据
[等待] 下次采集: 3分钟后

[2026-03-16 10:26:27] 开始采集恐慌指数...
[价格] BTC: 72434.6 (1.62%)
[价格] ETH: 2172.89 (3.75%)
[价格] BNB: 671.8 (2.16%)
[价格] XRP: 1.4372 (1.53%)
[价格] SOL: 91.31 (3.53%)
[BTC126] 1h爆仓: 420.5万$
[BTC126] 24h爆仓: 11343.16万$
[BTC126] 24h爆仓人数: 5.41万人
[BTC126] 全网持仓: 62.15亿$
[计算] 恐惧贪婪指数 = 5.41万人 / 62.15亿$ = 0.09
[保存] 恐惧贪婪指数: 0.09 (级别: medium)
[爆仓] 1h: 420.5万$ | 24h: 11343.16万$
[数据] 24h爆仓人数: 5.41万人 | 全网持仓: 62.15亿$
[公式] 恐惧贪婪指数 = 5.41万人 / 62.15亿$ = 0.09
[来源] btc126.com 真实数据
[等待] 下次采集: 3分钟后

[2026-03-16 10:29:32] 开始采集恐慌指数...
[价格] BTC: 72422.0 (1.62%)
[价格] ETH: 2172.38 (3.78%)
[价格] BNB: 671.2 (2.1%)
[价格] XRP: 1.436 (1.44%)
[价格] SOL: 91.27 (3.52%)
[BTC126] 1h爆仓: 430.09万$
[BTC126] 24h爆仓: 11384.98万$
[BTC126] 24h爆仓人数: 5.42万人
[BTC126] 全网持仓: 62.13亿$
[计算] 恐惧贪婪指数 = 5.42万人 / 62.13亿$ = 0.09
[保存] 恐惧贪婪指数: 0.09 (级别: medium)
[爆仓] 1h: 430.09万$ | 24h: 11384.98万$
[数据] 24h爆仓人数: 5.42万人 | 全网持仓: 62.13亿$
[公式] 恐惧贪婪指数 = 5.42万人 / 62.13亿$ = 0.09
[来源] btc126.com 真实数据
[等待] 下次采集: 3分钟后

[2026-03-16 10:32:37] 开始采集恐慌指数...
[价格] BTC: 72378.2 (1.63%)
[价格] ETH: 2171.13 (3.79%)
[价格] BNB: 671.0 (2.12%)
[价格] XRP: 1.4368 (1.62%)
[价格] SOL: 91.22 (3.6%)
[BTC126] 1h爆仓: 411.01万$
[BTC126] 24h爆仓: 11381.09万$
[BTC126] 24h爆仓人数: 5.42万人
[BTC126] 全网持仓: 62.08亿$
[计算] 恐惧贪婪指数 = 5.42万人 / 62.08亿$ = 0.09
[保存] 恐惧贪婪指数: 0.09 (级别: medium)
[爆仓] 1h: 411.01万$ | 24h: 11381.09万$
[数据] 24h爆仓人数: 5.42万人 | 全网持仓: 62.08亿$
[公式] 恐惧贪婪指数 = 5.42万人 / 62.08亿$ = 0.09
[来源] btc126.com 真实数据
[等待] 下次采集: 3分钟后

[2026-03-16 10:35:46] 开始采集恐慌指数...
[价格] BTC: 72405.1 (1.75%)
[价格] ETH: 2172.89 (3.95%)
[价格] BNB: 671.2 (2.19%)
[价格] XRP: 1.4376 (1.76%)
[价格] SOL: 91.33 (3.77%)
[BTC126] 1h爆仓: 341.17万$
[BTC126] 24h爆仓: 11392.69万$
[BTC126] 24h爆仓人数: 5.42万人
[BTC126] 全网持仓: 62.09亿$
[计算] 恐惧贪婪指数 = 5.42万人 / 62.09亿$ = 0.09
[保存] 恐惧贪婪指数: 0.09 (级别: medium)
[爆仓] 1h: 341.17万$ | 24h: 11392.69万$
[数据] 24h爆仓人数: 5.42万人 | 全网持仓: 62.09亿$
[公式] 恐惧贪婪指数 = 5.42万人 / 62.09亿$ = 0.09
[来源] btc126.com 真实数据
[等待] 下次采集: 3分钟后

[2026-03-16 10:38:53] 开始采集恐慌指数...
[价格] BTC: 72460.6 (1.68%)
[价格] ETH: 2176.46 (3.99%)
[价格] BNB: 671.8 (2.21%)
[价格] XRP: 1.4382 (1.76%)
[价格] SOL: 91.47 (3.92%)
[BTC126] 1h爆仓: 314.49万$
[BTC126] 24h爆仓: 11394.92万$
[BTC126] 24h爆仓人数: 5.42万人
[BTC126] 全网持仓: 62.17亿$
[计算] 恐惧贪婪指数 = 5.42万人 / 62.17亿$ = 0.09
[保存] 恐惧贪婪指数: 0.09 (级别: medium)
[爆仓] 1h: 314.49万$ | 24h: 11394.92万$
[数据] 24h爆仓人数: 5.42万人 | 全网持仓: 62.17亿$
[公式] 恐惧贪婪指数 = 5.42万人 / 62.17亿$ = 0.09
[来源] btc126.com 真实数据
[等待] 下次采集: 3分钟后

[2026-03-16 10:42:00] 开始采集恐慌指数...
[价格] BTC: 72427.9 (1.6%)
[价格] ETH: 2175.89 (3.89%)
[价格] BNB: 671.4 (2.11%)
[价格] XRP: 1.4375 (1.66%)
[价格] SOL: 91.36 (3.76%)
[BTC126] 1h爆仓: 309.79万$
[BTC126] 24h爆仓: 11409.24万$
[BTC126] 24h爆仓人数: 5.42万人
[BTC126] 全网持仓: 62.13亿$
[计算] 恐惧贪婪指数 = 5.42万人 / 62.13亿$ = 0.09
[保存] 恐惧贪婪指数: 0.09 (级别: medium)
[爆仓] 1h: 309.79万$ | 24h: 11409.24万$
[数据] 24h爆仓人数: 5.42万人 | 全网持仓: 62.13亿$
[公式] 恐惧贪婪指数 = 5.42万人 / 62.13亿$ = 0.09
[来源] btc126.com 真实数据
[等待] 下次采集: 3分钟后

[2026-03-16 10:45:09] 开始采集恐慌指数...
[价格] BTC: 72442.0 (1.48%)
[价格] ETH: 2176.31 (3.57%)
[价格] BNB: 671.9 (1.96%)
[价格] XRP: 1.4388 (1.5%)
[价格] SOL: 91.42 (3.51%)
[BTC126] 1h爆仓: 308.71万$
[BTC126] 24h爆仓: 11411.23万$
[BTC126] 24h爆仓人数: 5.42万人
[BTC126] 全网持仓: 62.15亿$
[计算] 恐惧贪婪指数 = 5.42万人 / 62.15亿$ = 0.09
[保存] 恐惧贪婪指数: 0.09 (级别: medium)
[爆仓] 1h: 308.71万$ | 24h: 11411.23万$
[数据] 24h爆仓人数: 5.42万人 | 全网持仓: 62.15亿$
[公式] 恐惧贪婪指数 = 5.42万人 / 62.15亿$ = 0.09
[来源] btc126.com 真实数据
[等待] 下次采集: 3分钟后

[2026-03-16 10:48:13] 开始采集恐慌指数...
[价格] BTC: 72464.4 (1.31%)
[价格] ETH: 2176.4 (3.32%)
[价格] BNB: 672.3 (1.86%)
[价格] XRP: 1.4402 (1.49%)
[价格] SOL: 91.56 (3.45%)
[BTC126] 1h爆仓: 307.28万$
[BTC126] 24h爆仓: 11289.97万$
[BTC126] 24h爆仓人数: 5.37万人
[BTC126] 全网持仓: 62.17亿$
[计算] 恐惧贪婪指数 = 5.37万人 / 62.17亿$ = 0.09
[保存] 恐惧贪婪指数: 0.09 (级别: medium)
[爆仓] 1h: 307.28万$ | 24h: 11289.97万$
[数据] 24h爆仓人数: 5.37万人 | 全网持仓: 62.17亿$
[公式] 恐惧贪婪指数 = 5.37万人 / 62.17亿$ = 0.09
[来源] btc126.com 真实数据
[等待] 下次采集: 3分钟后

[2026-03-16 10:51:17] 开始采集恐慌指数...
[价格] BTC: 72502.0 (1.54%)
[价格] ETH: 2178.26 (3.67%)
[价格] BNB: 672.7 (2.08%)
[价格] XRP: 1.4411 (1.86%)
[价格] SOL: 91.54 (3.68%)
[BTC126] 1h爆仓: 306.96万$
[BTC126] 24h爆仓: 11214.35万$
[BTC126] 24h爆仓人数: 5.35万人
[BTC126] 全网持仓: 62.21亿$
[计算] 恐惧贪婪指数 = 5.35万人 / 62.21亿$ = 0.09
[保存] 恐惧贪婪指数: 0.09 (级别: medium)
[爆仓] 1h: 306.96万$ | 24h: 11214.35万$
[数据] 24h爆仓人数: 5.35万人 | 全网持仓: 62.21亿$
[公式] 恐惧贪婪指数 = 5.35万人 / 62.21亿$ = 0.09
[来源] btc126.com 真实数据
[等待] 下次采集: 3分钟后

[2026-03-16 10:54:22] 开始采集恐慌指数...
[价格] BTC: 72522.0 (1.54%)
[价格] ETH: 2179.5 (3.68%)
[价格] BNB: 672.8 (2.06%)
[价格] XRP: 1.442 (1.86%)
[价格] SOL: 91.58 (3.73%)
[BTC126] 1h爆仓: 283.53万$
[BTC126] 24h爆仓: 11064.98万$
[BTC126] 24h爆仓人数: 5.31万人
[BTC126] 全网持仓: 62.23亿$
[计算] 恐惧贪婪指数 = 5.31万人 / 62.23亿$ = 0.09
[保存] 恐惧贪婪指数: 0.09 (级别: medium)
[爆仓] 1h: 283.53万$ | 24h: 11064.98万$
[数据] 24h爆仓人数: 5.31万人 | 全网持仓: 62.23亿$
[公式] 恐惧贪婪指数 = 5.31万人 / 62.23亿$ = 0.09
[来源] btc126.com 真实数据
[等待] 下次采集: 3分钟后

[2026-03-16 10:57:29] 开始采集恐慌指数...
[价格] BTC: 72599.9 (1.64%)
[价格] ETH: 2183.33 (3.92%)
[价格] BNB: 673.9 (2.25%)
[价格] XRP: 1.4454 (2.12%)
[价格] SOL: 91.6 (3.76%)
[BTC126] 1h爆仓: 202.04万$
[BTC126] 24h爆仓: 11076.66万$
[BTC126] 24h爆仓人数: 5.31万人
[BTC126] 全网持仓: 62.31亿$
[计算] 恐惧贪婪指数 = 5.31万人 / 62.31亿$ = 0.09
[保存] 恐惧贪婪指数: 0.09 (级别: medium)
[爆仓] 1h: 202.04万$ | 24h: 11076.66万$
[数据] 24h爆仓人数: 5.31万人 | 全网持仓: 62.31亿$
[公式] 恐惧贪婪指数 = 5.31万人 / 62.31亿$ = 0.09
[来源] btc126.com 真实数据
[等待] 下次采集: 3分钟后

[2026-03-16 11:00:33] 开始采集恐慌指数...
[价格] BTC: 72439.1 (1.3%)
[价格] ETH: 2177.78 (3.49%)
[价格] BNB: 672.4 (1.76%)
[价格] XRP: 1.4405 (1.49%)
[价格] SOL: 91.33 (3.31%)
[BTC126] 1h爆仓: 204.23万$
[BTC126] 24h爆仓: 11073.69万$
[BTC126] 24h爆仓人数: 5.31万人
[BTC126] 全网持仓: 62.19亿$
[计算] 恐惧贪婪指数 = 5.31万人 / 62.19亿$ = 0.09
[保存] 恐惧贪婪指数: 0.09 (级别: medium)
[爆仓] 1h: 204.23万$ | 24h: 11073.69万$
[数据] 24h爆仓人数: 5.31万人 | 全网持仓: 62.19亿$
[公式] 恐惧贪婪指数 = 5.31万人 / 62.19亿$ = 0.09
[来源] btc126.com 真实数据
[等待] 下次采集: 3分钟后

[2026-03-16 11:03:41] 开始采集恐慌指数...
[价格] BTC: 72503.0 (1.4%)
[价格] ETH: 2178.74 (3.57%)
[价格] BNB: 672.8 (1.88%)
[价格] XRP: 1.442 (1.64%)
[价格] SOL: 91.39 (3.44%)
[BTC126] 1h爆仓: 210.78万$
[BTC126] 24h爆仓: 11077.71万$
[BTC126] 24h爆仓人数: 5.31万人
[BTC126] 全网持仓: 62.25亿$
[计算] 恐惧贪婪指数 = 5.31万人 / 62.25亿$ = 0.09
[保存] 恐惧贪婪指数: 0.09 (级别: medium)
[爆仓] 1h: 210.78万$ | 24h: 11077.71万$
[数据] 24h爆仓人数: 5.31万人 | 全网持仓: 62.25亿$
[公式] 恐惧贪婪指数 = 5.31万人 / 62.25亿$ = 0.09
[来源] btc126.com 真实数据
[等待] 下次采集: 3分钟后

[2026-03-16 11:06:46] 开始采集恐慌指数...
[价格] BTC: 72535.7 (1.53%)
[价格] ETH: 2181.3 (3.75%)
[价格] BNB: 672.9 (2.0%)
[价格] XRP: 1.4425 (1.73%)
[价格] SOL: 91.41 (3.62%)
[BTC126] 1h爆仓: 209.43万$
[BTC126] 24h爆仓: 11068.84万$
[BTC126] 24h爆仓人数: 5.31万人
[BTC126] 全网持仓: 62.31亿$
[计算] 恐惧贪婪指数 = 5.31万人 / 62.31亿$ = 0.09
[保存] 恐惧贪婪指数: 0.09 (级别: medium)
[爆仓] 1h: 209.43万$ | 24h: 11068.84万$
[数据] 24h爆仓人数: 5.31万人 | 全网持仓: 62.31亿$
[公式] 恐惧贪婪指数 = 5.31万人 / 62.31亿$ = 0.09
[来源] btc126.com 真实数据
[等待] 下次采集: 3分钟后

[2026-03-16 11:09:51] 开始采集恐慌指数...
[价格] BTC: 72576.0 (1.57%)
[价格] ETH: 2183.72 (3.86%)
[价格] BNB: 673.4 (2.09%)
[价格] XRP: 1.445 (1.87%)
[价格] SOL: 91.56 (3.83%)
[BTC126] 1h爆仓: 203.41万$
[BTC126] 24h爆仓: 11066.16万$
[BTC126] 24h爆仓人数: 5.31万人
[BTC126] 全网持仓: 62.34亿$
[计算] 恐惧贪婪指数 = 5.31万人 / 62.34亿$ = 0.09
[保存] 恐惧贪婪指数: 0.09 (级别: medium)
[爆仓] 1h: 203.41万$ | 24h: 11066.16万$
[数据] 24h爆仓人数: 5.31万人 | 全网持仓: 62.34亿$
[公式] 恐惧贪婪指数 = 5.31万人 / 62.34亿$ = 0.09
[来源] btc126.com 真实数据
[等待] 下次采集: 3分钟后

[2026-03-16 11:12:57] 开始采集恐慌指数...
[价格] BTC: 72552.4 (1.53%)
[价格] ETH: 2182.99 (3.77%)
[价格] BNB: 673.0 (1.97%)
[价格] XRP: 1.445 (1.78%)
[价格] SOL: 91.58 (3.75%)
[BTC126] 1h爆仓: 210.01万$
[BTC126] 24h爆仓: 11073.98万$
[BTC126] 24h爆仓人数: 5.31万人
[BTC126] 全网持仓: 62.33亿$
[计算] 恐惧贪婪指数 = 5.31万人 / 62.33亿$ = 0.09
[保存] 恐惧贪婪指数: 0.09 (级别: medium)
[爆仓] 1h: 210.01万$ | 24h: 11073.98万$
[数据] 24h爆仓人数: 5.31万人 | 全网持仓: 62.33亿$
[公式] 恐惧贪婪指数 = 5.31万人 / 62.33亿$ = 0.09
[来源] btc126.com 真实数据
[等待] 下次采集: 3分钟后

[2026-03-16 11:16:02] 开始采集恐慌指数...
[价格] BTC: 72493.0 (1.53%)
[价格] ETH: 2181.1 (3.98%)
[价格] BNB: 672.6 (2.03%)
[价格] XRP: 1.4443 (1.91%)
[价格] SOL: 91.49 (3.84%)
[BTC126] 1h爆仓: 206.67万$
[BTC126] 24h爆仓: 11071.78万$
[BTC126] 24h爆仓人数: 5.31万人
[BTC126] 全网持仓: 62.3亿$
[计算] 恐惧贪婪指数 = 5.31万人 / 62.3亿$ = 0.09
[保存] 恐惧贪婪指数: 0.09 (级别: medium)
[爆仓] 1h: 206.67万$ | 24h: 11071.78万$
[数据] 24h爆仓人数: 5.31万人 | 全网持仓: 62.3亿$
[公式] 恐惧贪婪指数 = 5.31万人 / 62.3亿$ = 0.09
[来源] btc126.com 真实数据
[等待] 下次采集: 3分钟后

[2026-03-16 11:19:15] 开始采集恐慌指数...
[价格] BTC: 72607.7 (1.74%)
[价格] ETH: 2185.71 (4.2%)
[价格] BNB: 673.6 (2.2%)
[价格] XRP: 1.4455 (2.06%)
[价格] SOL: 91.63 (4.1%)
[BTC126] 1h爆仓: 184.52万$
[BTC126] 24h爆仓: 11071.58万$
[BTC126] 24h爆仓人数: 5.31万人
[错误] 获取BTC126持仓数据失败: HTTPSConnectionPool(host='api.btc126.com', port=443): Read timed out. (read timeout=10)
[计算] 恐惧贪婪指数 = 5.31万人 / 0亿$ = 0
[保存] 恐惧贪婪指数: 0 (级别: low)
[爆仓] 1h: 184.52万$ | 24h: 11071.58万$
[数据] 24h爆仓人数: 5.31万人 | 全网持仓: 0亿$
[公式] 恐惧贪婪指数 = 5.31万人 / 0亿$ = 0
[来源] btc126.com 真实数据
[等待] 下次采集: 3分钟后

[2026-03-16 11:22:29] 开始采集恐慌指数...
[价格] BTC: 72674.2 (1.84%)
[价格] ETH: 2193.9 (4.6%)
[价格] BNB: 675.2 (2.47%)
[价格] XRP: 1.4508 (2.49%)
[价格] SOL: 91.94 (4.43%)
[BTC126] 1h爆仓: 325.12万$
[BTC126] 24h爆仓: 11234.82万$
[BTC126] 24h爆仓人数: 5.34万人
[BTC126] 全网持仓: 62.42亿$
[计算] 恐惧贪婪指数 = 5.34万人 / 62.42亿$ = 0.09
[保存] 恐惧贪婪指数: 0.09 (级别: medium)
[爆仓] 1h: 325.12万$ | 24h: 11234.82万$
[数据] 24h爆仓人数: 5.34万人 | 全网持仓: 62.42亿$
[公式] 恐惧贪婪指数 = 5.34万人 / 62.42亿$ = 0.09
[来源] btc126.com 真实数据
[等待] 下次采集: 3分钟后

[2026-03-16 11:25:32] 开始采集恐慌指数...
[价格] BTC: 72825.1 (2.04%)
[价格] ETH: 2206.5 (5.25%)
[价格] BNB: 677.0 (2.76%)
[价格] XRP: 1.4527 (2.67%)
[价格] SOL: 92.21 (4.76%)
[BTC126] 1h爆仓: 538.43万$
[BTC126] 24h爆仓: 11416.17万$
[BTC126] 24h爆仓人数: 5.39万人
[BTC126] 全网持仓: 62.54亿$
[计算] 恐惧贪婪指数 = 5.39万人 / 62.54亿$ = 0.09
[保存] 恐惧贪婪指数: 0.09 (级别: medium)
[爆仓] 1h: 538.43万$ | 24h: 11416.17万$
[数据] 24h爆仓人数: 5.39万人 | 全网持仓: 62.54亿$
[公式] 恐惧贪婪指数 = 5.39万人 / 62.54亿$ = 0.09
[来源] btc126.com 真实数据
[等待] 下次采集: 3分钟后

[2026-03-16 11:28:42] 开始采集恐慌指数...
[价格] BTC: 72789.0 (2.05%)
[价格] ETH: 2200.49 (5.02%)
[价格] BNB: 676.2 (2.66%)
[价格] XRP: 1.4537 (2.77%)
[价格] SOL: 92.09 (4.75%)
[BTC126] 1h爆仓: 746.19万$
[BTC126] 24h爆仓: 11690.06万$
[BTC126] 24h爆仓人数: 5.44万人
[BTC126] 全网持仓: 62.53亿$
[计算] 恐惧贪婪指数 = 5.44万人 / 62.53亿$ = 0.09
[保存] 恐惧贪婪指数: 0.09 (级别: medium)
[爆仓] 1h: 746.19万$ | 24h: 11690.06万$
[数据] 24h爆仓人数: 5.44万人 | 全网持仓: 62.53亿$
[公式] 恐惧贪婪指数 = 5.44万人 / 62.53亿$ = 0.09
[来源] btc126.com 真实数据
[等待] 下次采集: 3分钟后

[2026-03-16 11:31:49] 开始采集恐慌指数...
[价格] BTC: 73150.0 (2.56%)
[价格] ETH: 2222.51 (6.0%)
[价格] BNB: 680.4 (3.28%)
[价格] XRP: 1.4622 (3.3%)
[价格] SOL: 92.91 (5.71%)
[BTC126] 1h爆仓: 1259.0万$
[BTC126] 24h爆仓: 12193.11万$
[BTC126] 24h爆仓人数: 5.53万人
[BTC126] 全网持仓: 62.82亿$
[计算] 恐惧贪婪指数 = 5.53万人 / 62.82亿$ = 0.09
[保存] 恐惧贪婪指数: 0.09 (级别: medium)
[爆仓] 1h: 1259.0万$ | 24h: 12193.11万$
[数据] 24h爆仓人数: 5.53万人 | 全网持仓: 62.82亿$
[公式] 恐惧贪婪指数 = 5.53万人 / 62.82亿$ = 0.09
[来源] btc126.com 真实数据
[等待] 下次采集: 3分钟后

[2026-03-16 11:34:56] 开始采集恐慌指数...
[价格] BTC: 73754.9 (3.32%)
[价格] ETH: 2246.17 (7.04%)
[价格] BNB: 684.9 (3.87%)
[价格] XRP: 1.4753 (4.2%)
[价格] SOL: 93.69 (6.59%)
[BTC126] 1h爆仓: 2811.71万$
[BTC126] 24h爆仓: 13735.55万$
[BTC126] 24h爆仓人数: 5.8万人
[BTC126] 全网持仓: 63.28亿$
[计算] 恐惧贪婪指数 = 5.8万人 / 63.28亿$ = 0.09
[保存] 恐惧贪婪指数: 0.09 (级别: medium)
[爆仓] 1h: 2811.71万$ | 24h: 13735.55万$
[数据] 24h爆仓人数: 5.8万人 | 全网持仓: 63.28亿$
[公式] 恐惧贪婪指数 = 5.8万人 / 63.28亿$ = 0.09
[来源] btc126.com 真实数据
[等待] 下次采集: 3分钟后

[2026-03-16 11:38:02] 开始采集恐慌指数...
[价格] BTC: 73944.0 (3.52%)
[价格] ETH: 2245.9 (7.01%)
[价格] BNB: 684.5 (3.78%)
[价格] XRP: 1.4774 (4.28%)
[价格] SOL: 93.72 (6.54%)
[BTC126] 1h爆仓: 4552.67万$
[BTC126] 24h爆仓: 15504.06万$
[BTC126] 24h爆仓人数: 5.95万人
[BTC126] 全网持仓: 65.35亿$
[计算] 恐惧贪婪指数 = 5.95万人 / 65.35亿$ = 0.09
[保存] 恐惧贪婪指数: 0.09 (级别: medium)
[爆仓] 1h: 4552.67万$ | 24h: 15504.06万$
[数据] 24h爆仓人数: 5.95万人 | 全网持仓: 65.35亿$
[公式] 恐惧贪婪指数 = 5.95万人 / 65.35亿$ = 0.09
[来源] btc126.com 真实数据
[等待] 下次采集: 3分钟后

[2026-03-16 11:41:11] 开始采集恐慌指数...
[价格] BTC: 73912.1 (3.6%)
[价格] ETH: 2240.95 (6.88%)
[价格] BNB: 683.5 (3.69%)
[价格] XRP: 1.4737 (4.17%)
[价格] SOL: 93.54 (6.49%)
[BTC126] 1h爆仓: 4715.17万$
[BTC126] 24h爆仓: 15685.6万$
[BTC126] 24h爆仓人数: 5.99万人
[BTC126] 全网持仓: 64.26亿$
[计算] 恐惧贪婪指数 = 5.99万人 / 64.26亿$ = 0.09
[保存] 恐惧贪婪指数: 0.09 (级别: medium)
[爆仓] 1h: 4715.17万$ | 24h: 15685.6万$
[数据] 24h爆仓人数: 5.99万人 | 全网持仓: 64.26亿$
[公式] 恐惧贪婪指数 = 5.99万人 / 64.26亿$ = 0.09
[来源] btc126.com 真实数据
[等待] 下次采集: 3分钟后

[2026-03-16 11:44:16] 开始采集恐慌指数...
[价格] BTC: 73759.8 (3.41%)
[价格] ETH: 2237.67 (6.79%)
[价格] BNB: 681.8 (3.49%)
[价格] XRP: 1.47 (3.97%)
[价格] SOL: 93.24 (6.18%)
[BTC126] 1h爆仓: 5340.76万$
[BTC126] 24h爆仓: 16309.93万$
[BTC126] 24h爆仓人数: 6.07万人
[BTC126] 全网持仓: 64.11亿$
[计算] 恐惧贪婪指数 = 6.07万人 / 64.11亿$ = 0.09
[保存] 恐惧贪婪指数: 0.09 (级别: medium)
[爆仓] 1h: 5340.76万$ | 24h: 16309.93万$
[数据] 24h爆仓人数: 6.07万人 | 全网持仓: 64.11亿$
[公式] 恐惧贪婪指数 = 6.07万人 / 64.11亿$ = 0.09
[来源] btc126.com 真实数据
[等待] 下次采集: 3分钟后

[2026-03-16 11:47:23] 开始采集恐慌指数...
[价格] BTC: 73710.8 (3.38%)
[价格] ETH: 2243.78 (7.14%)
[价格] BNB: 682.0 (3.6%)
[价格] XRP: 1.4712 (4.12%)
[价格] SOL: 93.43 (6.47%)
[BTC126] 1h爆仓: 5560.86万$
[BTC126] 24h爆仓: 16528.5万$
[BTC126] 24h爆仓人数: 6.1万人
[BTC126] 全网持仓: 63.88亿$
[计算] 恐惧贪婪指数 = 6.1万人 / 63.88亿$ = 0.1
[保存] 恐惧贪婪指数: 0.1 (级别: medium)
[爆仓] 1h: 5560.86万$ | 24h: 16528.5万$
[数据] 24h爆仓人数: 6.1万人 | 全网持仓: 63.88亿$
[公式] 恐惧贪婪指数 = 6.1万人 / 63.88亿$ = 0.1
[来源] btc126.com 真实数据
[等待] 下次采集: 3分钟后

[2026-03-16 11:50:27] 开始采集恐慌指数...
[价格] BTC: 73715.9 (3.39%)
[价格] ETH: 2236.12 (6.74%)
[价格] BNB: 681.4 (3.52%)
[价格] XRP: 1.4684 (3.94%)
[价格] SOL: 93.21 (6.23%)
[BTC126] 1h爆仓: 5646.97万$
[BTC126] 24h爆仓: 16603.17万$
[BTC126] 24h爆仓人数: 6.11万人
[BTC126] 全网持仓: 63.9亿$
[计算] 恐惧贪婪指数 = 6.11万人 / 63.9亿$ = 0.1
[保存] 恐惧贪婪指数: 0.1 (级别: medium)
[爆仓] 1h: 5646.97万$ | 24h: 16603.17万$
[数据] 24h爆仓人数: 6.11万人 | 全网持仓: 63.9亿$
[公式] 恐惧贪婪指数 = 6.11万人 / 63.9亿$ = 0.1
[来源] btc126.com 真实数据
[等待] 下次采集: 3分钟后

[2026-03-16 11:53:32] 开始采集恐慌指数...
[价格] BTC: 73699.9 (3.37%)
[价格] ETH: 2237.18 (6.79%)
[价格] BNB: 680.7 (3.39%)
[价格] XRP: 1.4679 (3.91%)
[BTC126] 1h爆仓: 5669.65万$
[BTC126] 24h爆仓: 16625.54万$
[BTC126] 24h爆仓人数: 6.12万人
[BTC126] 全网持仓: 63.73亿$
[计算] 恐惧贪婪指数 = 6.12万人 / 63.73亿$ = 0.1
[保存] 恐惧贪婪指数: 0.1 (级别: medium)
[爆仓] 1h: 5669.65万$ | 24h: 16625.54万$
[数据] 24h爆仓人数: 6.12万人 | 全网持仓: 63.73亿$
[公式] 恐惧贪婪指数 = 6.12万人 / 63.73亿$ = 0.1
[来源] btc126.com 真实数据
[等待] 下次采集: 3分钟后

[2026-03-16 11:56:38] 开始采集恐慌指数...
[价格] BTC: 73656.3 (3.28%)
[价格] ETH: 2236.09 (6.7%)
[价格] BNB: 680.4 (3.28%)
[价格] XRP: 1.4677 (3.86%)
[价格] SOL: 93.22 (6.17%)
[BTC126] 1h爆仓: 5670.27万$
[BTC126] 24h爆仓: 16624.06万$
[BTC126] 24h爆仓人数: 6.11万人
[BTC126] 全网持仓: 63.62亿$
[计算] 恐惧贪婪指数 = 6.11万人 / 63.62亿$ = 0.1
[保存] 恐惧贪婪指数: 0.1 (级别: medium)
[爆仓] 1h: 5670.27万$ | 24h: 16624.06万$
[数据] 24h爆仓人数: 6.11万人 | 全网持仓: 63.62亿$
[公式] 恐惧贪婪指数 = 6.11万人 / 63.62亿$ = 0.1
[来源] btc126.com 真实数据
[等待] 下次采集: 3分钟后

[2026-03-16 11:59:46] 开始采集恐慌指数...
[价格] BTC: 73593.6 (3.14%)
[价格] ETH: 2235.49 (6.64%)
[价格] BNB: 680.6 (3.28%)
[价格] XRP: 1.4676 (3.92%)
[价格] SOL: 93.14 (6.01%)
[BTC126] 1h爆仓: 5651.34万$
[BTC126] 24h爆仓: 16609.2万$
[BTC126] 24h爆仓人数: 6.1万人
[BTC126] 全网持仓: 63.55亿$
[计算] 恐惧贪婪指数 = 6.1万人 / 63.55亿$ = 0.1
[保存] 恐惧贪婪指数: 0.1 (级别: medium)
[爆仓] 1h: 5651.34万$ | 24h: 16609.2万$
[数据] 24h爆仓人数: 6.1万人 | 全网持仓: 63.55亿$
[公式] 恐惧贪婪指数 = 6.1万人 / 63.55亿$ = 0.1
[来源] btc126.com 真实数据
[等待] 下次采集: 3分钟后

[2026-03-16 12:02:51] 开始采集恐慌指数...
[价格] BTC: 73619.0 (3.16%)
[价格] ETH: 2239.46 (6.81%)
[价格] BNB: 681.6 (3.38%)
[价格] XRP: 1.4694 (3.99%)
[价格] SOL: 93.34 (6.16%)
[BTC126] 1h爆仓: 5647.43万$
[BTC126] 24h爆仓: 16609.02万$
[BTC126] 24h爆仓人数: 6.1万人
[BTC126] 全网持仓: 63.64亿$
[计算] 恐惧贪婪指数 = 6.1万人 / 63.64亿$ = 0.1
[保存] 恐惧贪婪指数: 0.1 (级别: medium)
[爆仓] 1h: 5647.43万$ | 24h: 16609.02万$
[数据] 24h爆仓人数: 6.1万人 | 全网持仓: 63.64亿$
[公式] 恐惧贪婪指数 = 6.1万人 / 63.64亿$ = 0.1
[来源] btc126.com 真实数据
[等待] 下次采集: 3分钟后

[2026-03-16 12:05:54] 开始采集恐慌指数...
[价格] BTC: 73762.0 (3.2%)
[价格] ETH: 2241.65 (6.74%)
[价格] BNB: 682.1 (3.36%)
[价格] XRP: 1.4734 (4.08%)
[价格] SOL: 93.43 (6.06%)
[BTC126] 1h爆仓: 5675.26万$
[BTC126] 24h爆仓: 16630.51万$
[BTC126] 24h爆仓人数: 6.1万人
[错误] 获取BTC126持仓数据失败: HTTPSConnectionPool(host='api.btc126.com', port=443): Read timed out. (read timeout=10)
[计算] 恐惧贪婪指数 = 6.1万人 / 0亿$ = 0
[保存] 恐惧贪婪指数: 0 (级别: low)
[爆仓] 1h: 5675.26万$ | 24h: 16630.51万$
[数据] 24h爆仓人数: 6.1万人 | 全网持仓: 0亿$
[公式] 恐惧贪婪指数 = 6.1万人 / 0亿$ = 0
[来源] btc126.com 真实数据
[等待] 下次采集: 3分钟后

[2026-03-16 12:09:07] 开始采集恐慌指数...
[价格] BTC: 73715.2 (2.97%)
[价格] ETH: 2242.16 (6.7%)
[价格] BNB: 682.4 (3.35%)
[价格] XRP: 1.4744 (4.03%)
[价格] SOL: 93.43 (5.98%)
[BTC126] 1h爆仓: 5735.8万$
[BTC126] 24h爆仓: 16608.26万$
[BTC126] 24h爆仓人数: 6.09万人
[BTC126] 全网持仓: 63.78亿$
[计算] 恐惧贪婪指数 = 6.09万人 / 63.78亿$ = 0.1
[保存] 恐惧贪婪指数: 0.1 (级别: medium)
[爆仓] 1h: 5735.8万$ | 24h: 16608.26万$
[数据] 24h爆仓人数: 6.09万人 | 全网持仓: 63.78亿$
[公式] 恐惧贪婪指数 = 6.09万人 / 63.78亿$ = 0.1
[来源] btc126.com 真实数据
[等待] 下次采集: 3分钟后

[2026-03-16 12:12:16] 开始采集恐慌指数...
[价格] BTC: 73620.0 (2.83%)
[价格] ETH: 2240.78 (6.59%)
[价格] BNB: 681.8 (3.24%)
[价格] XRP: 1.4722 (3.84%)
[价格] SOL: 93.25 (5.74%)
[BTC126] 1h爆仓: 5733.2万$
[BTC126] 24h爆仓: 16604.24万$
[BTC126] 24h爆仓人数: 6.09万人
[BTC126] 全网持仓: 63.61亿$
[计算] 恐惧贪婪指数 = 6.09万人 / 63.61亿$ = 0.1
[保存] 恐惧贪婪指数: 0.1 (级别: medium)
[爆仓] 1h: 5733.2万$ | 24h: 16604.24万$
[数据] 24h爆仓人数: 6.09万人 | 全网持仓: 63.61亿$
[公式] 恐惧贪婪指数 = 6.09万人 / 63.61亿$ = 0.1
[来源] btc126.com 真实数据
[等待] 下次采集: 3分钟后

[2026-03-16 12:15:20] 开始采集恐慌指数...
[价格] BTC: 73743.1 (3.0%)
[价格] ETH: 2247.23 (6.93%)
[价格] BNB: 683.8 (3.54%)
[价格] XRP: 1.4764 (4.16%)
[价格] SOL: 93.48 (5.99%)
[BTC126] 1h爆仓: 5733.74万$
[BTC126] 24h爆仓: 16572.23万$
[BTC126] 24h爆仓人数: 6.08万人
[BTC126] 全网持仓: 63.71亿$
[计算] 恐惧贪婪指数 = 6.08万人 / 63.71亿$ = 0.1
[保存] 恐惧贪婪指数: 0.1 (级别: medium)
[爆仓] 1h: 5733.74万$ | 24h: 16572.23万$
[数据] 24h爆仓人数: 6.08万人 | 全网持仓: 63.71亿$
[公式] 恐惧贪婪指数 = 6.08万人 / 63.71亿$ = 0.1
[来源] btc126.com 真实数据
[等待] 下次采集: 3分钟后
